t,num_objects,dist_min,dist_p10,dist_p50,dist_p90,rel_speed_p10,rel_speed_p50,rel_speed_p90,rel_speed_max,speed_p10,speed_p50,speed_p90,speed_max,size_p10,size_p50,size_p90,size_max
1787420322496,2.0,235.29482684497387,235.29482684497387,235.29482684497387,235.29482684497387,0.0,0.0,0.0,0.0,0.0,0.0,0.0,0.0,13133.500406557694,44520.5439252276,75907.5874438975,83754.34832356498
1787420323849,1.0,7777777.0,7777777.0,7777777.0,7777777.0,0.0,0.0,0.0,0.0,33.613968407765746,33.613968407765746,33.613968407765746,33.613968407765746,93938.43781869859,93938.43781869859,93938.43781869859,93938.43781869859
1787420323893,1.0,7777777.0,7777777.0,7777777.0,7777777.0,0.0,0.0,0.0,0.0,619.6158764869587,619.6158764869587,619.6158764869587,619.6158764869587,100820.9002353251,100820.9002353251,100820.9002353251,100820.9002353251
1787420323937,1.0,7777777.0,7777777.0,7777777.0,7777777.0,0.0,0.0,0.0,0.0,188.13987861415717,188.13987861415717,188.13987861415717,188.13987861415717,104182.99385039322,104182.99385039322,104182.99385039322,104182.99385039322
1787420323981,2.0,317.4078920219209,317.4078920219209,317.4078920219209,317.4078920219209,76.30163629318017,76.30163629318017,76.30163629318017,76.30163629318017,7.9848056336310655,38.42696390608869,68.86912217854632,76.47966174666072,15531.221891833935,56571.81326255994,97612.40463328594,107872.55247596744
1787420324024,2.0,317.75880206791135,317.75880206791135,317.75880206791135,317.75880206791135,16.224533038332293,16.224533038332293,16.224533038332293,16.224533038332293,2.549913030202593,9.001360405429427,15.452807780656261,17.06566962446297,15778.659442747572,57815.970845920034,99853.2822490925,110362.61009988561
1787420324066,2.0,318.3243595498193,318.3243595498193,318.3243595498193,318.3243595498193,43.762415236542274,43.762415236542274,43.762415236542274,43.762415236542274,8.485243201227387,22.598318668503666,36.71139413577994,40.23966300259901,16320.961024526507,60381.233811277896,104441.50659802929,115456.57479471713
1787420324111,2.0,318.1708300238658,318.1708300238658,318.1708300238658,318.1708300238658,15.72005276536474,15.72005276536474,15.72005276536474,15.72005276536474,3.0403191648520593,8.459521284295587,13.878723403739114,15.233523933599995,16643.66882959986,61954.011991188396,107264.35515277693,118591.94094317406
1787420324153,1.0,7777777.0,7777777.0,7777777.0,7777777.0,0.0,0.0,0.0,0.0,189.54310552804913,189.54310552804913,189.54310552804913,189.54310552804913,125532.97448296845,125532.97448296845,125532.97448296845,125532.97448296845
1787420324208,1.0,7777777.0,7777777.0,7777777.0,7777777.0,0.0,0.0,0.0,0.0,61.19732527980651,61.19732527980651,61.19732527980651,61.19732527980651,131544.64575591683,131544.64575591683,131544.64575591683,131544.64575591683
1787420324253,1.0,7777777.0,7777777.0,7777777.0,7777777.0,0.0,0.0,0.0,0.0,29.262784770441556,29.262784770441556,29.262784770441556,29.262784770441556,135034.81734880805,135034.81734880805,135034.81734880805,135034.81734880805
1787420324301,2.0,312.3627579892009,312.3627579892009,312.3627579892009,312.3627579892009,18.70055970770513,18.70055970770513,18.70055970770513,18.70055970770513,3.6238024200711787,10.850392517126817,18.076982614182455,19.883630138446364,18580.939496028608,71766.66654301528,124952.39359000196,138248.82535174862
1787420324348,2.0,312.2388257399399,312.2388257399399,312.2388257399399,312.2388257399399,7.134061887137676,7.134061887137676,7.134061887137676,7.134061887137676,1.4728328834512836,4.0444681283459225,6.616103373240561,7.259012184464221,18800.640356566662,72883.14406695915,126965.64777735165,140486.27370494977
1787420324394,2.0,312.0032990707666,312.0032990707666,312.0032990707666,312.0032990707666,18.39735547363186,18.39735547363186,18.39735547363186,18.39735547363186,3.2152497229940806,10.469553715979067,17.723857708964054,19.5374337072103,19118.210369662942,74498.65716903657,129879.1039684102,143724.2156682536
1787420324440,2.0,311.82118987929204,311.82118987929204,311.82118987929204,311.82118987929204,7.306183826736281,7.306183826736281,7.306183826736281,7.306183826736281,1.2352046230047313,4.141713097791523,7.048221572578314,7.774848691275012,19324.318085980416,75536.50428435206,131748.6904827237,145801.73703231663
1787420324483,2.0,310.1367505832123,310.1367505832123,310.1367505832123,310.1367505832123,44.438515597721064,44.438515597721064,44.438515597721064,44.438515597721064,5.363808136024738,23.137050638686706,40.910293141348674,45.353603767014164,19607.81551484121,76883.62851285702,134159.44151087283,148478.39476037677
1787420324544,2.0,309.54008190024007,309.54008190024007,309.54008190024007,309.54008190024007,9.800944040718965,9.800944040718965,9.800944040718965,9.800944040718965,3.0515200979935226,6.065349783273119,9.079179468552715,9.832636889872614,19781.901535597353,77717.16015105275,135652.41876650817,150136.233420372
1787420324590,2.0,309.2544854918875,309.2544854918875,309.2544854918875,309.2544854918875,6.272913553592321,6.272913553592321,6.272913553592321,6.272913553592321,1.6904499066224443,3.7653572319045874,5.84026455718673,6.358991388507266,19914.5779503759,78363.7002884876,136812.82262659929,151425.10321112722
1787420324635,2.0,308.96414992677285,308.96414992677285,308.96414992677285,308.96414992677285,11.264468652071894,11.264468652071894,11.264468652071894,11.264468652071894,4.02961623804066,6.828743264235969,9.627870290431279,10.327652046980106,20086.034474940785,79144.71873959992,138203.40300425905,152968.07407042384
1787420324679,2.0,308.812555780613,308.812555780613,308.812555780613,308.812555780613,4.647185995862767,4.647185995862767,4.647185995862767,4.647185995862767,1.6130493691783543,2.9249049665307467,4.23676056388314,4.564724463221237,20204.752625203226,79707.8512936947,139210.94996218616,154086.72462930903
1787420324719,2.0,308.3882119039368,308.3882119039368,308.3882119039368,308.3882119039368,10.672073102183326,10.672073102183326,10.672073102183326,10.672073102183326,2.472893438933328,5.4734656052411825,8.474037771549037,9.224180813126,20252.690778090342,79906.07758782571,139559.4643975611,154472.81109999493
1787420324761,2.0,308.19537915786043,308.19537915786043,308.19537915786043,308.19537915786043,4.670547774669405,4.670547774669405,4.670547774669405,4.670547774669405,0.9727957471059705,2.3923526598908014,3.8119095726756322,4.16679880087184,20313.95725197941,80207.94593787938,140101.93462377935,155075.43179525435
1787420324804,1.0,7777777.0,7777777.0,7777777.0,7777777.0,0.0,0.0,0.0,0.0,7.246768491401385,7.246768491401385,7.246768491401385,7.246768491401385,155250.9740122594,155250.9740122594,155250.9740122594,155250.9740122594
1787420324843,1.0,7777777.0,7777777.0,7777777.0,7777777.0,0.0,0.0,0.0,0.0,2.4226225686948046,2.4226225686948046,2.4226225686948046,2.4226225686948046,155718.07323336788,155718.07323336788,155718.07323336788,155718.07323336788
1787420324885,2.0,307.780038158107,307.780038158107,307.780038158107,307.780038158107,17.63267890969024,17.63267890969024,17.63267890969024,17.63267890969024,2.17899765399815,9.228102445892793,16.277207237787437,18.039483435761095,20474.636430390925,80948.82600730658,141423.01558422222,156541.56297845114
1787420324943,2.0,307.7085737432521,307.7085737432521,307.7085737432521,307.7085737432521,4.49621539374246,4.49621539374246,4.49621539374246,4.49621539374246,2.1521604165986448,3.028814748435139,3.905469080271633,4.124632663230757,20512.8611808585,81262.78605076019,142012.71092066186,157200.1921381373
1787420324987,2.0,307.6663075310479,307.6663075310479,307.6663075310479,307.6663075310479,2.3832302984729097,2.3832302984729097,2.3832302984729097,2.3832302984729097,1.3697422595386035,1.5924981609816116,1.8152540624246198,1.8709430377853717,20558.72361449422,81535.38990003103,142512.05618556784,157756.22275695205
1787420325037,2.0,307.8194256965187,307.8194256965187,307.8194256965187,307.8194256965187,4.626687248339555,4.626687248339555,4.626687248339555,4.626687248339555,2.778312200975986,3.2354547673586485,3.6925973337413107,3.8068829753369764,20630.98804396335,81909.31273189653,143187.6374198297,158507.218591813
1787420325079,2.0,307.8666572508289,307.8666572508289,307.8666572508289,307.8666572508289,1.7983655392676043,1.7983655392676043,1.7983655392676043,1.7983655392676043,1.23357379011639,1.3231748847796756,1.4127759794429613,1.4351762531087826,20684.290095777997,82177.27849655692,143670.26689733582,159043.51399753056
1787420325120,2.0,308.0009862737354,308.0009862737354,308.0009862737354,308.0009862737354,5.234261979139471,5.234261979139471,5.234261979139471,5.234261979139471,2.34268961117971,2.8199594085149804,3.297229205850251,3.4165466551840686,20743.155256610735,82427.61365620606,144112.07205580137,159533.1866557002
1787420325163,2.0,308.0423836525937,308.0423836525937,308.0423836525937,308.0423836525937,1.8684056424381497,1.8684056424381497,1.8684056424381497,1.8684056424381497,0.745568582744911,0.959113296590967,1.172658010437023,1.226044188898537,20785.399963590782,82619.32893862715,144453.25791366352,159911.7401574226
1787420325203,2.0,307.73189925703747,307.73189925703747,307.73189925703747,307.73189925703747,8.317879263448663,8.317879263448663,8.317879263448663,8.317879263448663,3.207099724887425,6.514444635265941,9.821789545644457,10.648625773239086,20808.87137332438,82703.28617219394,144597.70097106352,160071.3046707809
1787420325245,2.0,307.6067923502417,307.6067923502417,307.6067923502417,307.6067923502417,3.1374309743636943,3.1374309743636943,3.1374309743636943,3.1374309743636943,1.1562713939949516,2.4059247409036604,3.655578087812369,3.9679914245395462,20833.505370601826,82820.11792899948,144806.73048739712,160303.38362699654
1787420325287,2.0,307.55789679827444,307.55789679827444,307.55789679827444,307.55789679827444,1.2282961455606405,1.2282961455606405,1.2282961455606405,1.2282961455606405,3.108665290103886,3.423766730402978,3.7388681707020703,3.8176435307768433,20853.492199318483,82958.1314963568,145062.77079339512,160588.9306176547
1787420325340,2.0,307.60348914784345,307.60348914784345,307.60348914784345,307.60348914784345,0.9617898478327067,0.9617898478327067,0.9617898478327067,0.9617898478327067,2.247093136471166,2.6243078049689177,3.0015224734666694,3.0958261405911074,20930.44867831785,83304.16814497951,145677.88761164117,161271.3174783066
1787420325383,2.0,307.6169204068992,307.6169204068992,307.6169204068992,307.6169204068992,0.4139181336455647,0.4139181336455647,0.4139181336455647,0.4139181336455647,1.0372111878548387,1.1891433722088462,1.3410755565628538,1.3790586026513556,20969.200971229748,83490.18950922228,146011.1780472148,161641.42518171296
1787420325429,1.0,7777777.0,7777777.0,7777777.0,7777777.0,0.0,0.0,0.0,0.0,4.735075236529124,4.735075236529124,4.735075236529124,4.735075236529124,161402.1536937477,161402.1536937477,161402.1536937477,161402.1536937477
1787420325471,1.0,7777777.0,7777777.0,7777777.0,7777777.0,0.0,0.0,0.0,0.0,1.8730270951514325,1.8730270951514325,1.8730270951514325,1.8730270951514325,161417.99221025035,161417.99221025035,161417.99221025035,161417.99221025035
1787420325513,1.0,7777777.0,7777777.0,7777777.0,7777777.0,0.0,0.0,0.0,0.0,3.054132208241356,3.054132208241356,3.054132208241356,3.054132208241356,161641.496351704,161641.496351704,161641.496351704,161641.496351704
1787420325556,1.0,7777777.0,7777777.0,7777777.0,7777777.0,0.0,0.0,0.0,0.0,1.0277453259494316,1.0277453259494316,1.0277453259494316,1.0277453259494316,161823.3554156609,161823.3554156609,161823.3554156609,161823.3554156609
1787420325601,2.0,307.835599128578,307.835599128578,307.835599128578,307.835599128578,3.1679251390363583,3.1679251390363583,3.1679251390363583,3.1679251390363583,0.9575681398281688,2.0724796871255244,3.18739123442288,3.466119121247219,21072.237451772577,83837.04569867346,146601.85394557434,162293.05600729957
1787420325696,2.0,307.7894860800845,307.7894860800845,307.7894860800845,307.7894860800845,0.553303902096403,0.553303902096403,0.553303902096403,0.553303902096403,0.21511814344631414,0.40556071556716,0.5960032876880058,0.6436139307182173,21094.68417861974,83956.09295779793,146817.50173697612,162532.85393177066
1787420325794,2.0,307.5864683252664,307.5864683252664,307.5864683252664,307.5864683252664,3.0582337342639208,3.0582337342639208,3.0582337342639208,3.0582337342639208,0.8715129901581431,1.536239669210624,2.2009663482631048,2.367148018026225,21137.212054888347,84105.21997958887,147073.2279042894,162815.22988546453
1787420325884,1.0,7777777.0,7777777.0,7777777.0,7777777.0,0.0,0.0,0.0,0.0,2.47047267181187,2.47047267181187,2.47047267181187,2.47047267181187,163010.6276536379,163010.6276536379,163010.6276536379,163010.6276536379
1787420325955,1.0,7777777.0,7777777.0,7777777.0,7777777.0,0.0,0.0,0.0,0.0,4.558840954607444,4.558840954607444,4.558840954607444,4.558840954607444,163430.11083682254,163430.11083682254,163430.11083682254,163430.11083682254
1787420326026,1.0,7777777.0,7777777.0,7777777.0,7777777.0,0.0,0.0,0.0,0.0,1.6969131960603956,1.6969131960603956,1.6969131960603956,1.6969131960603956,163623.69731966406,163623.69731966406,163623.69731966406,163623.69731966406
1787420326093,2.0,308.23136231628695,308.23136231628695,308.23136231628695,308.23136231628695,1.4218037529163803,1.4218037529163803,1.4218037529163803,1.4218037529163803,0.2354825375292299,0.7262204667317302,1.2169583959342307,1.3396428782348557,21133.8695701845,84345.40046969429,147556.93136920407,163359.81409408152
1787420326163,1.0,7777777.0,7777777.0,7777777.0,7777777.0,0.0,0.0,0.0,0.0,4.992314341732774,4.992314341732774,4.992314341732774,4.992314341732774,163437.09014414623,163437.09014414623,163437.09014414623,163437.09014414623
1787420326247,2.0,307.6807701393526,307.6807701393526,307.6807701393526,307.6807701393526,4.458496624547985,4.458496624547985,4.458496624547985,4.458496624547985,0.8215089476513584,2.460059211423636,4.098609475195914,4.508247041138984,21154.065468658882,84567.18697200902,147980.30847535917,163833.5888511967
1787420326330,2.0,307.5871540586577,307.5871540586577,307.5871540586577,307.5871540586577,1.7192489522397791,1.7192489522397791,1.7192489522397791,1.7192489522397791,0.32190065137392654,0.9509526527763617,1.5800046541787969,1.7372676545294057,21165.517114706152,84645.24203763809,148124.96696057002,163994.89819130301
1787420326418,1.0,7777777.0,7777777.0,7777777.0,7777777.0,0.0,0.0,0.0,0.0,9.992967958751484,9.992967958751484,9.992967958751484,9.992967958751484,165272.55512849614,165272.55512849614,165272.55512849614,165272.55512849614
1787420326494,2.0,307.0280297226003,307.0280297226003,307.0280297226003,307.0280297226003,6.816587399276439,6.816587399276439,6.816587399276439,6.816587399276439,1.9027042547510058,4.482960260984921,7.063216267218838,7.708280268777316,21524.439244350884,85908.05675060721,150291.67425686354,166387.57863342762
1787420326553,2.0,306.9631616955308,306.9631616955308,306.9631616955308,306.9631616955308,3.136756211779638,3.136756211779638,3.136756211779638,3.136756211779638,1.064155679937684,2.226498589748228,3.388841499558772,3.679427227011408,21584.141590607167,86112.22206069529,150640.3025307834,166772.32264830545
1787420326626,2.0,307.10149124287506,307.10149124287506,307.10149124287506,307.10149124287506,9.159137809599201,9.159137809599201,9.159137809599201,9.159137809599201,3.265683142803195,6.649254356878866,10.032825570954536,10.878718374473454,21487.63100643838,86104.18037567334,150720.7297449083,166874.86708721705
1787420326712,3.0,266.28362944158306,274.75566931628947,308.6438288151151,477.5465226217452,5.813451552304364,19.60874929329135,21.040007216962326,21.39782169788007,0.4729254234115233,2.3646271170576165,16.159924858044604,19.60874929329135,1966.8227317531127,5244.469476118684,133149.87034599262,165126.22056346107
1787420326798,3.0,267.115214737996,275.16766059924163,307.37744404422426,477.1151112365612,18.600613276906138,19.849934203086534,20.30634616283965,20.420449152777927,4.324825316063817,18.34528302338391,20.597820277923407,21.160954591558284,2116.212862663809,5282.639098369516,131118.69835222384,162577.7131656874
1787420326881,3.0,265.88244559081176,274.1909609085564,307.4250221795349,476.553340304297,4.640751287370049,14.171236589836944,15.977629387484008,16.429227586895774,3.327813926900708,3.5503807420462774,12.913678474020058,15.254502907013503,2221.534856615821,5278.855062732473,129033.73465219326,159972.45454955846
1787420326955,4.0,79.6698532149211,138.5115500392564,286.6559381817662,497.3802880978899,2.573914327566923,3.834616127294952,5.103249587291062,5.257500857885003,0.7169100516337785,2.573914327566923,3.1140741242136283,3.266622256153218,2588.028278026404,11956.257768882788,116319.16738628052,158186.93889648188
1787420327022,3.0,264.9198426672685,273.5421686674236,308.03147266804416,476.91495377417635,6.84507608479277,14.487403286031197,15.91589865723588,16.27302250003705,3.5996777182582376,7.4839923570511875,16.123701731148802,18.283629074673204,2196.6552851340266,5271.989398386329,126549.49306241423,156868.8689784212
1787420327085,3.0,264.59352475529323,273.3257875487832,308.2548387227429,476.9683163651636,2.8699717920387933,5.325865243032203,6.181530202424556,6.395446442272644,1.5241026436388758,3.321474383888987,6.437541097153705,7.216557775469884,2191.389047555486,5267.443252419122,126314.97139932011,156576.85343604535
1787420327171,2.0,307.82125824840966,307.82125824840966,307.82125824840966,307.82125824840966,11.22959418558808,11.22959418558808,11.22959418558808,11.22959418558808,2.3197861174083254,6.795120871487492,11.270455625566658,12.389289314086449,20069.829330579472,79348.22295376426,138626.61657694905,153446.21498274524
1787420327255,2.0,289.7576380450221,289.7576380450221,289.7576380450221,289.7576380450221,215.71941281006474,215.71941281006474,215.71941281006474,215.71941281006474,23.592472616378,107.99315664519212,192.39384067400624,213.49401168120977,19289.312298441677,75537.3459588848,131785.37961932793,145847.3880344387
1787420327343,2.0,283.0049468929768,283.0049468929768,283.0049468929768,283.0049468929768,77.01128344344333,77.01128344344333,77.01128344344333,77.01128344344333,8.42711751588472,38.55231689970772,68.67751628353072,76.20881612948646,18962.520919807255,73928.55550140142,128894.5900829956,142636.09872839414
1787420327428,1.0,7777777.0,7777777.0,7777777.0,7777777.0,0.0,0.0,0.0,0.0,210.3553053907458,210.3553053907458,210.3553053907458,210.3553053907458,138713.00718766171,138713.00718766171,138713.00718766171,138713.00718766171
1787420327517,1.0,7777777.0,7777777.0,7777777.0,7777777.0,0.0,0.0,0.0,0.0,170.90237697316883,170.90237697316883,170.90237697316883,170.90237697316883,131851.08567048423,131851.08567048423,131851.08567048423,131851.08567048423
1787420327601,2.0,242.1385784454573,242.1385784454573,242.1385784454573,242.1385784454573,123.54426263514455,123.54426263514455,123.54426263514455,123.54426263514455,13.558705821140672,62.97311471228585,112.38752360343102,124.74112582621731,17027.135724507272,64059.59217634052,111092.04862817377,122850.16274113208
1787420327688,2.0,238.90899019030564,238.90899019030564,238.90899019030564,238.90899019030564,38.231822592621576,38.231822592621576,38.231822592621576,38.231822592621576,5.690088383532813,19.43623787663515,33.18238736973749,36.618924743013075,16484.41623275038,61505.70268351864,106526.98913428691,117782.31074697897
1787420327760,2.0,237.9570712973924,237.9570712973924,237.9570712973924,237.9570712973924,14.02962207313366,14.02962207313366,14.02962207313366,14.02962207313366,2.177881957353924,7.118372303748191,12.058862650142459,13.293985236741024,16232.894256961627,60291.97241871199,104351.05058046235,115365.82012089994
1787420327833,2.0,245.01481203648373,245.01481203648373,245.01481203648373,245.01481203648373,129.68519366012234,129.68519366012234,129.68519366012234,129.68519366012234,16.729796270277077,65.29221223303203,113.85462819578699,125.99523218647572,15930.653986032308,58372.29533741623,100813.93668880015,111424.34702664614
1787420327919,2.0,242.6336002330944,242.6336002330944,242.6336002330944,242.6336002330944,41.57507911813752,41.57507911813752,41.57507911813752,41.57507911813752,5.001936073595449,20.839295119610018,36.67665416562458,40.635993927128226,15730.671044069342,57408.98888052162,99087.3067169739,109506.88617608696
1787420328009,1.0,7777777.0,7777777.0,7777777.0,7777777.0,0.0,0.0,0.0,0.0,9.361112385044851,9.361112385044851,9.361112385044851,9.361112385044851,108850.66014003754,108850.66014003754,108850.66014003754,108850.66014003754
1787420328100,1.0,7777777.0,7777777.0,7777777.0,7777777.0,0.0,0.0,0.0,0.0,85.12570969445551,85.12570969445551,85.12570969445551,85.12570969445551,109066.74309776723,109066.74309776723,109066.74309776723,109066.74309776723
1787420328191,1.0,7777777.0,7777777.0,7777777.0,7777777.0,0.0,0.0,0.0,0.0,56.16993831277166,56.16993831277166,56.16993831277166,56.16993831277166,106349.1783601474,106349.1783601474,106349.1783601474,106349.1783601474
1787420328277,1.0,7777777.0,7777777.0,7777777.0,7777777.0,0.0,0.0,0.0,0.0,107.3742967046671,107.3742967046671,107.3742967046671,107.3742967046671,104425.14805462956,104425.14805462956,104425.14805462956,104425.14805462956
1787420328363,2.0,256.6842092280667,256.6842092280667,256.6842092280667,256.6842092280667,98.40255970950987,98.40255970950987,98.40255970950987,98.40255970950987,10.410320647109154,49.32290527935498,88.23548991160081,97.96363606966226,15022.039088410978,53701.16499181138,92380.29089521179,102050.07237106189
1787420328432,2.0,254.9328081944267,254.9328081944267,254.9328081944267,254.9328081944267,25.45848589427925,25.45848589427925,25.45848589427925,25.45848589427925,4.903376352053438,15.068902657657832,25.23442896326223,27.775810539663325,14939.429727496301,53353.49027017178,91767.55081284726,101371.06594851613
1787420328504,2.0,251.02646772152636,251.02646772152636,251.02646772152636,251.02646772152636,54.25475770202273,54.25475770202273,54.25475770202273,54.25475770202273,10.244584227873753,27.128487984653525,44.0123917414333,48.23336768062824,14738.046421460063,52464.070852998644,90190.09528453722,99621.60139242187
1787420328592,2.0,251.15824318157632,251.15824318157632,251.15824318157632,251.15824318157632,18.70380236902734,18.70380236902734,18.70380236902734,18.70380236902734,5.41537093707372,12.423867578073734,19.43236421907375,21.184488379323753,14992.061863808334,53610.281129449606,92228.50039509087,101883.0552115012
1787420328676,1.0,7777777.0,7777777.0,7777777.0,7777777.0,0.0,0.0,0.0,0.0,41.75881117954933,41.75881117954933,41.75881117954933,41.75881117954933,103101.074896954,103101.074896954,103101.074896954,103101.074896954
1787420328765,1.0,7777777.0,7777777.0,7777777.0,7777777.0,0.0,0.0,0.0,0.0,14.771792570828095,14.771792570828095,14.771792570828095,14.771792570828095,103403.7828918267,103403.7828918267,103403.7828918267,103403.7828918267
1787420328839,2.0,250.33967834266903,250.33967834266903,250.33967834266903,250.33967834266903,39.38070467316968,39.38070467316968,39.38070467316968,39.38070467316968,5.19760118583015,20.734620131820797,36.27163907781145,40.15589381430911,15156.630579873641,54417.359059582,93678.08753929035,103493.26965921745
1787420328925,2.0,255.36112442174965,255.36112442174965,255.36112442174965,255.36112442174965,80.7252728367835,80.7252728367835,80.7252728367835,80.7252728367835,10.473107467140043,42.760782893044166,75.04845831894829,83.12037717542432,14739.55116842119,52354.7315252102,89969.9118819992,99373.70697119646
1787420329025,2.0,250.27441636155947,250.27441636155947,250.27441636155947,250.27441636155947,52.2287648153211,52.2287648153211,52.2287648153211,52.2287648153211,7.390884093379083,28.260052116312085,49.12922013924509,54.34651214497834,14717.063256586436,52220.40183323668,89723.74040988693,99099.57505404949
1787420329108,2.0,248.39587609247207,248.39587609247207,248.39587609247207,248.39587609247207,23.317260584716934,23.317260584716934,23.317260584716934,23.317260584716934,3.313423982465233,12.630382708319644,21.947341434174056,24.276581115637658,14682.175762012788,52047.760377147235,89413.34499228168,98754.7411460653
1787420329195,2.0,156.92799854721017,156.92799854721017,156.92799854721017,156.92799854721017,79.57923098334949,79.57923098334949,79.57923098334949,79.57923098334949,7.957923098334949,39.789615491674745,71.62130788501455,79.57923098334949,24056.310019550845,57176.31487510167,90296.3197306525,98576.3209445402
1787420329284,2.0,157.4490988829124,157.4490988829124,157.4490988829124,157.4490988829124,9.160478715317662,9.160478715317662,9.160478715317662,9.160478715317662,21.109181842337534,22.169996135107006,23.23081042787648,23.49601400106885,23837.270387483855,56329.95659595961,88822.64280443537,96945.8143565543
1787420329360,2.0,157.71303823022194,157.71303823022194,157.71303823022194,157.71303823022194,4.398499597240356,4.398499597240356,4.398499597240356,4.398499597240356,8.238083944233766,9.12263837045694,10.007192796680112,10.228331403235906,23750.440289746133,55839.38854585914,87928.33680197215,95950.5738660004
1787420329427,1.0,7777777.0,7777777.0,7777777.0,7777777.0,0.0,0.0,0.0,0.0,25.399550949940707,25.399550949940707,25.399550949940707,25.399550949940707,97087.78714291751,97087.78714291751,97087.78714291751,97087.78714291751
1787420329511,2.0,155.58290576234694,155.58290576234694,155.58290576234694,155.58290576234694,25.79679039140396,25.79679039140396,25.79679039140396,25.79679039140396,9.632491255252575,13.09679108528514,16.561090915317706,17.427165872825846,23434.433136626332,55656.436868380755,87878.44060013517,95933.94153307378
1787420329598,1.0,7777777.0,7777777.0,7777777.0,7777777.0,0.0,0.0,0.0,0.0,12.714235999394216,12.714235999394216,12.714235999394216,12.714235999394216,95608.02885001525,95608.02885001525,95608.02885001525,95608.02885001525
1787420329698,1.0,7777777.0,7777777.0,7777777.0,7777777.0,0.0,0.0,0.0,0.0,4.22025169251427,4.22025169251427,4.22025169251427,4.22025169251427,95088.62386349961,95088.62386349961,95088.62386349961,95088.62386349961
1787420329787,3.0,95.50494601888583,108.34896416429775,159.72503674594546,235.79366540770604,8.88850896816804,25.419601343039233,25.87934109113124,25.994276028154243,5.5684329959320635,25.834218646190006,26.247311985495866,26.35058532032233,7281.629664910212,14919.39881988801,79733.88455073722,95937.50598344952
1787420329871,3.0,94.55282030844654,107.5971717950188,159.77457774130784,235.10976171786086,4.47588530856358,10.440644845937587,11.61092601171207,11.903496303155691,2.295318838858138,10.57183322139336,11.773118077099065,12.07343929102549,7273.471110139042,14881.156797576696,79934.0346135892,96197.25406759232
1787420329951,2.0,251.08440200249342,251.08440200249342,251.08440200249342,251.08440200249342,36.37201377478192,36.37201377478192,36.37201377478192,36.37201377478192,4.14331391898802,18.547190467130566,32.95106701527311,36.552036152308744,14366.093208084256,50363.04830064252,86360.00339320078,95359.24216634035
1787420330031,2.0,249.27388340181238,249.27388340181238,249.27388340181238,249.27388340181238,22.660036235683695,22.660036235683695,22.660036235683695,22.660036235683695,3.403741016618265,11.446991530497623,19.49024204437698,21.50105467284682,14361.942061173544,50466.585469467565,86571.22887776159,95597.3897298351
1787420330091,1.0,7777777.0,7777777.0,7777777.0,7777777.0,0.0,0.0,0.0,0.0,43.99816704799772,43.99816704799772,43.99816704799772,43.99816704799772,97368.16033118218,97368.16033118218,97368.16033118218,97368.16033118218
1787420330163,2.0,252.11232596822856,252.11232596822856,252.11232596822856,252.11232596822856,6.794055594886283,6.794055594886283,6.794055594886283,6.794055594886283,1.1405905891113306,3.7525086555043945,6.364426721897459,7.017406238495725,14646.782451637462,51811.30030829646,88975.81816495545,98266.9476291202
1787420330234,2.0,251.10384154050672,251.10384154050672,251.10384154050672,251.10384154050672,15.4781743481832,15.4781743481832,15.4781743481832,15.4781743481832,2.398495326393911,7.788367566328895,13.17823980626388,14.525707866247625,14761.364758670145,52410.05814385321,90058.75152903628,99470.92487533204
1787420330303,2.0,250.73175187277863,250.73175187277863,250.73175187277863,250.73175187277863,5.868663775196371,5.868663775196371,5.868663775196371,5.868663775196371,0.8999952589033586,2.953230185421853,5.006465111940347,5.519773843569971,14820.26113505289,52724.30465230718,90628.34816956148,100104.35904887505
1787420330378,2.0,249.91373624390243,249.91373624390243,249.91373624390243,249.91373624390243,16.582340936024238,16.582340936024238,16.582340936024238,16.582340936024238,3.3491499813916734,8.556949350555463,13.764748719719252,15.066698562010199,14745.295434581023,52557.27155750012,90369.24768041921,99822.24171114899
1787420330471,2.0,248.98791397469242,248.98791397469242,248.98791397469242,248.98791397469242,9.955151672134017,9.955151672134017,9.955151672134017,9.955151672134017,2.1440011559085126,5.3783900556114785,8.612778955314445,9.421376180240186,14857.446169498842,53222.523433936294,91587.60069837375,101178.87001448311
1787420330555,2.0,248.65271340105912,248.65271340105912,248.65271340105912,248.65271340105912,3.9905803041521,3.9905803041521,3.9905803041521,3.9905803041521,0.8753016765426198,2.166940223697364,3.4585787708521085,3.7814884076407944,14926.717487128639,53605.26809422206,92283.81870131548,101953.45635308884
1787420330741,2.0,247.17403680369856,247.17403680369856,247.17403680369856,247.17403680369856,10.310818967327565,10.310818967327565,10.310818967327565,10.310818967327565,2.2239564395969684,6.069122637203261,9.914288834809554,10.875580384211126,14773.871043070592,52942.680084657855,91111.48912624511,100653.69138664193
1787420330921,1.0,7777777.0,7777777.0,7777777.0,7777777.0,0.0,0.0,0.0,0.0,106.72319674660456,106.72319674660456,106.72319674660456,106.72319674660456,93970.05450030696,93970.05450030696,93970.05450030696,93970.05450030696
1787420331005,1.0,7777777.0,7777777.0,7777777.0,7777777.0,0.0,0.0,0.0,0.0,435.5204187613044,435.5204187613044,435.5204187613044,435.5204187613044,89846.93535351194,89846.93535351194,89846.93535351194,89846.93535351194
1787420331085,1.0,7777777.0,7777777.0,7777777.0,7777777.0,0.0,0.0,0.0,0.0,176.36823205551752,176.36823205551752,176.36823205551752,176.36823205551752,86712.43871480227,86712.43871480227,86712.43871480227,86712.43871480227
1787420331171,1.0,7777777.0,7777777.0,7777777.0,7777777.0,0.0,0.0,0.0,0.0,84.26593637681685,84.26593637681685,84.26593637681685,84.26593637681685,84818.99147926038,84818.99147926038,84818.99147926038,84818.99147926038
1787420331259,1.0,7777777.0,7777777.0,7777777.0,7777777.0,0.0,0.0,0.0,0.0,274.45789670611344,274.45789670611344,274.45789670611344,274.45789670611344,83110.33888832666,83110.33888832666,83110.33888832666,83110.33888832666
1787420331344,2.0,130.57734535097748,130.57734535097748,130.57734535097748,130.57734535097748,157.1415244213898,157.1415244213898,157.1415244213898,157.1415244213898,15.71415244213898,78.5707622106949,141.4273719792508,157.1415244213898,83880.73827966787,89655.41775331087,95430.09722695388,96873.76709536463
1787420331432,2.0,139.73485358937035,139.73485358937035,139.73485358937035,139.73485358937035,147.26962783570784,147.26962783570784,147.26962783570784,147.26962783570784,19.55884160168287,78.45199627731182,137.3451509529408,152.06843962184803,82298.04369558083,88861.39774574828,95424.75179591574,97065.59030845761
1787420331505,2.0,143.0037567604145,143.0037567604145,143.0037567604145,143.0037567604145,60.437996271722724,60.437996271722724,60.437996271722724,60.437996271722724,7.996511490825753,32.16631791997214,56.33612434911853,62.37857595640512,81809.8050094312,88619.9556551082,95430.1063007852,97132.64396220446
1787420331582,2.0,151.93522061568248,151.93522061568248,151.93522061568248,151.93522061568248,154.2575146108475,154.2575146108475,154.2575146108475,154.2575146108475,26.43598767265145,79.00458098416104,131.57317429567064,144.71532262354802,80324.53258505595,87271.65135501232,94218.7701249687,95955.5498174578
1787420331662,2.0,157.36235202758434,157.36235202758434,157.36235202758434,157.36235202758434,89.70702068198426,89.70702068198426,89.70702068198426,89.70702068198426,14.481504241133019,45.118194594444965,75.7548849477569,83.4140575360849,79803.66060052416,86782.09319969709,93760.52579887002,95505.13394866325
1787420331733,3.0,1.8838144009469564,32.989816260177676,157.41382369710055,158.76211470760757,7.929384097528176,29.66389613966759,31.529083058414113,31.995379788100742,0.4991512173986645,2.4957560869933224,24.230268129132735,29.66389613966759,81345.21230136156,95394.57847802341,96046.25573690832,96209.17505162954
1787420331814,3.0,2.0634958139488275,33.42657108630444,158.87887217572688,160.37337237360558,7.431406465598366,28.189643845466165,29.722785455885063,30.106070858489787,3.4505956638661686,3.747858472557009,25.173681038756442,30.5301366803063,80749.71143839024,94522.6569641754,95297.82917723506,95491.62223049998
1787420331894,3.0,2.1192708432493745,33.74822719206591,160.26405258733206,161.7994029529567,5.242569478000944,23.322958021035458,23.900721036445564,24.04516179029809,1.3618555429233419,1.7939198660356628,20.253051965877695,24.867834990838205,79556.68492359333,94154.28156745248,94954.71171066724,95154.81924647093
1787420331965,3.0,1.4147387690093498,33.22972000359016,160.4896449419134,161.52200325901316,7.418730145117578,9.092599900551148,9.760925985334092,9.928007506529829,3.3708113829420268,6.511951864735811,7.7958445889294845,8.116817769977903,79493.27062178403,94571.23443935439,95123.73991828784,95261.8662880212
1787420332026,3.0,1.656121349061556,33.5367599583275,161.05931439539128,162.2888301082584,5.147589534567494,9.408367693541615,12.673039192749798,13.489207067551842,1.8106944314430737,2.867849711312177,9.202991544099842,10.786777002296757,79262.6218990039,94546.29977309518,95294.61901010088,95481.69881935231
1787420332086,3.0,1.6651414168548127,33.29626251125749,159.8207468888682,161.0521313838596,6.740120198836581,33.099233466167135,33.20342603802543,33.229474180989996,1.4950519896077972,1.6150496595180117,27.886277075325413,34.45408392927726,79200.87593260854,94801.70099887997,95457.509222655,95621.46127859876
1787420332157,4.0,1.6664011219695103,63.89659041336256,143.4722095861644,216.83600012221302,0.24238631885592246,6.945469995796314,13.654491482873997,13.84854592686802,0.13352245700352364,0.4536407487075694,9.832644141028634,13.84854592686802,27423.18262851965,85106.741447228,95463.25109517202,95684.17658803053
1787420332238,3.0,1.7751974322285076,33.058179776057194,158.19010915137193,159.43721993298794,4.457048407895175,12.23555194969154,12.891949618034946,13.056049035120797,1.0572823158311124,1.7770540085178734,10.615308681430687,12.82487234965889,80082.2622797504,95076.61318161339,95324.96327320188,95387.050796099
1787420332299,3.0,1.8297727166136917,32.40528628403905,154.70734055374047,155.98761067096015,14.491161240223775,68.75423359706139,69.44584005744261,69.61874167253791,1.1947043388484073,1.601463367087262,55.42690474654964,68.88326509141523,80876.38283920586,95313.3962700367,95578.93580242991,95645.32068552822
1787420332360,3.0,1.847321011129801,32.1393399686889,153.3074157989253,154.59677826957645,5.850565842136267,28.074882689626573,28.297488567679412,28.35314003719262,0.4795852314975845,0.6068676923704134,22.592290344290916,28.08864600727104,81225.07381876484,95429.3968119733,95684.9068979524,95748.78441944718
1787420332421,3.0,1.7651429494112039,30.41702882142634,145.02457230948687,146.15348946606613,36.21255455952759,168.74912741180708,169.72082667472645,169.9637514904563,1.2698139504794952,2.043265312638612,135.91170158428758,169.37881065219983,82482.12781599164,95594.8170741275,95763.11388622373,95805.1880892478
1787420332491,3.0,1.738405144219533,29.727583011576833,141.68429448100602,142.69675134710997,14.074828270540419,60.94284813905652,61.34316186472826,61.44324029614619,1.5277108206727816,3.3000058612085073,49.780672203614614,61.40083878921614,83964.62052139043,95723.09227734804,96222.35037557184,96347.1649001278
1787420332562,3.0,1.6569090346809956,29.409503233997732,140.41988003126468,141.33636450784837,5.87077452338613,23.085772449534243,24.096201722246324,24.348809040424346,0.6659634298924322,1.7036009206696,18.947433063446258,23.25839109914042,84721.15581640787,95778.3186255768,96375.51110171973,96524.80922075547
1787420332623,3.0,1.4509166468055927,28.998450845407756,139.1885876398164,139.9519225330947,11.945506676994613,45.934917931990555,48.39569609530931,49.010890636139,1.1163630096253598,3.2761779941275666,37.35920455502898,45.87996119525433,85520.27597120032,95813.79938253388,96479.7107322447,96646.1885696724
1787420332695,2.0,133.39826774776614,133.39826774776614,133.39826774776614,133.39826774776614,125.51402621221672,125.51402621221672,125.51402621221672,125.51402621221672,21.099742802425432,64.46431034908841,107.8288778957514,118.67001978241714,85807.29269530531,90847.1851779474,95887.07766058948,97147.05078125
1787420332766,2.0,131.0896615978943,131.0896615978943,131.0896615978943,131.0896615978943,45.09678610718913,45.09678610718913,45.09678610718913,45.09678610718913,6.8698517135724035,23.997352207826804,41.124852702081206,45.40672782564481,86585.36106511392,91334.73184172995,96084.10261834599,97271.4453125
1787420332828,2.0,127.59865176438983,127.59865176438983,127.59865176438983,127.59865176438983,90.2469928231785,90.2469928231785,90.2469928231785,90.2469928231785,11.11239754814504,46.089725265926816,81.06705298370859,89.81138491315403,87885.8436771892,92023.09891788289,96160.35415857658,97194.66796875
1787420332889,2.0,122.6762642643839,122.6762642643839,122.6762642643839,122.6762642643839,100.71412437652877,100.71412437652877,100.71412437652877,100.71412437652877,43.93088210193771,70.72462695436067,97.51837180678363,104.21680801988937,90031.85116499923,94490.73328611068,98949.61540722214,100064.3359375
1787420332960,2.0,120.88927080807802,120.88927080807802,120.88927080807802,120.88927080807802,31.91143056023124,31.91143056023124,31.91143056023124,31.91143056023124,14.038289219536873,22.491182013177312,30.944074806817753,33.057298005227864,90873.92003888582,95434.18300771434,99994.44597654286,101134.51171875
1787420333021,2.0,118.28455804831619,118.28455804831619,118.28455804831619,118.28455804831619,120.75833511326105,120.75833511326105,120.75833511326105,120.75833511326105,41.6113498058418,72.54069178023357,103.47003375462533,111.20236924822328,91249.80240371637,94569.17841873132,97888.55443374626,98718.3984375
1787420333093,1.0,7777777.0,7777777.0,7777777.0,7777777.0,0.0,0.0,0.0,0.0,166.14379786588714,166.14379786588714,166.14379786588714,166.14379786588714,91592.73621086497,91592.73621086497,91592.73621086497,91592.73621086497
1787420333164,1.0,7777777.0,7777777.0,7777777.0,7777777.0,0.0,0.0,0.0,0.0,62.41795813884987,62.41795813884987,62.41795813884987,62.41795813884987,92317.40452585183,92317.40452585183,92317.40452585183,92317.40452585183
1787420333246,2.0,110.84397497020616,110.84397497020616,110.84397497020616,110.84397497020616,30.770730989731053,30.770730989731053,30.770730989731053,30.770730989731053,7.856126627786399,19.21952599441859,30.582925361050776,33.423775202708825,94928.37837892771,96264.91949880123,97601.46061867476,97935.59589864314
1787420333317,1.0,7777777.0,7777777.0,7777777.0,7777777.0,0.0,0.0,0.0,0.0,41.70552749711411,41.70552749711411,41.70552749711411,41.70552749711411,97112.38438428938,97112.38438428938,97112.38438428938,97112.38438428938
1787420333397,1.0,7777777.0,7777777.0,7777777.0,7777777.0,0.0,0.0,0.0,0.0,42.730704543760346,42.730704543760346,42.730704543760346,42.730704543760346,98944.03578826413,98944.03578826413,98944.03578826413,98944.03578826413
1787420333476,1.0,7777777.0,7777777.0,7777777.0,7777777.0,0.0,0.0,0.0,0.0,36.075881071193365,36.075881071193365,36.075881071193365,36.075881071193365,100015.20926683396,100015.20926683396,100015.20926683396,100015.20926683396
1787420333546,1.0,7777777.0,7777777.0,7777777.0,7777777.0,0.0,0.0,0.0,0.0,59.74861783218032,59.74861783218032,59.74861783218032,59.74861783218032,100937.6390938349,100937.6390938349,100937.6390938349,100937.6390938349
1787420333626,1.0,7777777.0,7777777.0,7777777.0,7777777.0,0.0,0.0,0.0,0.0,286.7747087862132,286.7747087862132,286.7747087862132,286.7747087862132,102908.14265720733,102908.14265720733,102908.14265720733,102908.14265720733
1787420333688,1.0,7777777.0,7777777.0,7777777.0,7777777.0,0.0,0.0,0.0,0.0,138.88413129516806,138.88413129516806,138.88413129516806,138.88413129516806,104058.53058809787,104058.53058809787,104058.53058809787,104058.53058809787
1787420333759,1.0,7777777.0,7777777.0,7777777.0,7777777.0,0.0,0.0,0.0,0.0,138.87005423022433,138.87005423022433,138.87005423022433,138.87005423022433,103262.85291158594,103262.85291158594,103262.85291158594,103262.85291158594
1787420333829,1.0,7777777.0,7777777.0,7777777.0,7777777.0,0.0,0.0,0.0,0.0,72.05876120353125,72.05876120353125,72.05876120353125,72.05876120353125,105250.72208767012,105250.72208767012,105250.72208767012,105250.72208767012
1787420333901,1.0,7777777.0,7777777.0,7777777.0,7777777.0,0.0,0.0,0.0,0.0,226.69401791564704,226.69401791564704,226.69401791564704,226.69401791564704,104349.75969530642,104349.75969530642,104349.75969530642,104349.75969530642
1787420333961,1.0,7777777.0,7777777.0,7777777.0,7777777.0,0.0,0.0,0.0,0.0,163.70308848325107,163.70308848325107,163.70308848325107,163.70308848325107,107638.3659055084,107638.3659055084,107638.3659055084,107638.3659055084
1787420334032,2.0,247.23808089770444,247.23808089770444,247.23808089770444,247.23808089770444,24.481043170540016,24.481043170540016,24.481043170540016,24.481043170540016,2.4481043170540016,12.240521585270008,22.032938853486016,24.481043170540016,15484.177801838145,56413.264262018725,97342.3507221993,107574.62233724445
1787420334104,2.0,247.58522630325774,247.58522630325774,247.58522630325774,247.58522630325774,5.239136920214863,5.239136920214863,5.239136920214863,5.239136920214863,1.2228721297624583,3.3176471689989517,5.412422208235445,5.936115968044568,15444.660072148034,56228.66943144146,97012.67879073489,107208.68113055825
1787420334176,1.0,7777777.0,7777777.0,7777777.0,7777777.0,0.0,0.0,0.0,0.0,135.6976398087535,135.6976398087535,135.6976398087535,135.6976398087535,104435.49939568341,104435.49939568341,104435.49939568341,104435.49939568341
1787420334236,1.0,7777777.0,7777777.0,7777777.0,7777777.0,0.0,0.0,0.0,0.0,240.91859788408325,240.91859788408325,240.91859788408325,240.91859788408325,103879.0033935681,103879.0033935681,103879.0033935681,103879.0033935681
1787420334296,1.0,7777777.0,7777777.0,7777777.0,7777777.0,0.0,0.0,0.0,0.0,86.92547237794572,86.92547237794572,86.92547237794572,86.92547237794572,103045.43299307115,103045.43299307115,103045.43299307115,103045.43299307115
1787420334369,2.0,257.34205438647246,257.34205438647246,257.34205438647246,257.34205438647246,332.38021618181483,332.38021618181483,332.38021618181483,332.38021618181483,33.238021618181484,166.19010809090742,299.1421945636333,332.38021618181483,11329.35637472904,51849.844599536096,92370.33282434315,102500.45488054492
1787420334450,2.0,239.0639223377959,239.0639223377959,239.0639223377959,239.0639223377959,237.89094923836953,237.89094923836953,237.89094923836953,237.89094923836953,26.42317684665603,120.43575097044732,214.4483250942386,237.95146862518644,11194.700918121607,51136.70341546749,91078.70591281337,101064.20653714985
1787420334522,2.0,225.42103835804107,225.42103835804107,225.42103835804107,225.42103835804107,197.962170671204,197.962170671204,197.962170671204,197.962170671204,25.168718900482506,103.04721146112233,180.92570402176216,200.3953271619221,10992.36886864059,50311.055701401376,89629.74253416216,99459.41424235236
1787420334592,3.0,216.96149410037935,218.09328384856727,222.62044284131886,371.10286761025225,29.734334377892807,132.16970497335834,135.2706138185468,136.0458410298439,0.8250983458052841,4.12549172902642,106.56086232449195,132.16970497335834,5094.321765217185,20878.9088232629,82704.14989285693,98160.46016025543
1787420334664,2.0,206.66772875530344,206.66772875530344,206.66772875530344,206.66772875530344,160.07704352523666,160.07704352523666,160.07704352523666,160.07704352523666,20.013881018831785,80.16600054054958,140.31812006226738,155.35614994269682,10845.866161275655,49518.110418532044,88190.35467578843,97858.41574010253
1787420334734,2.0,201.16060371503556,201.16060371503556,201.16060371503556,201.16060371503556,114.22269432259621,114.22269432259621,114.22269432259621,114.22269432259621,18.789986999974438,59.36357676469858,99.93716652942271,110.08056397060375,10625.494179970667,48614.2306815646,86602.96718315853,96100.15130855702
1787420334804,2.0,199.47976664881259,199.47976664881259,199.47976664881259,199.47976664881259,37.18214714593449,37.18214714593449,37.18214714593449,37.18214714593449,6.28410420824053,19.36837509043318,32.45264597262583,35.72371369317399,10533.970625124279,48202.900399888225,85871.83017465218,95289.06261834316
1787420334885,2.0,191.27275629570278,191.27275629570278,191.27275629570278,191.27275629570278,111.25901032288179,111.25901032288179,111.25901032288179,111.25901032288179,25.446701021683452,63.648671020602386,101.85064101952132,111.40113351925105,10570.696983360785,47928.52553032644,85286.3540772921,94625.81121403351
1787420334966,2.0,188.1542361965282,188.1542361965282,188.1542361965282,188.1542361965282,41.13445468850706,41.13445468850706,41.13445468850706,41.13445468850706,18.51792182568827,28.937187334284488,39.35645284288071,41.96126922002976,10555.922906008596,47286.54561304231,84017.16832007603,93199.82399683446
1787420335036,2.0,187.12904057695675,187.12904057695675,187.12904057695675,187.12904057695675,21.081933184157766,21.081933184157766,21.081933184157766,21.081933184157766,3.727904839030823,12.11707570571899,20.50624657240716,22.6035392890792,10499.922551755846,47020.07111365444,83540.21967555303,92670.25681602769
1787420335097,2.0,185.5827449920968,185.5827449920968,185.5827449920968,185.5827449920968,38.38801351412151,38.38801351412151,38.38801351412151,38.38801351412151,6.536350451341626,20.35399302757551,34.17163560380939,37.62604624786786,10357.033049552789,46374.992050064466,82392.95105057614,91397.44080070406
1787420335158,2.0,190.26264258579297,190.26264258579297,190.26264258579297,190.26264258579297,0.7935975383084978,0.7935975383084978,0.7935975383084978,0.7935975383084978,4.998436305950584,5.053195952695594,5.107955599440604,5.121645511126856,78908.72916565611,84542.36631369963,90176.00346174315,91584.41274875402
1787420335229,2.0,190.34292468069688,190.34292468069688,190.34292468069688,190.34292468069688,1.37329478247468,1.37329478247468,1.37329478247468,1.37329478247468,1.9446767339217919,2.051495229354961,2.1583137247881297,2.185018348646422,80210.13295399556,85282.5553630297,90354.97777206385,91623.08337432239
1787420335300,2.0,183.80685621445508,183.80685621445508,183.80685621445508,183.80685621445508,35.310198051048296,35.310198051048296,35.310198051048296,35.310198051048296,8.682499247229975,21.451895215711076,34.22129118419218,37.413640176312455,10191.533420654736,46054.608402064885,81917.68338347503,90883.45212882757
1787420335369,2.0,181.6244225768042,181.6244225768042,181.6244225768042,181.6244225768042,32.61078737026969,32.61078737026969,32.61078737026969,32.61078737026969,7.547686064345729,19.933600446300893,32.319514828256054,35.415993423744844,10159.664837231836,45771.67409140512,81383.6833455784,90286.68565912172
1787420335429,2.0,179.88957107464805,179.88957107464805,179.88957107464805,179.88957107464805,31.637203150712196,31.637203150712196,31.637203150712196,31.637203150712196,6.337969505138087,16.181274829951427,26.02458015476477,28.485406485968106,10106.19349076614,45432.4215653374,80758.64963990866,89590.20665855147
1787420335500,2.0,193.12269100405152,193.12269100405152,193.12269100405152,193.12269100405152,9.360394016901534,9.360394016901534,9.360394016901534,9.360394016901534,10.293942991510473,11.916929394563784,13.539915797617095,13.945662398380422,85267.56903982982,86987.05966388807,88706.55028794632,89136.42294396088
1787420335562,2.0,178.37536906767963,178.37536906767963,178.37536906767963,178.37536906767963,16.2202280654982,16.2202280654982,16.2202280654982,16.2202280654982,2.7350465723104467,8.608556854784338,14.48206713725823,15.950444707876702,9991.178836295749,44927.64545738904,79864.11207848233,88598.22873375565
1787420335622,2.0,177.83165163665248,177.83165163665248,177.83165163665248,177.83165163665248,11.45381618479803,11.45381618479803,11.45381618479803,11.45381618479803,1.7910235549561018,6.0227339307677665,10.254444306579432,11.312371900532348,9952.921045396453,44740.40927809186,79527.89751078727,88224.76956896111
1787420335702,2.0,196.201213977571,196.201213977571,196.201213977571,196.201213977571,11.762494964338305,11.762494964338305,11.762494964338305,11.762494964338305,4.623594616716434,6.001052740594781,7.378510864473127,7.722875395442713,84539.23209932186,86007.2855647225,87475.33903012313,87842.35239647329
1787420335772,2.0,177.74051801933282,177.74051801933282,177.74051801933282,177.74051801933282,1.7837826992691554,1.7837826992691554,1.7837826992691554,1.7837826992691554,2.897401288467125,3.2918975262830297,3.686393764098934,3.78501782355291,9857.708966590186,44409.78880615765,78961.86864572512,87599.88860561699
1787420335831,2.0,177.59028947960655,177.59028947960655,177.59028947960655,177.59028947960655,3.5683399529890556,3.5683399529890556,3.5683399529890556,3.5683399529890556,1.6614389715828823,3.054203941291208,4.446968910999534,4.795160153426615,9829.360351139481,44307.7278167209,78786.09528230233,87405.68714869767
1787420335893,1.0,7777777.0,7777777.0,7777777.0,7777777.0,0.0,0.0,0.0,0.0,19.55264401791497,19.55264401791497,19.55264401791497,19.55264401791497,87504.63511314243,87504.63511314243,87504.63511314243,87504.63511314243
1787420335965,1.0,7777777.0,7777777.0,7777777.0,7777777.0,0.0,0.0,0.0,0.0,15.806436338351332,15.806436338351332,15.806436338351332,15.806436338351332,87373.04634810146,87373.04634810146,87373.04634810146,87373.04634810146
1787420336037,1.0,7777777.0,7777777.0,7777777.0,7777777.0,0.0,0.0,0.0,0.0,9.050741983135666,9.050741983135666,9.050741983135666,9.050741983135666,87280.83138000034,87280.83138000034,87280.83138000034,87280.83138000034
1787420336108,1.0,7777777.0,7777777.0,7777777.0,7777777.0,0.0,0.0,0.0,0.0,98.0681097051073,98.0681097051073,98.0681097051073,98.0681097051073,86976.74749156833,86976.74749156833,86976.74749156833,86976.74749156833
1787420336168,1.0,7777777.0,7777777.0,7777777.0,7777777.0,0.0,0.0,0.0,0.0,8.91133144525978,8.91133144525978,8.91133144525978,8.91133144525978,86862.91571254283,86862.91571254283,86862.91571254283,86862.91571254283
1787420336229,1.0,7777777.0,7777777.0,7777777.0,7777777.0,0.0,0.0,0.0,0.0,3.3802193828907483,3.3802193828907483,3.3802193828907483,3.3802193828907483,87019.54665157478,87019.54665157478,87019.54665157478,87019.54665157478
1787420336300,2.0,185.84505304399494,185.84505304399494,185.84505304399494,185.84505304399494,11.666750325547362,11.666750325547362,11.666750325547362,11.666750325547362,1.8950609043105415,5.970113856728549,10.045166809146556,11.063930047251057,9796.634941088758,44146.12188369676,78495.60882630476,87082.98056195676
1787420336362,2.0,187.38796487789597,187.38796487789597,187.38796487789597,187.38796487789597,14.169394197637748,14.169394197637748,14.169394197637748,14.169394197637748,3.0115303043528336,7.174813501462339,11.338096698571842,12.37891749784922,82824.3866440175,84589.23213337269,86354.07762272787,86795.28899506666
1787420336433,2.0,187.50997512041948,187.50997512041948,187.50997512041948,187.50997512041948,4.8031162409405335,4.8031162409405335,4.8031162409405335,4.8031162409405335,1.1547046717216534,2.460589399209293,3.766474126696932,4.092945308568842,83287.99428929221,84876.02739538904,86464.06050148587,86861.06877801009
1787420336505,2.0,188.1909496881151,188.1909496881151,188.1909496881151,188.1909496881151,41.50018095596311,41.50018095596311,41.50018095596311,41.50018095596311,11.37787521490616,26.491989605835773,41.606103996765384,45.38463259449779,9894.431841420197,44018.527593347244,78142.62334527429,86673.64728325605
1787420336575,2.0,194.65173406534888,194.65173406534888,194.65173406534888,194.65173406534888,110.38537050093356,110.38537050093356,110.38537050093356,110.38537050093356,18.11857061407295,60.5186646724572,102.91875873084145,113.5187822454375,9993.926818814705,44335.81331670689,78677.69981459907,87263.17143907212
1787420336636,3.0,194.9338480094444,195.36773233481514,197.10326963629808,284.8326422823165,11.885953184533411,47.547939305679876,48.35516914934371,48.55697661025967,0.5940913308493591,2.9704566542467954,39.43967261905709,48.55697661025967,11529.042971562967,51952.73575794697,80730.59730461836,87925.0626912862
1787420336697,3.0,190.18497391254576,192.7678563205518,203.09938595257603,286.34083163378597,45.97231483578648,96.76146459154288,104.6140691532699,106.57722029370164,11.568531893028126,29.321820785816865,88.21455950597448,102.93774418601387,11484.656365178525,52239.300288107246,82021.63849199339,89467.22304296494
1787420336769,2.0,205.97103511305139,205.97103511305139,205.97103511305139,205.97103511305139,50.52188341050456,50.52188341050456,50.52188341050456,50.52188341050456,8.10358589091734,27.22009922623584,46.33661256155433,51.11574089538396,10207.904892256507,46013.669393067365,81819.43389387822,90770.87501908094
1787420336840,2.0,206.99537570181195,206.99537570181195,206.99537570181195,206.99537570181195,18.320473366050305,18.320473366050305,18.320473366050305,18.320473366050305,2.9530047961791652,9.877071573737654,16.801138351296142,18.532155045685766,10277.63012686267,46407.71705987991,82537.80399289716,91570.32572615147
1787420336902,2.0,179.95813855244637,179.95813855244637,179.95813855244637,179.95813855244637,149.35720663576961,149.35720663576961,149.35720663576961,149.35720663576961,22.09039547441832,81.77871015587584,141.46702483733335,156.38910350769774,56771.39217792619,72716.94219438825,88662.49221085031,92648.87971496582
1787420336972,3.0,126.34864849084848,136.6233114168496,177.7219631208541,226.98267726098862,34.06431154972722,75.42263001175843,80.01088222300655,81.15794527581858,4.744946386843885,23.72473193421942,65.08305039625063,75.42263001175843,19771.697574451566,48734.49424281716,83514.80903844089,92209.88773734681
1787420337035,4.0,100.33979672564853,113.81709599174215,199.05040135204106,286.3572631310873,9.747723534624685,17.24005615167906,30.955996697225405,32.04196336824297,2.571744598548495,9.747723534624685,24.18591054057181,29.870030026207843,7504.463819735125,30013.565019516274,78889.26478922219,92320.02681486309
1787420337097,1.0,7777777.0,7777777.0,7777777.0,7777777.0,0.0,0.0,0.0,0.0,169.52552611898486,169.52552611898486,169.52552611898486,169.52552611898486,91981.03894361854,91981.03894361854,91981.03894361854,91981.03894361854
1787420337158,2.0,318.2726918324934,318.2726918324934,318.2726918324934,318.2726918324934,112.08029583369333,112.08029583369333,112.08029583369333,112.08029583369333,13.053317027802436,56.04243835829836,99.03155968879429,109.77884002141828,14198.844543792307,49587.43448806554,84976.02443233877,93823.17191840708
1787420337229,2.0,316.10791867416054,316.10791867416054,316.10791867416054,316.10791867416054,34.17367858645709,34.17367858645709,34.17367858645709,34.17367858645709,3.9514934053007877,17.087737624545593,30.2239818437904,33.5080428986016,14291.048484174256,50062.7172759478,85834.38606772134,94777.30326566473
1787420337300,2.0,301.0586838855582,301.0586838855582,301.0586838855582,301.0586838855582,235.7292367994577,235.7292367994577,235.7292367994577,235.7292367994577,28.89898260989826,118.24702220802514,207.59506180615205,229.93207170568377,14451.36889068922,51194.20678855805,87937.04468642687,97122.75416089408
1787420337370,2.0,288.48436033973314,288.48436033973314,288.48436033973314,288.48436033973314,192.07543991734093,192.07543991734093,192.07543991734093,192.07543991734093,20.8288761856001,96.55365762573365,172.2784390658672,191.2096344259006,14496.145074441656,51509.42349359207,88522.70191274249,97776.02151753008
1787420337430,2.0,283.91766443550404,283.91766443550404,283.91766443550404,283.91766443550404,81.73726543590098,81.73726543590098,81.73726543590098,81.73726543590098,8.778679076301794,41.10427053155492,73.42986198680804,81.51125985062131,14509.830782880541,51592.34147788538,88674.85217289021,97945.47984664142
1787420337501,1.0,7777777.0,7777777.0,7777777.0,7777777.0,0.0,0.0,0.0,0.0,132.5349160861165,132.5349160861165,132.5349160861165,132.5349160861165,98729.56065787375,98729.56065787375,98729.56065787375,98729.56065787375
1787420337581,2.0,260.31535751734543,260.31535751734543,260.31535751734543,260.31535751734543,184.79042430936866,184.79042430936866,184.79042430936866,184.79042430936866,19.24067826039751,92.50533533084557,165.76999240129362,184.08615666890563,14558.470242257976,51693.36888496857,88828.26752767917,98111.99218835682
1787420337641,2.0,255.05256836343227,255.05256836343227,255.05256836343227,255.05256836343227,89.09337304437625,89.09337304437625,89.09337304437625,89.09337304437625,9.16813786923399,44.63074872652505,80.09335958381611,88.95901229813887,14547.08253648635,51574.48879602086,88601.89505555536,97858.746620439
1787420337712,1.0,7777777.0,7777777.0,7777777.0,7777777.0,0.0,0.0,0.0,0.0,105.33490575310164,105.33490575310164,105.33490575310164,105.33490575310164,98382.52653099597,98382.52653099597,98382.52653099597,98382.52653099597
1787420337773,1.0,7777777.0,7777777.0,7777777.0,7777777.0,0.0,0.0,0.0,0.0,140.87101674643145,140.87101674643145,140.87101674643145,140.87101674643145,93142.37119979784,93142.37119979784,93142.37119979784,93142.37119979784
1787420337834,1.0,7777777.0,7777777.0,7777777.0,7777777.0,0.0,0.0,0.0,0.0,49.04554379631521,49.04554379631521,49.04554379631521,49.04554379631521,91763.92620868701,91763.92620868701,91763.92620868701,91763.92620868701
1787420337894,1.0,7777777.0,7777777.0,7777777.0,7777777.0,0.0,0.0,0.0,0.0,133.27129005374854,133.27129005374854,133.27129005374854,133.27129005374854,92716.63108284771,92716.63108284771,92716.63108284771,92716.63108284771
1787420337976,1.0,7777777.0,7777777.0,7777777.0,7777777.0,0.0,0.0,0.0,0.0,375.8285041517862,375.8285041517862,375.8285041517862,375.8285041517862,91670.72974141501,91670.72974141501,91670.72974141501,91670.72974141501
1787420338038,1.0,7777777.0,7777777.0,7777777.0,7777777.0,0.0,0.0,0.0,0.0,181.3447084037429,181.3447084037429,181.3447084037429,181.3447084037429,91167.08614608273,91167.08614608273,91167.08614608273,91167.08614608273
1787420338108,1.0,7777777.0,7777777.0,7777777.0,7777777.0,0.0,0.0,0.0,0.0,128.68081541362045,128.68081541362045,128.68081541362045,128.68081541362045,91077.15300440323,91077.15300440323,91077.15300440323,91077.15300440323
1787420338169,1.0,7777777.0,7777777.0,7777777.0,7777777.0,0.0,0.0,0.0,0.0,105.73515205148705,105.73515205148705,105.73515205148705,105.73515205148705,90352.77389410883,90352.77389410883,90352.77389410883,90352.77389410883
1787420338240,1.0,7777777.0,7777777.0,7777777.0,7777777.0,0.0,0.0,0.0,0.0,28.745494074725674,28.745494074725674,28.745494074725674,28.745494074725674,90220.06232568063,90220.06232568063,90220.06232568063,90220.06232568063
1787420338301,1.0,7777777.0,7777777.0,7777777.0,7777777.0,0.0,0.0,0.0,0.0,135.0986728912333,135.0986728912333,135.0986728912333,135.0986728912333,91200.11020657606,91200.11020657606,91200.11020657606,91200.11020657606
1787420338371,2.0,122.6622687606568,122.6622687606568,122.6622687606568,122.6622687606568,244.30431751334226,244.30431751334226,244.30431751334226,244.30431751334226,28.371901810039716,124.4684564791373,220.56501114823487,244.58914981550927,92170.04284438537,94324.96303854743,96479.88323270949,97018.61328125
1787420338443,2.0,126.67058096883976,126.67058096883976,126.67058096883976,126.67058096883976,84.9791042431188,84.9791042431188,84.9791042431188,84.9791042431188,10.172274639131853,43.35743981892314,76.54260499871444,84.83889629366226,92456.40178362513,94560.52703256952,96664.6522815139,97190.68359375
1787420338504,2.0,137.70930564370963,137.70930564370963,137.70930564370963,137.70930564370963,247.39088908469947,247.39088908469947,247.39088908469947,247.39088908469947,31.108451617141036,127.1599098531232,223.21136808910535,247.2242326481009,92149.48026529848,94613.11403627694,97076.7478072554,97692.65625
1787420338576,2.0,148.6420652074105,148.6420652074105,148.6420652074105,148.6420652074105,195.022533114657,195.022533114657,195.022533114657,195.022533114657,21.241508141943417,98.51202475919625,175.78254137644907,195.10017053076228,92020.54977679579,94444.35925099766,96868.16872519953,97474.12109375
1787420338637,2.0,152.60262273847738,152.60262273847738,152.60262273847738,152.60262273847738,80.41536278252732,80.41536278252732,80.41536278252732,80.41536278252732,9.027800363414135,40.772486704365754,72.51717304531738,80.45334463055528,91956.77577731022,94363.9986957279,96771.22161414559,97373.02734375
1787420338698,2.0,161.59171458451038,161.59171458451038,161.59171458451038,161.59171458451038,177.23495604628008,177.23495604628008,177.23495604628008,177.23495604628008,24.627746279511484,92.57712791395085,160.5265095483902,177.51385495700006,91783.07508943276,94038.96532746265,96294.85556549253,96858.828125
1787420338779,2.0,165.58050863725137,165.58050863725137,165.58050863725137,165.58050863725137,55.92148519515603,55.92148519515603,55.92148519515603,55.92148519515603,10.802716645655341,30.84735058938782,50.8919845331203,55.90314301905342,89552.07419181084,92573.31378711713,95594.55338242343,96349.86328125
1787420338838,2.0,166.99122307758805,166.99122307758805,166.99122307758805,166.99122307758805,26.6411411082154,26.6411411082154,26.6411411082154,26.6411411082154,5.433602384988019,14.824427444007894,24.215252503027767,26.562958767782735,88673.32816026262,91996.68404736812,95320.03993447362,96150.87890625
1787420338909,2.0,167.51699603830818,167.51699603830818,167.51699603830818,167.51699603830818,12.87986966900207,12.87986966900207,12.87986966900207,12.87986966900207,3.7649042494550873,8.381491977909238,12.998079706363391,14.152226638476929,88816.6742153354,91954.46310574189,95092.25199614838,95876.69921875
1787420338969,2.0,166.16904584917225,166.16904584917225,166.16904584917225,166.16904584917225,23.071162942791688,23.071162942791688,23.071162942791688,23.071162942791688,3.161246477353611,11.700600876351391,20.23995527534917,22.374793875098614,89410.10447356687,92273.1222769816,95136.14008039632,95851.89453125
1787420339039,3.0,0.6371006390845652,33.50006930992904,164.9519439933069,165.4592658556757,1.8894357708321783,8.175903742553748,8.318355534895058,8.353968482980386,0.06356375558035714,0.3178187779017857,6.6042867496233555,8.175903742553748,90367.36059752703,95841.015625,95994.89232467712,96033.36149959639
1787420339100,2.0,165.7415102289345,165.7415102289345,165.7415102289345,165.7415102289345,14.934032012995296,14.934032012995296,14.934032012995296,14.934032012995296,2.5644755409979707,8.5118948668751,14.459314192752228,15.94616902422151,89663.30447190096,92491.57540105609,95319.84633021122,96026.9140625
1787420339182,2.0,166.06581683725625,166.06581683725625,166.06581683725625,166.06581683725625,7.242030199956091,7.242030199956091,7.242030199956091,7.242030199956091,0.9366934847751346,3.833441223418356,6.730188962061577,7.454375896722382,89569.64874999202,92418.08611110668,95266.52347222134,95978.6328125
1787420339242,3.0,1.1596898681179055,33.926107683127626,164.99177894316648,165.91530818755038,0.8943243168947511,4.113548667807089,4.183641400236137,4.2011645833434,0.017903645833333336,0.08951822916666667,3.3788353125080532,4.2011645833434,90273.99941556454,95958.6328125,96165.01953710616,96216.6162182577
1787420339304,3.0,0.7790628962749127,34.09201135714959,167.34380520064826,167.94771068623157,12.111648929319987,34.14036284934168,38.61591003577512,39.73479683238349,5.222015281017,8.956304211635489,30.25166602638515,35.57550648007256,89307.46452204212,94867.24188668653,95333.98656996115,95450.67274077982
1787420339373,3.0,0.9314347070572938,34.59122566065197,169.23038947503068,169.97074061010125,10.113604668674782,30.87497141688099,31.350920992047843,31.469908385839556,4.154776797821377,4.228024578525035,28.386466961672213,34.426077557459,88117.13380696625,95041.52584508434,95145.22171605751,95171.1456838008
1787420339435,3.0,1.0094994695954562,34.82417790188892,170.08289163106278,170.87024855663896,4.791701744319546,15.505390251242934,15.598782992507212,15.622131177823281,1.6503440328561982,1.7242096512526675,13.804741663023405,16.82487466596609,87572.48295951188,94906.81133331358,95231.22694341242,95312.33084593713
1787420339508,3.0,0.9623591235755812,34.806610815989465,170.183617585645,170.9337383046718,1.6594780564041107,5.714299819314601,5.730965051213536,5.73513135918827,1.9276705720176972,2.242501893618456,3.9309349597388903,4.353043226268999,87557.55948086642,95250.7077856455,95399.84891548342,95437.13419794291
1787420339579,3.0,0.8456651632849886,34.554572623789575,169.3902024658079,170.06514828926802,5.938696309923059,13.478671896369624,14.1101665026557,14.268040154227219,2.7723262761938314,4.030868118890583,13.49591739214047,15.86217971045294,88040.07387617938,94829.27004834637,95321.07430447266,95444.02536850423
1787420339641,3.0,0.8314273863659556,34.48735888879241,169.11108489849823,169.7640719673165,2.400128897233481,5.344400863734959,5.698230633939239,5.786688076490308,1.2073656589076673,1.610022171919193,5.456439288214485,6.418043567288307,88210.11056079715,94651.32735884562,95347.03513676002,95520.96208123863
1787420339710,2.0,168.170072925071,168.170072925071,168.170072925071,168.170072925071,26.749277743742507,26.749277743742507,26.749277743742507,26.749277743742507,5.929435973492877,15.321048263704592,24.712660553916308,27.060563626469236,88587.60148212631,91834.92617062572,95082.25085912514,95894.08203125
1787420339772,2.0,162.45344635261517,162.45344635261517,162.45344635261517,162.45344635261517,107.9968489296725,107.9968489296725,107.9968489296725,107.9968489296725,11.528902433992855,54.40374226069008,97.2785820873873,107.99729204406161,89510.38457985739,92341.36816936522,95172.35175887305,95880.09765625
1787420339834,2.0,160.14520225506277,160.14520225506277,160.14520225506277,160.14520225506277,44.074875869987274,44.074875869987274,44.074875869987274,44.074875869987274,4.690953664278505,22.19468767623123,39.698421688183956,44.07435519117214,90000.93695222396,92610.99795956886,95221.05896691377,95873.57421875
1787420339915,2.0,162.72399901198227,162.72399901198227,162.72399901198227,162.72399901198227,46.882734420456,46.882734420456,46.882734420456,46.882734420456,10.96392293098642,26.318457247524698,41.672991564062976,45.51162514319754,90118.07017575335,92879.5789170852,95641.08765841703,96331.46484375
1787420339976,2.0,161.5579070505114,161.5579070505114,161.5579070505114,161.5579070505114,19.135645821101193,19.135645821101193,19.135645821101193,19.135645821101193,3.7353673315261915,11.020426565417843,18.305485799309494,20.126750607782405,90954.8668985567,93304.70904086484,95654.55118317297,96242.01171875
1787420340067,2.0,162.50974857358486,162.50974857358486,162.50974857358486,162.50974857358486,10.99897725519523,10.99897725519523,10.99897725519523,10.99897725519523,2.923118037303401,5.8184790944840366,8.713840151664673,9.437680415959832,91115.81762563545,93281.27020868636,95446.72279173727,95988.0859375
1787420340147,2.0,162.8604224569808,162.8604224569808,162.8604224569808,162.8604224569808,4.690989546489311,4.690989546489311,4.690989546489311,4.690989546489311,1.2663292793126655,2.468121005938327,3.6699127325639895,3.970360664220405,91219.96552901101,93295.66661333945,95371.36769766788,95890.29296875
1787420340228,2.0,162.17706445066736,162.17706445066736,162.17706445066736,162.17706445066736,11.376848068141573,11.376848068141573,11.376848068141573,11.376848068141573,2.8792289559432085,6.872996631567894,10.866764307192579,11.865206226098751,91441.4579878101,93516.53047933895,95591.6029708678,96110.37109375
1787420340308,2.0,163.5813599214927,163.5813599214927,163.5813599214927,163.5813599214927,24.04278249735278,24.04278249735278,24.04278249735278,24.04278249735278,8.290057147106813,15.101408782409063,21.912760417711315,23.615598326536876,90780.258561174,93412.31378398556,96044.36900679712,96702.3828125
1787420340380,2.0,164.1059956469526,164.1059956469526,164.1059956469526,164.1059956469526,9.91887437257494,9.91887437257494,9.91887437257494,9.91887437257494,3.444022671298564,6.245653178541431,9.047283685784299,9.747691312595016,90534.27426947086,93374.26695526158,96214.25964105231,96924.2578125
1787420340441,2.0,158.81926809976406,158.81926809976406,158.81926809976406,158.81926809976406,115.21290918073218,115.21290918073218,115.21290918073218,115.21290918073218,17.963650335760033,60.763516151136216,103.56338196651241,114.26334842035645,90359.7522478459,93104.05506824772,95848.35788864954,96534.43359375
1787420340511,2.0,154.09821107050809,154.09821107050809,154.09821107050809,154.09821107050809,84.72569135866141,84.72569135866141,84.72569135866141,84.72569135866141,8.943559944350072,42.609471038714645,76.27538213307922,84.69185990667036,90378.38481560648,93077.76586978137,95777.14692395627,96451.9921875
1787420340571,3.0,1.1499324543568206,31.204193118541546,151.42123577528042,152.25995505220666,8.7917437144229,34.636546884496845,36.47260866710645,36.93162411275885,0.4661085843808824,2.330542921904412,30.01140787458796,36.93162411275885,91136.8576390162,96134.83595026284,96328.72535971105,96377.1977120731
1787420340632,2.0,143.41596431960104,143.41596431960104,143.41596431960104,143.41596431960104,186.99576819451252,186.99576819451252,186.99576819451252,186.99576819451252,29.89080478493046,104.53884033150598,179.1868758780815,197.8488847647254,90606.55077074915,92817.39191169292,95028.23305263669,95580.94333787262
1787420340713,2.0,139.23293878921564,139.23293878921564,139.23293878921564,139.23293878921564,63.10323775206749,63.10323775206749,63.10323775206749,63.10323775206749,15.661704923361004,32.332652254936235,49.00359958651148,53.171336419405286,90934.4626173824,93444.43235687912,95954.40209637582,96581.89453125
1787420340784,3.0,1.0656581991126732,28.44828708035882,137.97880260534342,138.4027011771423,6.287750980027106,21.563094688867917,21.572501799730457,21.574853577446092,0.4937830105633803,2.4689150528169015,17.744258761657715,21.563094688867917,91876.39421896935,96825.41015625,96949.80979617834,96980.90970616043
1787420340845,3.0,0.8756332261519698,27.60346744968822,134.51480434383322,134.91239853375433,17.145857765001544,71.65343532960618,73.56508921872201,74.04300269100096,2.7059456993614472,3.340424084272541,57.97119173112663,71.62888364284015,92468.74783870578,97103.5546875,97118.66867356002,97122.44717007503
1787420340907,1.0,7777777.0,7777777.0,7777777.0,7777777.0,0.0,0.0,0.0,0.0,41.49755673752602,41.49755673752602,41.49755673752602,41.49755673752602,91987.70197720174,91987.70197720174,91987.70197720174,91987.70197720174
1787420340968,2.0,131.76098186001886,131.76098186001886,131.76098186001886,131.76098186001886,14.46878378273397,14.46878378273397,14.46878378273397,14.46878378273397,4.0675064373413505,8.617789745141714,13.168073052942077,14.305643879892168,92748.37573459503,94803.51603310835,96858.65633162166,97372.44140625
1787420341222,2.0,119.1196322626533,119.1196322626533,119.1196322626533,119.1196322626533,71.6283210802743,71.6283210802743,71.6283210802743,71.6283210802743,8.218278994952524,36.425329368217334,64.63237974148215,71.68414233479835,95857.43703410961,96777.72543561645,97698.01383712329,97928.0859375
1787420341303,1.0,7777777.0,7777777.0,7777777.0,7777777.0,0.0,0.0,0.0,0.0,105.2092574971234,105.2092574971234,105.2092574971234,105.2092574971234,97155.32685575075,97155.32685575075,97155.32685575075,97155.32685575075
1787420341374,1.0,7777777.0,7777777.0,7777777.0,7777777.0,0.0,0.0,0.0,0.0,43.508192438823244,43.508192438823244,43.508192438823244,43.508192438823244,97869.05118679442,97869.05118679442,97869.05118679442,97869.05118679442
1787420341455,1.0,7777777.0,7777777.0,7777777.0,7777777.0,0.0,0.0,0.0,0.0,57.19330942964905,57.19330942964905,57.19330942964905,57.19330942964905,98151.51989222504,98151.51989222504,98151.51989222504,98151.51989222504
1787420341516,1.0,7777777.0,7777777.0,7777777.0,7777777.0,0.0,0.0,0.0,0.0,45.28553892194773,45.28553892194773,45.28553892194773,45.28553892194773,99379.60598346405,99379.60598346405,99379.60598346405,99379.60598346405
1787420341577,1.0,7777777.0,7777777.0,7777777.0,7777777.0,0.0,0.0,0.0,0.0,14.667384979884444,14.667384979884444,14.667384979884444,14.667384979884444,99709.74727213383,99709.74727213383,99709.74727213383,99709.74727213383
1787420341639,1.0,7777777.0,7777777.0,7777777.0,7777777.0,0.0,0.0,0.0,0.0,68.63258045016308,68.63258045016308,68.63258045016308,68.63258045016308,100956.13142116368,100956.13142116368,100956.13142116368,100956.13142116368
1787420341709,1.0,7777777.0,7777777.0,7777777.0,7777777.0,0.0,0.0,0.0,0.0,36.5609738756939,36.5609738756939,36.5609738756939,36.5609738756939,101662.3509472236,101662.3509472236,101662.3509472236,101662.3509472236
1787420341769,1.0,7777777.0,7777777.0,7777777.0,7777777.0,0.0,0.0,0.0,0.0,13.84245028147556,13.84245028147556,13.84245028147556,13.84245028147556,101667.13108975813,101667.13108975813,101667.13108975813,101667.13108975813
1787420341850,1.0,7777777.0,7777777.0,7777777.0,7777777.0,0.0,0.0,0.0,0.0,39.96480916547681,39.96480916547681,39.96480916547681,39.96480916547681,102843.19847799093,102843.19847799093,102843.19847799093,102843.19847799093
1787420341912,1.0,7777777.0,7777777.0,7777777.0,7777777.0,0.0,0.0,0.0,0.0,104.02444011427202,104.02444011427202,104.02444011427202,104.02444011427202,103950.5519035086,103950.5519035086,103950.5519035086,103950.5519035086
1787420341982,1.0,7777777.0,7777777.0,7777777.0,7777777.0,0.0,0.0,0.0,0.0,33.249211857821685,33.249211857821685,33.249211857821685,33.249211857821685,104224.62434135377,104224.62434135377,104224.62434135377,104224.62434135377
1787420342042,1.0,7777777.0,7777777.0,7777777.0,7777777.0,0.0,0.0,0.0,0.0,363.0572965323576,363.0572965323576,363.0572965323576,363.0572965323576,108813.05580534227,108813.05580534227,108813.05580534227,108813.05580534227
1787420342103,1.0,7777777.0,7777777.0,7777777.0,7777777.0,0.0,0.0,0.0,0.0,175.2199850609934,175.2199850609934,175.2199850609934,175.2199850609934,110466.23666635528,110466.23666635528,110466.23666635528,110466.23666635528
1787420342173,1.0,7777777.0,7777777.0,7777777.0,7777777.0,0.0,0.0,0.0,0.0,55.44919549301349,55.44919549301349,55.44919549301349,55.44919549301349,111575.90785062313,111575.90785062313,111575.90785062313,111575.90785062313
1787420342253,1.0,7777777.0,7777777.0,7777777.0,7777777.0,0.0,0.0,0.0,0.0,45.16135153659223,45.16135153659223,45.16135153659223,45.16135153659223,115876.6691677915,115876.6691677915,115876.6691677915,115876.6691677915
1787420342314,1.0,7777777.0,7777777.0,7777777.0,7777777.0,0.0,0.0,0.0,0.0,185.6007380418398,185.6007380418398,185.6007380418398,185.6007380418398,114848.53237885237,114848.53237885237,114848.53237885237,114848.53237885237
1787420342385,1.0,7777777.0,7777777.0,7777777.0,7777777.0,0.0,0.0,0.0,0.0,64.23010590681844,64.23010590681844,64.23010590681844,64.23010590681844,113918.62563155964,113918.62563155964,113918.62563155964,113918.62563155964
1787420342446,1.0,7777777.0,7777777.0,7777777.0,7777777.0,0.0,0.0,0.0,0.0,133.76552876332394,133.76552876332394,133.76552876332394,133.76552876332394,112447.21375223994,112447.21375223994,112447.21375223994,112447.21375223994
1787420342508,1.0,7777777.0,7777777.0,7777777.0,7777777.0,0.0,0.0,0.0,0.0,233.99743980268556,233.99743980268556,233.99743980268556,233.99743980268556,113118.29211056978,113118.29211056978,113118.29211056978,113118.29211056978
1787420342569,1.0,7777777.0,7777777.0,7777777.0,7777777.0,0.0,0.0,0.0,0.0,87.63330662300271,87.63330662300271,87.63330662300271,87.63330662300271,113238.2038417831,113238.2038417831,113238.2038417831,113238.2038417831
1787420342650,1.0,7777777.0,7777777.0,7777777.0,7777777.0,0.0,0.0,0.0,0.0,92.58369164063087,92.58369164063087,92.58369164063087,92.58369164063087,109632.55150468089,109632.55150468089,109632.55150468089,109632.55150468089
1787420342711,2.0,247.9941505706727,247.9941505706727,247.9941505706727,247.9941505706727,5.110057499932143,5.110057499932143,5.110057499932143,5.110057499932143,0.5110057499932144,2.5550287499660715,4.599051749938929,5.110057499932143,15600.602648432461,56611.03737189947,97621.47209536648,107874.08077623323
1787420342783,2.0,247.8212639840856,247.8212639840856,247.8212639840856,247.8212639840856,2.434807708236869,2.434807708236869,2.434807708236869,2.434807708236869,0.9506936008916332,1.9015944877907174,2.8524953746898016,3.090220596414573,15527.050769720972,56203.977302871644,96880.90383602232,107050.13546930999
1787420342843,2.0,261.8425586623404,261.8425586623404,261.8425586623404,261.8425586623404,238.2815575738826,238.2815575738826,238.2815575738826,238.2815575738826,26.237620767970302,119.96769048950475,213.6977602110392,237.1302776414228,15354.46702500256,55444.92169315973,95535.37636131691,105557.9900283562
1787420342905,1.0,7777777.0,7777777.0,7777777.0,7777777.0,0.0,0.0,0.0,0.0,165.47200405896137,165.47200405896137,165.47200405896137,165.47200405896137,104234.03885187395,104234.03885187395,104234.03885187395,104234.03885187395
1787420342974,1.0,7777777.0,7777777.0,7777777.0,7777777.0,0.0,0.0,0.0,0.0,53.036063200170695,53.036063200170695,53.036063200170695,53.036063200170695,103350.39903483354,103350.39903483354,103350.39903483354,103350.39903483354
1787420343045,1.0,7777777.0,7777777.0,7777777.0,7777777.0,0.0,0.0,0.0,0.0,145.348836007058,145.348836007058,145.348836007058,145.348836007058,100350.42054247111,100350.42054247111,100350.42054247111,100350.42054247111
1787420343117,1.0,7777777.0,7777777.0,7777777.0,7777777.0,0.0,0.0,0.0,0.0,110.83861203458322,110.83861203458322,110.83861203458322,110.83861203458322,97335.99761127494,97335.99761127494,97335.99761127494,97335.99761127494
1787420343177,2.0,259.8325785499616,259.8325785499616,259.8325785499616,259.8325785499616,46.14428769891115,46.14428769891115,46.14428769891115,46.14428769891115,4.6144287698911155,23.072143849455575,41.52985892902004,46.14428769891115,10797.928790561156,48663.26654905663,86528.6043075521,95994.93874717597
1787420343247,2.0,244.78068115550084,244.78068115550084,244.78068115550084,244.78068115550084,238.92631457306788,238.92631457306788,238.92631457306788,238.92631457306788,42.31468627476063,129.55711592452258,216.7995455742845,238.61015298672498,10451.917748735461,47532.37082627643,84612.82390381739,93882.93717320263
1787420343308,2.0,235.16338507214022,235.16338507214022,235.16338507214022,235.16338507214022,161.85229266616233,161.85229266616233,161.85229266616233,161.85229266616233,30.237727315513634,88.45667327756331,146.67561923961298,161.2303557301254,10457.184197372471,47000.05441916335,83542.92464095424,92678.64219640195
1787420343379,2.0,231.75250601445998,231.75250601445998,231.75250601445998,231.75250601445998,49.52177298469289,49.52177298469289,49.52177298469289,49.52177298469289,8.643970875305653,26.02959984730816,43.41522881931066,47.76163606231129,10449.279471416987,46834.45313055991,83219.62678970283,92315.92020448856
1787420343450,2.0,224.87023262419777,224.87023262419777,224.87023262419777,224.87023262419777,120.17656568155299,120.17656568155299,120.17656568155299,120.17656568155299,24.40371972005137,66.38720562784387,108.37069153563637,118.86656301258449,10504.298419767001,47585.57233494817,84666.84625012934,93937.16472892463
1787420343512,2.0,219.9680109496702,219.9680109496702,219.9680109496702,219.9680109496702,93.04582102434534,93.04582102434534,93.04582102434534,93.04582102434534,10.386161831384745,47.072213454694435,83.75826507800411,92.92977798383154,10604.422931490653,48090.70742070582,85576.99190992098,94948.56303222477
1787420343582,2.0,218.36553121047143,218.36553121047143,218.36553121047143,218.36553121047143,27.29709695481177,27.29709695481177,27.29709695481177,27.29709695481177,2.9771299643576445,13.771230087974354,24.565330211591064,27.26385524249524,10640.573400825193,48265.21841951704,85889.8634382089,95296.02469288185
1787420343644,2.0,214.64317194098155,214.64317194098155,214.64317194098155,214.64317194098155,76.99296247340779,76.99296247340779,76.99296247340779,76.99296247340779,17.145539509868794,41.79748705328556,66.44943459670232,72.61242148255651,10573.779126789817,48169.30347234488,85764.82781789995,95163.70890428871
1787420343705,2.0,211.54882567378985,211.54882567378985,211.54882567378985,211.54882567378985,55.08380701418439,55.08380701418439,55.08380701418439,55.08380701418439,8.184162117345299,28.338594318042073,48.49302651873885,53.53163456891304,10571.90813462399,48259.8829865586,85947.85783849322,95369.85155147687
1787420343786,2.0,210.58252752399082,210.58252752399082,210.58252752399082,210.58252752399082,12.818336453092007,12.818336453092007,12.818336453092007,12.818336453092007,1.9186201692492355,6.586383706778668,11.2541472443081,12.421088128690458,10569.979915722903,48264.44988021569,85958.91984470848,95382.53733583167
1787420343846,2.0,206.7058891018223,206.7058891018223,206.7058891018223,206.7058891018223,75.58585513938046,75.58585513938046,75.58585513938046,75.58585513938046,9.010508964882199,37.793224238231396,66.5759395115806,73.7716183299179,10544.013822049228,48111.42374495766,85678.8336678661,95070.6861485932
1787420343916,2.0,204.25746684831125,204.25746684831125,204.25746684831125,204.25746684831125,39.98904257285296,39.98904257285296,39.98904257285296,39.98904257285296,5.730198678053066,20.099896476623172,34.46959427519328,38.06201872483581,10536.967252500292,48092.32917858698,85647.69110467366,95036.53158619534
1787420343977,2.0,203.50620531176358,203.50620531176358,203.50620531176358,203.50620531176358,14.069407230497792,14.069407230497792,14.069407230497792,14.069407230497792,2.1637234673397248,7.108113139745783,12.052502812151843,13.288600230253357,10536.812672564109,48073.55962129915,85610.3065700342,94994.49330721796
1787420344047,2.0,203.84232754960487,203.84232754960487,203.84232754960487,203.84232754960487,4.989389580582292,4.989389580582292,4.989389580582292,4.989389580582292,2.965742913824317,4.296891034375699,5.628039154927081,5.960826185064927,10562.731509609357,48164.80419351731,85766.87687742527,95167.39504840225
1787420344110,2.0,203.98806798325865,203.98806798325865,203.98806798325865,203.98806798325865,2.3940783545333453,2.3940783545333453,2.3940783545333453,2.3940783545333453,1.0211764746636378,1.3453149376748605,1.6694534006860833,1.750488016438889,10576.55503739873,48117.83180025639,85659.10856311404,95044.42775382847
1787420344190,2.0,204.1717213722608,204.1717213722608,204.1717213722608,204.1717213722608,2.419956924190363,2.419956924190363,2.419956924190363,2.419956924190363,0.6571398753501795,1.213034982756825,1.7689300901634706,1.907903867015132,10584.947675699148,48102.43575171969,85619.92382774023,94999.29584674537
1787420344251,2.0,205.78039766739138,205.78039766739138,205.78039766739138,205.78039766739138,34.37762995539191,34.37762995539191,34.37762995539191,34.37762995539191,4.410046849232775,17.761450760286625,31.112854671340475,34.45070564910394,10476.347564945941,47686.527739616635,84896.70791428733,94199.252957955
1787420344314,2.0,207.59161882706658,207.59161882706658,207.59161882706658,207.59161882706658,33.87601183838064,33.87601183838064,33.87601183838064,33.87601183838064,7.001832398031446,18.788627097114556,30.57542179619767,33.522120470968446,10454.073568058142,47456.17910896166,84458.28464986518,93708.81103509106
1787420344375,2.0,208.3562936047232,208.3562936047232,208.3562936047232,208.3562936047232,14.670610851170084,14.670610851170084,14.670610851170084,14.670610851170084,2.884071916030721,8.05787970675182,13.231687497472917,14.525139445153192,10444.47550224103,47353.66655227728,84262.85760231354,93490.1553648226
1787420344447,2.0,212.30375534313816,212.30375534313816,212.30375534313816,212.30375534313816,63.2080206397466,63.2080206397466,63.2080206397466,63.2080206397466,7.175992819663591,31.76712507199756,56.35825732433153,62.50604038741503,10447.150382532296,47364.39446294273,84281.63854335315,93510.94956345577
1787420344509,2.0,214.36110746485514,214.36110746485514,214.36110746485514,214.36110746485514,36.015093317048525,36.015093317048525,36.015093317048525,36.015093317048525,5.7735027064736695,18.011084403387393,30.24866610030112,33.30806152452955,10471.491613001284,47458.68427086575,84445.87692873021,93692.67509319633
1787420344578,3.0,180.77239846816877,187.65163324084028,215.16857233152632,289.79099013042406,3.093420816120138,11.786198054733346,12.519332431405006,12.702616025572922,0.1840453012933672,0.9202265064668359,9.613003745080045,11.786198054733346,10965.217738955374,49914.50275629759,85012.6244724989,93787.15490154922
1787420344649,1.0,7777777.0,7777777.0,7777777.0,7777777.0,0.0,0.0,0.0,0.0,131.09376306562382,131.09376306562382,131.09376306562382,131.09376306562382,93149.05846530106,93149.05846530106,93149.05846530106,93149.05846530106
1787420344720,2.0,225.7819482729584,225.7819482729584,225.7819482729584,225.7819482729584,43.878614065717045,43.878614065717045,43.878614065717045,43.878614065717045,5.615036741652638,22.00720948760152,38.399382233550405,42.49742542003762,10232.47895616824,46239.980307572056,82247.48165897587,91249.35699682683
1787420344780,2.0,226.75625883937906,226.75625883937906,226.75625883937906,226.75625883937906,19.125817851021544,19.125817851021544,19.125817851021544,19.125817851021544,2.50150109628538,9.627579207737934,16.753657319190488,18.535176847053627,10177.735283336287,45970.5084006142,81763.28151789212,90711.47479721159
1787420344842,1.0,7777777.0,7777777.0,7777777.0,7777777.0,0.0,0.0,0.0,0.0,142.26713941107417,142.26713941107417,142.26713941107417,142.26713941107417,94228.68001157977,94228.68001157977,94228.68001157977,94228.68001157977
1787420344923,1.0,7777777.0,7777777.0,7777777.0,7777777.0,0.0,0.0,0.0,0.0,101.54654400066428,101.54654400066428,101.54654400066428,101.54654400066428,96190.56531289592,96190.56531289592,96190.56531289592,96190.56531289592
1787420344983,1.0,7777777.0,7777777.0,7777777.0,7777777.0,0.0,0.0,0.0,0.0,50.98015053591439,50.98015053591439,50.98015053591439,50.98015053591439,97123.37806556001,97123.37806556001,97123.37806556001,97123.37806556001
1787420345053,1.0,7777777.0,7777777.0,7777777.0,7777777.0,0.0,0.0,0.0,0.0,362.2570674906373,362.2570674906373,362.2570674906373,362.2570674906373,100870.36866775528,100870.36866775528,100870.36866775528,100870.36866775528
1787420345109,2.0,274.14576476562115,274.14576476562115,274.14576476562115,274.14576476562115,248.72857310944624,248.72857310944624,248.72857310944624,248.72857310944624,24.872857310944624,124.36428655472312,223.85571579850162,248.72857310944624,14976.392444257066,53636.4686975833,92296.54495090953,101961.5640142411
1787420345177,2.0,269.3654645197951,269.3654645197951,269.3654645197951,269.3654645197951,75.25402230569733,75.25402230569733,75.25402230569733,75.25402230569733,8.268072105910822,38.26001419758006,68.2519562892493,75.74994181216661,14988.05596446097,53674.54860058427,92361.04123670756,102032.6643957384
1787420345249,2.0,253.01494179324513,253.01494179324513,253.01494179324513,253.01494179324513,227.21609429255986,227.21609429255986,227.21609429255986,227.21609429255986,31.12256947872192,113.85922711833851,196.5958847579551,217.28004916785926,14637.23417218579,52261.93959659478,89886.64502100376,99292.82137710601
1787420345320,1.0,7777777.0,7777777.0,7777777.0,7777777.0,0.0,0.0,0.0,0.0,99.602266982861,99.602266982861,99.602266982861,99.602266982861,96689.24777495861,96689.24777495861,96689.24777495861,96689.24777495861
1787420345391,1.0,7777777.0,7777777.0,7777777.0,7777777.0,0.0,0.0,0.0,0.0,34.07467093880442,34.07467093880442,34.07467093880442,34.07467093880442,96038.00163873844,96038.00163873844,96038.00163873844,96038.00163873844
1787420345452,1.0,7777777.0,7777777.0,7777777.0,7777777.0,0.0,0.0,0.0,0.0,234.79000329035452,234.79000329035452,234.79000329035452,234.79000329035452,91171.32280352572,91171.32280352572,91171.32280352572,91171.32280352572
1787420345514,1.0,7777777.0,7777777.0,7777777.0,7777777.0,0.0,0.0,0.0,0.0,578.1704006832078,578.1704006832078,578.1704006832078,578.1704006832078,86229.56890982203,86229.56890982203,86229.56890982203,86229.56890982203
1787420345574,1.0,7777777.0,7777777.0,7777777.0,7777777.0,0.0,0.0,0.0,0.0,214.45357229915822,214.45357229915822,214.45357229915822,214.45357229915822,84489.25700452877,84489.25700452877,84489.25700452877,84489.25700452877
1787420345646,1.0,7777777.0,7777777.0,7777777.0,7777777.0,0.0,0.0,0.0,0.0,144.14543817931727,144.14543817931727,144.14543817931727,144.14543817931727,83731.15009297803,83731.15009297803,83731.15009297803,83731.15009297803
1787420345718,1.0,7777777.0,7777777.0,7777777.0,7777777.0,0.0,0.0,0.0,0.0,101.26357610006824,101.26357610006824,101.26357610006824,101.26357610006824,82773.96596060414,82773.96596060414,82773.96596060414,82773.96596060414
1787420345789,1.0,7777777.0,7777777.0,7777777.0,7777777.0,0.0,0.0,0.0,0.0,32.052950108578855,32.052950108578855,32.052950108578855,32.052950108578855,82837.03009406477,82837.03009406477,82837.03009406477,82837.03009406477
1787420345850,2.0,126.68136816906649,126.68136816906649,126.68136816906649,126.68136816906649,458.4114058915885,458.4114058915885,458.4114058915885,458.4114058915885,71.52749120453606,242.28229522354164,413.03709924254724,455.7258002472986,84042.10648409688,89885.1372828316,95728.16808156631,97188.92578125
1787420345920,2.0,137.30388139672937,137.30388139672937,137.30388139672937,137.30388139672937,222.24116879252608,222.24116879252608,222.24116879252608,222.24116879252608,39.256334387284795,119.59710162392398,199.93786886056316,220.02306066972295,83538.04047917276,90395.1613773182,97252.28227546364,98966.5625
1787420346003,2.0,144.46785007461494,144.46785007461494,144.46785007461494,144.46785007461494,115.15076944253148,115.15076944253148,115.15076944253148,115.15076944253148,13.27324393059814,58.66843633220756,104.063628733817,115.41242683421935,83270.31789610535,90149.89015061408,97029.46240512282,98749.35546875
1787420346085,3.0,2.087919622430441,31.050643007234918,146.9015365464528,147.16786474830235,8.98755856529317,37.78774757113048,37.965142384232806,38.00949108750839,0.35750226276676833,1.7875113138338414,30.765095132773478,38.00949108750839,84370.57082069591,95769.21363973618,97999.03022794724,98556.484375
1787420346166,3.0,1.3314252118678813,30.688870083196267,148.11864956850982,148.87526717091566,17.089109341124825,21.445320466385834,33.993128528107405,37.130080543537794,7.787632993240157,14.10966622005881,21.776788520407372,23.693569095494514,85197.16809170209,96205.32241939567,97502.92385887913,97827.32421875
1787420346237,2.0,154.99723329923475,154.99723329923475,154.99723329923475,154.99723329923475,98.8929594976371,98.8929594976371,98.8929594976371,98.8929594976371,15.347609252629244,49.44862250698762,83.549635761346,92.07488907493558,83384.88442978128,88963.4114169802,94541.93840417913,95936.57015097886
1787420346317,2.0,156.92671506300866,156.92671506300866,156.92671506300866,156.92671506300866,27.901941411933578,27.901941411933578,27.901941411933578,27.901941411933578,4.303111576822622,13.951501418740435,23.599891260658246,26.0119887211377,83218.30973743423,88829.83879790828,94441.36785838232,95844.25012350082
1787420346378,2.0,159.9027534871241,159.9027534871241,159.9027534871241,159.9027534871241,53.07059665197487,53.07059665197487,53.07059665197487,53.07059665197487,6.85902089551643,27.00339513911549,47.14776938271455,52.183862943614315,82451.49824074842,88384.48220625706,94317.4661717657,95800.71216314286
1787420346440,2.0,160.97177004756213,160.97177004756213,160.97177004756213,160.97177004756213,20.985938013386587,20.985938013386587,20.985938013386587,20.985938013386587,4.0157887864546495,11.050353265842578,18.084917745230506,19.843558865077487,82474.23635021187,88342.06138497032,94209.88641972878,95676.84267841838
1787420346520,2.0,161.1301858643099,161.1301858643099,161.1301858643099,161.1301858643099,2.3845670166406063,2.3845670166406063,2.3845670166406063,2.3845670166406063,0.7118542353803922,1.3878039546918,2.0637536740032076,2.2327411038310596,82453.79554985747,88312.79995795083,94171.80436604419,95636.55546806753
1787420346590,2.0,160.4369416301928,160.4369416301928,160.4369416301928,160.4369416301928,13.087635891585682,13.087635891585682,13.087635891585682,13.087635891585682,2.497247215617014,6.7809194506463175,11.064591685675623,12.135509744432948,82276.61178546035,88096.28144410299,93915.95110274563,95370.86851740628
1787420346651,2.0,155.45035036962108,155.45035036962108,155.45035036962108,155.45035036962108,93.58048028104797,93.58048028104797,93.58048028104797,93.58048028104797,14.19511652313524,47.09841762597633,80.00171872881742,88.2275440045277,83129.49834841475,88820.07776079071,94510.65717316666,95933.30202626064
1787420346712,3.0,124.84082930213638,130.54876011148835,153.38048334889618,241.39862044755606,9.859532009452579,36.29320660608547,38.76248392641156,39.37980325649308,0.650222672058871,3.2511133602943545,29.68478795692725,36.29320660608547,21848.42562471181,82169.37846600264,93323.32070324272,96111.80626255274
1787420346783,3.0,0.47396570089049467,31.312290595145264,154.66559017216431,154.70010668962766,12.745994730478198,19.63412407745298,28.40364655707784,30.59602717698405,3.11071857176796,10.648423883454871,26.35402135262799,30.280420719921267,85331.85417595059,96213.59375,96254.27120470256,96264.4405683782
1787420346864,3.0,0.6397515461351171,30.543461102772795,150.1582993293235,150.63411059340262,17.68549331881747,59.204949078725036,64.94586859625105,66.38109847563254,1.6258020606324453,7.2775321974523495,54.56595466933298,66.38806028730313,85798.85486067757,96226.10639188066,96348.92440337614,96379.62890625
1787420346944,3.0,0.35344900509864186,29.035834605823144,143.76537700872115,144.04268141973407,22.825406318190936,94.89213351971256,95.51846475167375,95.67504755966405,2.41660361908858,2.4455669235678985,76.42627152616441,94.92144767681354,86790.0361890737,96141.171875,96392.13711963296,96454.8784307912
1787420347016,3.0,0.36037078149711815,28.554579410545266,141.33141392673787,141.55830586019633,9.90155784758704,40.51698842288835,40.84253488652399,40.923921502432904,1.1003038372790996,1.2334187825520835,32.99101218703845,40.93041053816004,87270.3540260002,96059.6875,96430.86300913841,96523.656886423
1787420347097,3.0,0.38442602637859347,27.83060156656541,137.61530372731266,137.9080441240238,15.87872013221849,61.70484683892014,63.485577437581824,63.93076008724724,2.207916563201199,2.8464234905478394,50.27027106775654,62.126232962058715,87570.92336099148,96350.79483670741,96446.59646734149,96470.546875
1787420347179,2.0,137.88395491353907,137.88395491353907,137.88395491353907,137.88395491353907,13.782080082187036,13.782080082187036,13.782080082187036,13.782080082187036,13.483101830058125,17.188547157455158,20.89399248485219,21.82035381670145,86757.18736738656,90542.14947799314,94327.11158859971,95273.35211625136
1787420347251,2.0,137.84433592134818,137.84433592134818,137.84433592134818,137.84433592134818,6.0776383440153925,6.0776383440153925,6.0776383440153925,6.0776383440153925,5.777180394168917,7.433733873268643,9.09028735236837,9.504425722143301,86964.37312446507,90485.66750604147,94006.96188761787,94887.28548301198
1787420347321,3.0,0.7619204156410759,27.355373291868066,133.72918479677602,134.14834996176904,25.964248224773247,43.67014395940734,60.468340665973294,64.66788984261478,5.64653970732804,21.86378897330315,39.46369362831242,43.863669792064734,88597.87705342472,95966.16802052781,96751.21797910557,96947.48046875
1787420347392,3.0,0.6382172078778157,27.04365876552041,132.6654249960908,132.9147949759541,7.624160432339426,25.803242167490293,27.391846646688425,27.78899776648796,0.987875478728339,3.3283931286769057,21.405352075009766,25.92459181159298,89615.72771073505,96447.59658811614,96889.20681762323,96999.609375
1787420347464,1.0,7777777.0,7777777.0,7777777.0,7777777.0,0.0,0.0,0.0,0.0,59.53761591321765,59.53761591321765,59.53761591321765,59.53761591321765,87865.92231845018,87865.92231845018,87865.92231845018,87865.92231845018
1787420347545,2.0,129.69222430485954,129.69222430485954,129.69222430485954,129.69222430485954,20.01338696795061,20.01338696795061,20.01338696795061,20.01338696795061,2.441634239596012,10.169676763748033,17.897719287900056,19.82972991893806,88750.94629754909,92439.85731808282,96128.76833861656,97050.99609375
1787420347627,2.0,127.70425417025989,127.70425417025989,127.70425417025989,127.70425417025989,32.273210458509894,32.273210458509894,32.273210458509894,32.273210458509894,3.502974256918332,16.292679497244094,29.08238473756986,32.2798110476513,89633.68555295635,92922.15169608686,96210.61783921738,97032.734375
1787420347709,3.0,0.187225341796875,25.511622864569468,126.80921295565983,126.90847977698228,5.214572669853359,23.676116969693624,23.87929848082232,23.930093858604497,0.11983731897865853,0.5991865948932926,19.06073089473356,23.676116969693624,91388.38288093134,97057.109375,97256.1875,97305.95703125
1787420347788,3.0,0.3114013671875,25.54569731306756,126.48288109658779,126.64890216151841,6.638838067764207,7.94726836492863,9.880376058718126,10.3636529821655,3.0185361451740507,3.3847470826740507,7.6959904038306926,8.773801234119853,91706.46249928027,97125.15625,97276.125,97313.8671875
1787420347850,3.0,1.992309308769303,26.382296804505625,123.9422467874509,125.46654755466191,33.97205000078474,48.88094556028663,67.6867699706804,72.38822607327884,6.852918435025412,30.54144764387706,63.85667712452048,72.18548449468133,91898.90230566151,95909.44039150514,97139.71620330102,97447.28515625
1787420347920,3.0,0.5337663765381037,25.199773942001933,123.86380420385723,124.23547437396566,8.344121679704346,21.072946153864592,23.210079766745363,23.744363169965556,1.6038233159767716,4.754607651312429,17.485267352054223,20.66793227723967,93439.88885697722,96859.57082438469,97319.44541487694,97434.4140625
1787420348001,3.0,1.619651489801891,24.708707796331293,117.0649330224489,118.26205191736423,36.10444085101712,126.17153621604417,134.64717129213327,136.76608006115552,3.759238249791746,12.903661349267372,112.13312730201237,136.94049379019862,95669.29174054675,96348.71796369739,97382.60296773948,97641.07421875
1787420348083,3.0,2.0211247306210645,24.553808493124794,114.68454354313971,116.16747740614568,13.272294673534375,46.75222434093812,49.904620141108886,50.692719091151574,1.3340240290305747,4.6872218982016545,41.538209374117244,50.75095624309614,96299.96714545452,96830.02978574298,97540.09970714859,97717.6171875
1787420348155,1.0,7777777.0,7777777.0,7777777.0,7777777.0,0.0,0.0,0.0,0.0,19.402762600193398,19.402762600193398,19.402762600193398,19.402762600193398,99981.11077895388,99981.11077895388,99981.11077895388,99981.11077895388
1787420348226,1.0,7777777.0,7777777.0,7777777.0,7777777.0,0.0,0.0,0.0,0.0,20.133567042680202,20.133567042680202,20.133567042680202,20.133567042680202,102606.1419118736,102606.1419118736,102606.1419118736,102606.1419118736
1787420348307,1.0,7777777.0,7777777.0,7777777.0,7777777.0,0.0,0.0,0.0,0.0,6.498438899916321,6.498438899916321,6.498438899916321,6.498438899916321,103648.39785658568,103648.39785658568,103648.39785658568,103648.39785658568
1787420348378,1.0,7777777.0,7777777.0,7777777.0,7777777.0,0.0,0.0,0.0,0.0,32.32067456970344,32.32067456970344,32.32067456970344,32.32067456970344,105199.1417171359,105199.1417171359,105199.1417171359,105199.1417171359
1787420348450,1.0,7777777.0,7777777.0,7777777.0,7777777.0,0.0,0.0,0.0,0.0,51.49003314861572,51.49003314861572,51.49003314861572,51.49003314861572,104145.23328098282,104145.23328098282,104145.23328098282,104145.23328098282
1787420348522,1.0,7777777.0,7777777.0,7777777.0,7777777.0,0.0,0.0,0.0,0.0,18.570876020125976,18.570876020125976,18.570876020125976,18.570876020125976,103587.31624019891,103587.31624019891,103587.31624019891,103587.31624019891
1787420348584,1.0,7777777.0,7777777.0,7777777.0,7777777.0,0.0,0.0,0.0,0.0,40.759547035683006,40.759547035683006,40.759547035683006,40.759547035683006,104567.23270717263,104567.23270717263,104567.23270717263,104567.23270717263
1787420348656,1.0,7777777.0,7777777.0,7777777.0,7777777.0,0.0,0.0,0.0,0.0,43.51710770349073,43.51710770349073,43.51710770349073,43.51710770349073,104931.63597190753,104931.63597190753,104931.63597190753,104931.63597190753
1787420348717,1.0,7777777.0,7777777.0,7777777.0,7777777.0,0.0,0.0,0.0,0.0,18.295798687187386,18.295798687187386,18.295798687187386,18.295798687187386,104722.83503651619,104722.83503651619,104722.83503651619,104722.83503651619
1787420348799,1.0,7777777.0,7777777.0,7777777.0,7777777.0,0.0,0.0,0.0,0.0,23.00096009698114,23.00096009698114,23.00096009698114,23.00096009698114,106296.26375459135,106296.26375459135,106296.26375459135,106296.26375459135
1787420348860,1.0,7777777.0,7777777.0,7777777.0,7777777.0,0.0,0.0,0.0,0.0,20.580509081305447,20.580509081305447,20.580509081305447,20.580509081305447,105864.63601833768,105864.63601833768,105864.63601833768,105864.63601833768
1787420348921,2.0,114.92060628242697,114.92060628242697,114.92060628242697,114.92060628242697,49.710100178633816,49.710100178633816,49.710100178633816,49.710100178633816,10.676885158852574,30.552115786257925,50.42734641366327,55.39615407051461,96089.59939964264,100399.96944594383,104710.33949224502,105787.93200382032
1787420348983,2.0,109.1332224637103,109.1332224637103,109.1332224637103,109.1332224637103,173.0391262870685,173.0391262870685,173.0391262870685,173.0391262870685,30.416832365023016,99.62277723325603,168.82872210148903,186.1302083185473,96018.09229004644,100716.3576845061,105414.62307896577,106589.18942758068
1787420349055,2.0,105.42278542462697,105.42278542462697,105.42278542462697,105.42278542462697,76.0840522236699,76.0840522236699,76.0840522236699,76.0840522236699,18.663291184160578,39.21533573970879,59.767380295257,64.90539143414405,98466.8417375043,101955.09838504344,105443.35503258258,106315.41919446737
1787420349117,2.0,104.41672117732496,104.41672117732496,104.41672117732496,104.41672117732496,20.072663002143834,20.072663002143834,20.072663002143834,20.072663002143834,6.278156882496085,10.699194893485522,15.12023290447496,16.22549240722232,99192.9595964266,102380.579232133,105568.19886783938,106365.10377676599
1787420349189,1.0,7777777.0,7777777.0,7777777.0,7777777.0,0.0,0.0,0.0,0.0,66.1674267789392,66.1674267789392,66.1674267789392,66.1674267789392,104534.85053859651,104534.85053859651,104534.85053859651,104534.85053859651
1787420349261,2.0,107.58155760421103,107.58155760421103,107.58155760421103,107.58155760421103,30.94746906745871,30.94746906745871,30.94746906745871,30.94746906745871,4.708480774074752,16.31991038079042,27.931339987506092,30.83419738918501,99116.70319478828,100777.89097394142,102439.07875309457,102854.37569788285
1787420349322,2.0,111.98160527057479,111.98160527057479,111.98160527057479,111.98160527057479,135.268895028293,135.268895028293,135.268895028293,135.268895028293,32.76383340912929,69.49494205216044,106.22605069519159,115.40882785594938,95697.60834195474,98347.65731576132,100997.7062895679,101660.21853301954
1787420349383,1.0,7777777.0,7777777.0,7777777.0,7777777.0,0.0,0.0,0.0,0.0,7.38517102712963,7.38517102712963,7.38517102712963,7.38517102712963,100493.34620702825,100493.34620702825,100493.34620702825,100493.34620702825
1787420349455,1.0,7777777.0,7777777.0,7777777.0,7777777.0,0.0,0.0,0.0,0.0,10.178861173026034,10.178861173026034,10.178861173026034,10.178861173026034,99717.20322774723,99717.20322774723,99717.20322774723,99717.20322774723
1787420349516,1.0,7777777.0,7777777.0,7777777.0,7777777.0,0.0,0.0,0.0,0.0,4.051300330775727,4.051300330775727,4.051300330775727,4.051300330775727,99294.90181814879,99294.90181814879,99294.90181814879,99294.90181814879
1787420349587,1.0,7777777.0,7777777.0,7777777.0,7777777.0,0.0,0.0,0.0,0.0,60.76911829163132,60.76911829163132,60.76911829163132,60.76911829163132,98024.02425223589,98024.02425223589,98024.02425223589,98024.02425223589
1787420349659,1.0,7777777.0,7777777.0,7777777.0,7777777.0,0.0,0.0,0.0,0.0,190.13335916291092,190.13335916291092,190.13335916291092,190.13335916291092,99086.42292408831,99086.42292408831,99086.42292408831,99086.42292408831
1787420349739,1.0,7777777.0,7777777.0,7777777.0,7777777.0,0.0,0.0,0.0,0.0,151.2797982306875,151.2797982306875,151.2797982306875,151.2797982306875,100057.31855969131,100057.31855969131,100057.31855969131,100057.31855969131
1787420349818,1.0,7777777.0,7777777.0,7777777.0,7777777.0,0.0,0.0,0.0,0.0,103.25147689226385,103.25147689226385,103.25147689226385,103.25147689226385,99539.65214000456,99539.65214000456,99539.65214000456,99539.65214000456
1787420349899,1.0,7777777.0,7777777.0,7777777.0,7777777.0,0.0,0.0,0.0,0.0,14.020658402704475,14.020658402704475,14.020658402704475,14.020658402704475,96192.19121497683,96192.19121497683,96192.19121497683,96192.19121497683
1787420349970,1.0,7777777.0,7777777.0,7777777.0,7777777.0,0.0,0.0,0.0,0.0,206.86334209376673,206.86334209376673,206.86334209376673,206.86334209376673,94811.12742651952,94811.12742651952,94811.12742651952,94811.12742651952
1787420350050,1.0,7777777.0,7777777.0,7777777.0,7777777.0,0.0,0.0,0.0,0.0,66.44038225371514,66.44038225371514,66.44038225371514,66.44038225371514,94737.99031918403,94737.99031918403,94737.99031918403,94737.99031918403
1787420350121,1.0,7777777.0,7777777.0,7777777.0,7777777.0,0.0,0.0,0.0,0.0,101.42538908151987,101.42538908151987,101.42538908151987,101.42538908151987,92985.9684436908,92985.9684436908,92985.9684436908,92985.9684436908
1787420350191,1.0,7777777.0,7777777.0,7777777.0,7777777.0,0.0,0.0,0.0,0.0,35.55976953173724,35.55976953173724,35.55976953173724,35.55976953173724,92591.09947351646,92591.09947351646,92591.09947351646,92591.09947351646
1787420350253,1.0,7777777.0,7777777.0,7777777.0,7777777.0,0.0,0.0,0.0,0.0,25.703425447482825,25.703425447482825,25.703425447482825,25.703425447482825,91475.8346044328,91475.8346044328,91475.8346044328,91475.8346044328
1787420350315,2.0,249.54968603095088,249.54968603095088,249.54968603095088,249.54968603095088,48.12780417098725,48.12780417098725,48.12780417098725,48.12780417098725,4.812780417098725,24.063902085493623,43.315023753888525,48.12780417098725,13750.663980488665,47743.06130990479,81735.45863932092,90233.55797167495
1787420350386,2.0,254.0073737515285,254.0073737515285,254.0073737515285,254.0073737515285,65.30238182799877,65.30238182799877,65.30238182799877,65.30238182799877,9.15323665675005,32.680248657081734,56.20726065741343,62.089013657496345,13349.516188227106,46002.24335177103,78654.97051531496,86818.15230620094
1787420350457,2.0,255.4934219136329,255.4934219136329,255.4934219136329,255.4934219136329,21.652644443084284,21.652644443084284,21.652644443084284,21.652644443084284,3.0399912025596927,10.837823447882117,18.63565569320454,20.585113754535147,13203.458462934195,45354.44795302302,77505.43744311183,85543.18481563404
1787420350518,1.0,7777777.0,7777777.0,7777777.0,7777777.0,0.0,0.0,0.0,0.0,91.52238725633296,91.52238725633296,91.52238725633296,91.52238725633296,85250.0303247748,85250.0303247748,85250.0303247748,85250.0303247748
1787420350589,1.0,7777777.0,7777777.0,7777777.0,7777777.0,0.0,0.0,0.0,0.0,27.090146148482848,27.090146148482848,27.090146148482848,27.090146148482848,85140.35290207993,85140.35290207993,85140.35290207993,85140.35290207993
1787420350650,1.0,7777777.0,7777777.0,7777777.0,7777777.0,0.0,0.0,0.0,0.0,44.42284093144467,44.42284093144467,44.42284093144467,44.42284093144467,83838.28281558398,83838.28281558398,83838.28281558398,83838.28281558398
1787420350721,2.0,267.11772328341976,267.11772328341976,267.11772328341976,267.11772328341976,32.7344158081929,32.7344158081929,32.7344158081929,32.7344158081929,5.626296325087926,18.11376026725138,30.601224209414838,33.7230901949557,13163.465124651371,44528.94181132852,75894.41849800567,83735.78766967496
1787420350791,1.0,7777777.0,7777777.0,7777777.0,7777777.0,0.0,0.0,0.0,0.0,95.92488879202698,95.92488879202698,95.92488879202698,95.92488879202698,92343.02321874071,92343.02321874071,92343.02321874071,92343.02321874071
1787420350862,1.0,7777777.0,7777777.0,7777777.0,7777777.0,0.0,0.0,0.0,0.0,125.2636212578694,125.2636212578694,125.2636212578694,125.2636212578694,102359.01579922065,102359.01579922065,102359.01579922065,102359.01579922065
1787420350923,1.0,7777777.0,7777777.0,7777777.0,7777777.0,0.0,0.0,0.0,0.0,58.58509402081851,58.58509402081851,58.58509402081851,58.58509402081851,105755.24152697623,105755.24152697623,105755.24152697623,105755.24152697623
1787420350985,1.0,7777777.0,7777777.0,7777777.0,7777777.0,0.0,0.0,0.0,0.0,21.13818789654338,21.13818789654338,21.13818789654338,21.13818789654338,106274.54854656756,106274.54854656756,106274.54854656756,106274.54854656756
1787420351047,1.0,7777777.0,7777777.0,7777777.0,7777777.0,0.0,0.0,0.0,0.0,43.85696250579707,43.85696250579707,43.85696250579707,43.85696250579707,104203.29028779268,104203.29028779268,104203.29028779268,104203.29028779268
1787420351128,1.0,7777777.0,7777777.0,7777777.0,7777777.0,0.0,0.0,0.0,0.0,22.47735736487753,22.47735736487753,22.47735736487753,22.47735736487753,104236.1568025779,104236.1568025779,104236.1568025779,104236.1568025779
1787420351199,1.0,7777777.0,7777777.0,7777777.0,7777777.0,0.0,0.0,0.0,0.0,84.80281835692483,84.80281835692483,84.80281835692483,84.80281835692483,102901.05003652908,102901.05003652908,102901.05003652908,102901.05003652908
1787420351260,1.0,7777777.0,7777777.0,7777777.0,7777777.0,0.0,0.0,0.0,0.0,10.825831662714748,10.825831662714748,10.825831662714748,10.825831662714748,101189.75412249565,101189.75412249565,101189.75412249565,101189.75412249565
1787420351321,1.0,7777777.0,7777777.0,7777777.0,7777777.0,0.0,0.0,0.0,0.0,20.64457001867875,20.64457001867875,20.64457001867875,20.64457001867875,101737.66807848215,101737.66807848215,101737.66807848215,101737.66807848215
1787420351392,2.0,186.25554970704508,186.25554970704508,186.25554970704508,186.25554970704508,7.693292264711478,7.693292264711478,7.693292264711478,7.693292264711478,0.7693292264711479,3.846646132355739,6.9239630382403305,7.693292264711478,22688.646008056217,57668.36350348499,92648.08099891376,101393.01037277095
1787420351451,1.0,7777777.0,7777777.0,7777777.0,7777777.0,0.0,0.0,0.0,0.0,52.6582782009616,52.6582782009616,52.6582782009616,52.6582782009616,101000.46219572797,101000.46219572797,101000.46219572797,101000.46219572797
1787420351523,1.0,7777777.0,7777777.0,7777777.0,7777777.0,0.0,0.0,0.0,0.0,40.462992848956794,40.462992848956794,40.462992848956794,40.462992848956794,101734.60538243875,101734.60538243875,101734.60538243875,101734.60538243875
1787420351593,1.0,7777777.0,7777777.0,7777777.0,7777777.0,0.0,0.0,0.0,0.0,66.83063376744671,66.83063376744671,66.83063376744671,66.83063376744671,102492.01827121247,102492.01827121247,102492.01827121247,102492.01827121247
1787420351665,1.0,7777777.0,7777777.0,7777777.0,7777777.0,0.0,0.0,0.0,0.0,36.6727774240039,36.6727774240039,36.6727774240039,36.6727774240039,103086.94945627451,103086.94945627451,103086.94945627451,103086.94945627451
1787420351725,1.0,7777777.0,7777777.0,7777777.0,7777777.0,0.0,0.0,0.0,0.0,49.5872714947804,49.5872714947804,49.5872714947804,49.5872714947804,103422.11364902928,103422.11364902928,103422.11364902928,103422.11364902928
1787420351795,1.0,7777777.0,7777777.0,7777777.0,7777777.0,0.0,0.0,0.0,0.0,15.636758491437487,15.636758491437487,15.636758491437487,15.636758491437487,102726.35454785824,102726.35454785824,102726.35454785824,102726.35454785824
1787420351875,1.0,7777777.0,7777777.0,7777777.0,7777777.0,0.0,0.0,0.0,0.0,121.10574745174122,121.10574745174122,121.10574745174122,121.10574745174122,106550.69577522762,106550.69577522762,106550.69577522762,106550.69577522762
1787420351947,2.0,137.13137366666055,137.13137366666055,137.13137366666055,137.13137366666055,50.43721322171608,50.43721322171608,50.43721322171608,50.43721322171608,5.043721322171608,25.21860661085804,45.39349189954447,50.43721322171608,12303.393684660272,54586.058853501454,96868.72402234263,107439.39031455293
1787420352018,2.0,140.35557951476846,140.35557951476846,140.35557951476846,140.35557951476846,57.13605259838509,57.13605259838509,57.13605259838509,57.13605259838509,35.35806594722804,39.264260599409376,43.17045525159071,44.147003914636045,12871.253309535794,55606.385514377616,98341.51771921944,109025.3007704299
1787420352090,2.0,141.48431002891462,141.48431002891462,141.48431002891462,141.48431002891462,19.16099585500824,19.16099585500824,19.16099585500824,19.16099585500824,12.238900823023451,13.4265779552175,14.614255087411548,14.91117437046006,13025.229198971485,55680.03922894271,98334.84925891394,108998.55176640674
1787420352170,2.0,142.55413303594656,142.55413303594656,142.55413303594656,142.55413303594656,13.78811865621912,13.78811865621912,13.78811865621912,13.78811865621912,8.331749676670128,13.050576867197993,17.769404057725858,18.949110855357823,13013.458118570132,54977.172672273125,96940.88722597613,107431.81586440187
1787420352239,3.0,143.01538912249546,168.14361116122097,268.656499316123,351.6706273946445,26.40297932083209,28.04988042085561,41.540561434748305,44.91323168822148,5.609976084171123,28.04988042085561,41.540561434748305,44.91323168822148,1581.0470910682343,2618.8670563809574,84818.69356265888,105368.65018922836
1787420352310,3.0,141.91750188833055,167.0866423836738,267.7632043650467,350.4783614700221,17.75011920607552,23.223854949152557,32.027890918475066,34.228899910805694,15.897166004787627,19.93362434386395,24.249616094101025,25.328614031660294,1522.5816123778932,2667.017687135376,82136.39755427261,102003.7425210569
1787420352391,3.0,139.55290473968446,164.8970016841343,266.2733894619336,348.8360928026406,23.284185437927004,37.24305440018954,42.463025789985544,43.768018637434544,17.694521935304145,25.74710677090386,30.822854653354906,32.091791623967666,1433.3615276374853,2648.358196902089,79775.7411453737,99057.5868824916
1787420352462,3.0,142.95616197904596,166.0631617246379,258.4911607070056,346.2827757150439,39.838561032449384,99.8318489124611,107.6874400799035,109.6513378717641,13.765836461088902,32.496471140361194,93.45405514310912,108.69345114379608,1457.1369386591018,2450.8433730229735,77186.91546012461,95870.93348190002
1787420352523,3.0,144.2771041465976,166.54737893424746,255.62847808484696,345.3756489414143,17.31056340811631,43.678778652453936,46.289750427704874,46.94249337151761,5.532240573025717,13.746937942915416,39.93669428813354,46.484133374438066,1464.0778781308327,2378.1196027901024,76234.548531292,94698.65576341748
1787420352585,2.0,251.2401238817596,251.2401238817596,251.2401238817596,251.2401238817596,71.3698511500838,71.3698511500838,71.3698511500838,71.3698511500838,16.45975209009631,39.51650806064383,62.57326403119135,68.33745302382823,10250.29870382208,46127.13181272292,82003.96492162376,90973.17319884896
1787420352655,2.0,250.89182252020674,250.89182252020674,250.89182252020674,250.89182252020674,69.16077553249892,69.16077553249892,69.16077553249892,69.16077553249892,10.51789201095908,38.14354457983604,65.769197148713,72.67561029093224,9828.304338091415,44142.98811030708,78457.67188252274,87036.34282557666
1787420352726,2.0,250.5664076879924,250.5664076879924,250.5664076879924,250.5664076879924,32.36152091823117,32.36152091823117,32.36152091823117,32.36152091823117,8.153681163460138,20.94984375583261,33.74600634820508,36.945046996298196,9422.002843708196,42263.539847173844,75105.0768506395,83315.4611015059
1787420352797,1.0,7777777.0,7777777.0,7777777.0,7777777.0,0.0,0.0,0.0,0.0,25.67282965472783,25.67282965472783,25.67282965472783,25.67282965472783,80352.75830897596,80352.75830897596,80352.75830897596,80352.75830897596
1787420352857,1.0,7777777.0,7777777.0,7777777.0,7777777.0,0.0,0.0,0.0,0.0,20.576558705225516,20.576558705225516,20.576558705225516,20.576558705225516,78949.44350650534,78949.44350650534,78949.44350650534,78949.44350650534
1787420352927,1.0,7777777.0,7777777.0,7777777.0,7777777.0,0.0,0.0,0.0,0.0,6.716667274355843,6.716667274355843,6.716667274355843,6.716667274355843,78822.9915051721,78822.9915051721,78822.9915051721,78822.9915051721
1787420352988,2.0,248.63047834337263,248.63047834337263,248.63047834337263,248.63047834337263,12.276117794708584,12.276117794708584,12.276117794708584,12.276117794708584,2.4670169480237742,6.752210714140219,11.037404480256663,12.108702921785774,8900.819447307405,39630.565951630124,70360.31245595284,78042.74908203352
1787420353068,1.0,7777777.0,7777777.0,7777777.0,7777777.0,0.0,0.0,0.0,0.0,47.03187079989039,47.03187079989039,47.03187079989039,47.03187079989039,76580.12493803352,76580.12493803352,76580.12493803352,76580.12493803352
1787420353128,1.0,7777777.0,7777777.0,7777777.0,7777777.0,0.0,0.0,0.0,0.0,41.69447757463569,41.69447757463569,41.69447757463569,41.69447757463569,76054.15122732706,76054.15122732706,76054.15122732706,76054.15122732706
1787420353199,2.0,241.59232992039415,241.59232992039415,241.59232992039415,241.59232992039415,29.215464257890158,29.215464257890158,29.215464257890158,29.215464257890158,5.793915182655014,16.392864013617622,26.99181284458023,29.64155005232088,8739.032799166336,38980.93939588958,69222.84599261283,76783.32264179364
1787420353259,1.0,7777777.0,7777777.0,7777777.0,7777777.0,0.0,0.0,0.0,0.0,42.08837571147602,42.08837571147602,42.08837571147602,42.08837571147602,78512.57540588407,78512.57540588407,78512.57540588407,78512.57540588407
1787420353319,1.0,7777777.0,7777777.0,7777777.0,7777777.0,0.0,0.0,0.0,0.0,14.686191255223845,14.686191255223845,14.686191255223845,14.686191255223845,79332.10506223608,79332.10506223608,79332.10506223608,79332.10506223608
1787420353389,2.0,236.64287579487936,236.64287579487936,236.64287579487936,236.64287579487936,33.23738148928654,33.23738148928654,33.23738148928654,33.23738148928654,3.859131830286576,16.912773406861973,29.96641498343737,33.22982537758122,9124.882184864498,40762.37054958107,72399.85891429764,80309.23100547679
1787420353461,1.0,7777777.0,7777777.0,7777777.0,7777777.0,0.0,0.0,0.0,0.0,60.90332542174679,60.90332542174679,60.90332542174679,60.90332542174679,82873.16902296524,82873.16902296524,82873.16902296524,82873.16902296524
1787420353531,2.0,228.53061600165015,228.53061600165015,228.53061600165015,228.53061600165015,52.03023251554105,52.03023251554105,52.03023251554105,52.03023251554105,14.508030501041567,29.48912180246414,44.47021310388672,48.21548592924236,9652.258082471997,42932.01652178925,76211.77496110651,84531.71457093582
1787420353593,2.0,226.27210953427291,226.27210953427291,226.27210953427291,226.27210953427291,45.755254247075165,45.755254247075165,45.755254247075165,45.755254247075165,8.811889470578105,26.013709635068732,43.21552979955936,47.515984840682016,9728.332546109717,43460.82598804642,77193.31942998312,85626.44279046729
1787420353662,2.0,226.12627540701064,226.12627540701064,226.12627540701064,226.12627540701064,14.611697966534708,14.611697966534708,14.611697966534708,14.611697966534708,7.58740476768304,12.946109825439713,18.304814883196386,19.644491147635552,9785.482108999684,43650.97523370379,77516.4683584079,85982.84163958393
1787420353724,2.0,226.16320853351374,226.16320853351374,226.16320853351374,226.16320853351374,5.674274758448431,5.674274758448431,5.674274758448431,5.674274758448431,3.0733107405848497,5.276102403931125,7.4788940672774,8.029591983113969,9791.738052981125,43650.94329775899,77510.14854253686,85974.94985373132
1787420353784,2.0,226.23672645815552,226.23672645815552,226.23672645815552,226.23672645815552,12.659006415809932,12.659006415809932,12.659006415809932,12.659006415809932,6.679244518655992,7.644510206165609,8.609775893675227,8.851092315552632,9781.625122581201,43729.1662874262,77676.70745227119,86163.59274348244
1787420353865,2.0,226.10131932455042,226.10131932455042,226.10131932455042,226.10131932455042,10.74972868626186,10.74972868626186,10.74972868626186,10.74972868626186,5.30238636699265,5.9902340617564995,6.678081756520348,6.850043680211311,9845.886300730008,44172.670989101985,78499.45567747396,87081.15184956696
1787420353936,1.0,7777777.0,7777777.0,7777777.0,7777777.0,0.0,0.0,0.0,0.0,18.855889033099434,18.855889033099434,18.855889033099434,18.855889033099434,86769.80950085446,86769.80950085446,86769.80950085446,86769.80950085446
1787420353996,1.0,7777777.0,7777777.0,7777777.0,7777777.0,0.0,0.0,0.0,0.0,35.65013361004988,35.65013361004988,35.65013361004988,35.65013361004988,85957.0469033299,85957.0469033299,85957.0469033299,85957.0469033299
1787420354057,1.0,7777777.0,7777777.0,7777777.0,7777777.0,0.0,0.0,0.0,0.0,38.70305803998784,38.70305803998784,38.70305803998784,38.70305803998784,85764.63448888063,85764.63448888063,85764.63448888063,85764.63448888063
1787420354119,1.0,7777777.0,7777777.0,7777777.0,7777777.0,0.0,0.0,0.0,0.0,14.835150847487068,14.835150847487068,14.835150847487068,14.835150847487068,85704.95945159812,85704.95945159812,85704.95945159812,85704.95945159812
1787420354200,1.0,7777777.0,7777777.0,7777777.0,7777777.0,0.0,0.0,0.0,0.0,2.488895376176444,2.488895376176444,2.488895376176444,2.488895376176444,86017.60474562924,86017.60474562924,86017.60474562924,86017.60474562924
1787420354262,2.0,236.83385749849552,236.83385749849552,236.83385749849552,236.83385749849552,99.85602726262454,99.85602726262454,99.85602726262454,99.85602726262454,11.10512743938717,50.491211064979694,89.87729469057223,99.72381559697035,9775.920286177483,43519.808345904166,77263.69640563085,85699.66842056252
1787420354323,1.0,7777777.0,7777777.0,7777777.0,7777777.0,0.0,0.0,0.0,0.0,57.93470456325228,57.93470456325228,57.93470456325228,57.93470456325228,85430.77507233247,85430.77507233247,85430.77507233247,85430.77507233247
1787420354395,1.0,7777777.0,7777777.0,7777777.0,7777777.0,0.0,0.0,0.0,0.0,18.57622187463139,18.57622187463139,18.57622187463139,18.57622187463139,85923.29702340998,85923.29702340998,85923.29702340998,85923.29702340998
1787420354455,1.0,7777777.0,7777777.0,7777777.0,7777777.0,0.0,0.0,0.0,0.0,45.98387256961114,45.98387256961114,45.98387256961114,45.98387256961114,85073.15254211426,85073.15254211426,85073.15254211426,85073.15254211426
1787420354526,1.0,7777777.0,7777777.0,7777777.0,7777777.0,0.0,0.0,0.0,0.0,14.296642596148041,14.296642596148041,14.296642596148041,14.296642596148041,84892.71864463203,84892.71864463203,84892.71864463203,84892.71864463203
1787420354597,1.0,7777777.0,7777777.0,7777777.0,7777777.0,0.0,0.0,0.0,0.0,26.841244093415074,26.841244093415074,26.841244093415074,26.841244093415074,85239.2311807368,85239.2311807368,85239.2311807368,85239.2311807368
1787420354668,1.0,7777777.0,7777777.0,7777777.0,7777777.0,0.0,0.0,0.0,0.0,93.80902609569517,93.80902609569517,93.80902609569517,93.80902609569517,85296.11490231007,85296.11490231007,85296.11490231007,85296.11490231007
1787420354729,1.0,7777777.0,7777777.0,7777777.0,7777777.0,0.0,0.0,0.0,0.0,82.07418845946609,82.07418845946609,82.07418845946609,82.07418845946609,85815.4923722893,85815.4923722893,85815.4923722893,85815.4923722893
1787420354789,2.0,186.9321807065912,186.9321807065912,186.9321807065912,186.9321807065912,48.0002670788151,48.0002670788151,48.0002670788151,48.0002670788151,4.800026707881511,24.00013353940755,43.20024037093359,48.0002670788151,26821.395881329292,54110.46007454302,81399.52426775676,88221.79031606019
1787420354858,1.0,7777777.0,7777777.0,7777777.0,7777777.0,0.0,0.0,0.0,0.0,21.38412194893234,21.38412194893234,21.38412194893234,21.38412194893234,90086.17530314904,90086.17530314904,90086.17530314904,90086.17530314904
1787420354919,1.0,7777777.0,7777777.0,7777777.0,7777777.0,0.0,0.0,0.0,0.0,9.220913929509296,9.220913929509296,9.220913929509296,9.220913929509296,91034.23954761028,91034.23954761028,91034.23954761028,91034.23954761028
1787420355000,2.0,192.87865434484453,192.87865434484453,192.87865434484453,192.87865434484453,36.65228234859836,36.65228234859836,36.65228234859836,36.65228234859836,22.107842987472875,22.645402667639672,23.182962347806466,23.317352267848165,27238.13463237472,56446.535567039624,85654.93650170453,92957.03673537076
1787420355060,2.0,198.6302863537691,198.6302863537691,198.6302863537691,198.6302863537691,95.9372773649196,95.9372773649196,95.9372773649196,95.9372773649196,37.889312122080426,70.30330907002659,102.71730601797273,110.82080525495927,27306.8814444541,57645.93837234704,87984.99530023997,95569.75953221321
1787420355132,2.0,194.83440083710693,194.83440083710693,194.83440083710693,194.83440083710693,58.44747478469332,58.44747478469332,58.44747478469332,58.44747478469332,65.18222578710585,88.51937685312899,111.85652791915214,117.69081568565792,27048.125828033873,57369.40640451852,87690.68698100318,95271.00712512434
1787420355203,1.0,7777777.0,7777777.0,7777777.0,7777777.0,0.0,0.0,0.0,0.0,66.73256891401262,66.73256891401262,66.73256891401262,66.73256891401262,95034.50784861855,95034.50784861855,95034.50784861855,95034.50784861855
1787420355284,1.0,7777777.0,7777777.0,7777777.0,7777777.0,0.0,0.0,0.0,0.0,95.86554578948459,95.86554578948459,95.86554578948459,95.86554578948459,92322.76740786247,92322.76740786247,92322.76740786247,92322.76740786247
1787420355356,2.0,271.8367695731986,271.8367695731986,271.8367695731986,271.8367695731986,74.40416775064126,74.40416775064126,74.40416775064126,74.40416775064126,7.440416775064127,37.20208387532063,66.96375097557714,74.40416775064126,14068.170036639087,48854.416017509066,83640.66199837904,92337.22349359654
1787420355438,2.0,271.5754105662137,271.5754105662137,271.5754105662137,271.5754105662137,10.175044021758783,10.175044021758783,10.175044021758783,10.175044021758783,4.61091562060017,7.355124023531864,10.099332426463558,10.78538452719648,14143.586746129953,49605.94155983161,85068.29637353327,93933.88507695869
1787420355521,2.0,271.0429237353319,271.0429237353319,271.0429237353319,271.0429237353319,7.389080467123623,7.389080467123623,7.389080467123623,7.389080467123623,3.296069551991707,5.743738146238688,8.19140674048567,8.803323889047414,14358.997806682344,50458.18323500035,86557.36866331837,95582.16502039786
1787420355591,2.0,272.2404052061747,272.2404052061747,272.2404052061747,272.2404052061747,21.55046535921857,21.55046535921857,21.55046535921857,21.55046535921857,5.074964091252418,13.132559232266454,21.190154373280492,23.204553158534,14323.305461010617,50680.16162501788,87037.01778902514,96126.23183002695
1787420355663,2.0,272.8049363094231,272.8049363094231,272.8049363094231,272.8049363094231,9.459243822575473,9.459243822575473,9.459243822575473,9.459243822575473,1.8733015283103325,5.483744783155512,9.09418803800069,9.996798851711985,14333.171303169616,50855.60146960709,87378.03163604457,96508.63917765394
1787420355745,2.0,264.808505834739,264.808505834739,264.808505834739,264.808505834739,97.51758491679342,97.51758491679342,97.51758491679342,97.51758491679342,14.227527325093352,53.191452243431456,92.15537716176956,101.89635839135408,13938.656396652572,48484.540755062364,83030.42511347216,91666.8962030746
1787420355825,2.0,259.70814209430307,259.70814209430307,259.70814209430307,259.70814209430307,65.10615596240397,65.10615596240397,65.10615596240397,65.10615596240397,9.31636559824343,32.55355721808585,55.79074883792827,61.60004674288887,13827.195538061298,47952.60110619385,82078.0066743264,90609.35806635953
1787420355907,2.0,251.03035840850748,251.03035840850748,251.03035840850748,251.03035840850748,115.19494551057738,115.19494551057738,115.19494551057738,115.19494551057738,13.051833753752817,58.060918124319585,103.07000249488635,114.32227358752804,13328.451447346899,45507.48706352385,77686.52267970079,85731.28158374503
1787420355988,3.0,50.31121585600839,80.37629784442808,200.6366257981068,238.4635349162326,8.953778574037678,42.151274325897376,42.38221289268216,42.439947534378355,0.1308809272145501,0.6544046360727506,33.85190038793245,42.151274325897376,3342.9917057665066,5279.149333731271,68687.3182047071,84539.36042245105
1787420356252,1.0,7777777.0,7777777.0,7777777.0,7777777.0,0.0,0.0,0.0,0.0,170.36526269666695,170.36526269666695,170.36526269666695,170.36526269666695,82859.61939450586,82859.61939450586,82859.61939450586,82859.61939450586
1787420356355,1.0,7777777.0,7777777.0,7777777.0,7777777.0,0.0,0.0,0.0,0.0,141.68084747358594,141.68084747358594,141.68084747358594,141.68084747358594,83667.60497230664,83667.60497230664,83667.60497230664,83667.60497230664
1787420356457,1.0,7777777.0,7777777.0,7777777.0,7777777.0,0.0,0.0,0.0,0.0,132.70581324824613,132.70581324824613,132.70581324824613,132.70581324824613,84419.81970237521,84419.81970237521,84419.81970237521,84419.81970237521
1787420356538,1.0,7777777.0,7777777.0,7777777.0,7777777.0,0.0,0.0,0.0,0.0,58.037924186118225,58.037924186118225,58.037924186118225,58.037924186118225,85072.80923807994,85072.80923807994,85072.80923807994,85072.80923807994
1787420356630,1.0,7777777.0,7777777.0,7777777.0,7777777.0,0.0,0.0,0.0,0.0,95.60348882895568,95.60348882895568,95.60348882895568,95.60348882895568,86426.00500480086,86426.00500480086,86426.00500480086,86426.00500480086
1787420356711,1.0,7777777.0,7777777.0,7777777.0,7777777.0,0.0,0.0,0.0,0.0,87.15414560098328,87.15414560098328,87.15414560098328,87.15414560098328,89609.28489785362,89609.28489785362,89609.28489785362,89609.28489785362
1787420356792,1.0,7777777.0,7777777.0,7777777.0,7777777.0,0.0,0.0,0.0,0.0,168.38483729199828,168.38483729199828,168.38483729199828,168.38483729199828,90285.36303389352,90285.36303389352,90285.36303389352,90285.36303389352
1787420356853,2.0,122.8403180311903,122.8403180311903,122.8403180311903,122.8403180311903,78.92545784680792,78.92545784680792,78.92545784680792,78.92545784680792,7.892545784680792,39.46272892340396,71.03291206212712,78.92545784680792,92528.20133128334,99220.70523345564,105913.20913562793,107586.335111171
1787420356925,2.0,131.6392209463808,131.6392209463808,131.6392209463808,131.6392209463808,125.60335536536013,125.60335536536013,125.60335536536013,125.60335536536013,68.6732858199104,83.29709544142935,97.92090506294831,101.57685746832804,90886.55136641837,91528.10137101891,92169.65137561946,92330.0388767696
1787420357005,2.0,124.93182083006707,124.93182083006707,124.93182083006707,124.93182083006707,103.10979912306013,103.10979912306013,103.10979912306013,103.10979912306013,20.754297930789523,52.13673296185774,83.51916799292596,91.36477675069301,92030.65736180451,93305.45801255386,94580.25866330322,94898.95882599056
1787420357066,2.0,137.84336460538162,137.84336460538162,137.84336460538162,137.84336460538162,253.26846593644768,253.26846593644768,253.26846593644768,253.26846593644768,57.057352659293514,150.6040167726618,244.1506808860301,267.53734691437216,88576.62277245708,91377.61330259778,94178.60383273847,94878.85146527365
1787420357126,2.0,145.92534887758535,145.92534887758535,145.92534887758535,145.92534887758535,167.10854506947254,167.10854506947254,167.10854506947254,167.10854506947254,23.76338718964176,84.3492348982246,144.9350826068074,160.08154453395312,88370.28647983735,91401.95025688736,94433.61403393737,95191.52997819986
1787420357197,2.0,151.4805862712393,151.4805862712393,151.4805862712393,151.4805862712393,90.89416408827043,90.89416408827043,90.89416408827043,90.89416408827043,16.0198163310952,47.373024212807735,78.72623209452027,86.5645340649484,87724.65116571849,90917.14347780077,94109.63578988305,94907.75886790361
1787420357259,3.0,0.87764730197735,31.198005340148015,152.47943749283067,153.15229745878946,8.503021061743599,32.65148845627499,34.09934034143281,34.461303312722265,0.49318084262214995,2.4659042131107496,26.61437160764214,32.65148845627499,88680.75270338655,94664.35275238007,95914.59607275575,96227.15690284967
1787420357340,1.0,7777777.0,7777777.0,7777777.0,7777777.0,0.0,0.0,0.0,0.0,32.33776864117285,32.33776864117285,32.33776864117285,32.33776864117285,94952.55694717448,94952.55694717448,94952.55694717448,94952.55694717448
1787420357401,2.0,149.39598469707295,149.39598469707295,149.39598469707295,149.39598469707295,43.7995751497635,43.7995751497635,43.7995751497635,43.7995751497635,8.004276331186608,24.501945192502625,40.99961405381864,45.12403126914764,87516.15320833921,90751.74913972616,93987.34507111312,94796.24405395985
1787420357462,2.0,149.51869511385158,149.51869511385158,149.51869511385158,149.51869511385158,22.520642477002223,22.520642477002223,22.520642477002223,22.520642477002223,10.931123184437622,15.229753198153773,19.528383211869922,20.60304071529896,89650.4183529579,91927.71811602684,94205.01787909577,94774.342819863
1787420357533,3.0,0.8413322504075095,30.542197783190836,149.34565991432413,149.93108851419854,5.738140550215418,12.356393275448081,12.62184081002713,12.688202693671894,2.471278655089616,12.356393275448081,12.62184081002713,12.688202693671894,90593.56691598594,93940.00496207178,94738.4760953933,94938.09387872368
1787420357594,3.0,0.7678822365099932,30.16547340316397,147.75583806977986,148.24700324713652,18.377765340580037,26.32770421127783,36.9163737015858,39.56354107416279,13.077686051651614,13.556283988806735,23.795537364189038,26.355350708034614,90960.62437837497,92938.0952633433,95064.2162561588,95595.74650436267
1787420357655,3.0,1.3401258150177087,30.430934326044778,146.79416837015305,147.66343867438823,8.294331864247514,9.387057652839395,15.258566320173427,16.726443487006936,4.601226042571715,4.952267218790648,10.798610409140057,12.260196206727409,91330.65053563006,92504.26585455425,95156.88341467716,95820.03780470788
1787420357737,3.0,1.296070312063314,29.373247009727784,141.68195380038566,142.4125109354394,15.92701758154506,70.00412935293964,70.88921884242089,71.1104912147912,6.134373675202839,6.974999358640654,60.99113918528599,74.49517414194732,92154.77759827077,92497.3005400449,95739.42563417256,96549.95690770447
1787420357797,1.0,7777777.0,7777777.0,7777777.0,7777777.0,0.0,0.0,0.0,0.0,149.36102752986798,149.36102752986798,149.36102752986798,149.36102752986798,91640.5704664588,91640.5704664588,91640.5704664588,91640.5704664588
1787420357867,2.0,135.08814006343712,135.08814006343712,135.08814006343712,135.08814006343712,9.244680442037378,9.244680442037378,9.244680442037378,9.244680442037378,3.4362467328045434,5.841740094871356,8.247233456938169,8.848606797454872,91307.27394501655,92122.77967318776,92938.28540135897,93142.16183340177
1787420357928,2.0,131.79545680152853,131.79545680152853,131.79545680152853,131.79545680152853,61.347542395744625,61.347542395744625,61.347542395744625,61.347542395744625,13.303364679351667,31.230492628916295,49.157620578480916,53.639402565872075,92305.41270674541,92777.05593522266,93248.6991636999,93366.6099708192
1787420358000,2.0,130.26203784083984,130.26203784083984,130.26203784083984,130.26203784083984,42.369437407084575,42.369437407084575,42.369437407084575,42.369437407084575,24.334246135577562,39.12079525359,53.907344371602456,57.60398165110556,91802.651145293,91862.7592955837,91922.8674458744,91937.89448344707
1787420358072,2.0,129.69096239330108,129.69096239330108,129.69096239330108,129.69096239330108,16.167692833770214,16.167692833770214,16.167692833770214,16.167692833770214,9.107321275775124,14.78471051955368,20.46209976333224,21.881447074276878,91488.609485438,91690.77456635004,91892.93964726207,91943.48091749009
1787420358142,2.0,124.48790958381393,124.48790958381393,124.48790958381393,124.48790958381393,94.29370711017151,94.29370711017151,94.29370711017151,94.29370711017151,16.317719559242043,49.513899541023655,82.71007952280527,91.00912451825067,92195.35731622568,92619.79268732993,93044.22805843418,93150.33690121025
1787420358202,2.0,120.0346397878648,120.0346397878648,120.0346397878648,120.0346397878648,100.90824938486456,100.90824938486456,100.90824938486456,100.90824938486456,27.029003009048974,66.9784591014124,106.92791519377585,116.9152792168667,91911.92152870595,92929.85259331763,93947.7836579293,94202.26642408222
1787420358262,2.0,118.42385950906446,118.42385950906446,118.42385950906446,118.42385950906446,37.32789337529357,37.32789337529357,37.32789337529357,37.32789337529357,10.097002295145304,24.8580843345752,39.6191663740051,43.30943688386257,92069.89459890612,93236.45642279275,94403.01824667938,94694.65870265104
1787420358334,2.0,112.67733916625886,112.67733916625886,112.67733916625886,112.67733916625886,146.07884570424383,146.07884570424383,146.07884570424383,146.07884570424383,20.962240822871912,74.34209323575031,127.72194564862873,141.06690875184833,90373.86036028806,91921.72889125068,93469.5974222133,93856.56455495395
1787420358395,1.0,7777777.0,7777777.0,7777777.0,7777777.0,0.0,0.0,0.0,0.0,91.27484357568798,91.27484357568798,91.27484357568798,91.27484357568798,89669.54091500491,89669.54091500491,89669.54091500491,89669.54091500491
1787420358467,1.0,7777777.0,7777777.0,7777777.0,7777777.0,0.0,0.0,0.0,0.0,27.422913070267704,27.422913070267704,27.422913070267704,27.422913070267704,89661.52117802761,89661.52117802761,89661.52117802761,89661.52117802761
1787420358538,2.0,105.59983833711303,105.59983833711303,105.59983833711303,105.59983833711303,43.689724375870114,43.689724375870114,43.689724375870114,43.689724375870114,11.18114206645146,27.35310459645199,43.52506712645252,47.56805775895265,89900.34227269822,92871.52429788606,95842.7063230739,96585.50182937086
1787420358608,1.0,7777777.0,7777777.0,7777777.0,7777777.0,0.0,0.0,0.0,0.0,14.385348154056192,14.385348154056192,14.385348154056192,14.385348154056192,89552.87387518212,89552.87387518212,89552.87387518212,89552.87387518212
1787420358669,1.0,7777777.0,7777777.0,7777777.0,7777777.0,0.0,0.0,0.0,0.0,4.520142866093676,4.520142866093676,4.520142866093676,4.520142866093676,89646.11242232099,89646.11242232099,89646.11242232099,89646.11242232099
1787420358729,1.0,7777777.0,7777777.0,7777777.0,7777777.0,0.0,0.0,0.0,0.0,23.326330737806497,23.326330737806497,23.326330737806497,23.326330737806497,88805.98707973585,88805.98707973585,88805.98707973585,88805.98707973585
1787420358799,1.0,7777777.0,7777777.0,7777777.0,7777777.0,0.0,0.0,0.0,0.0,29.126527011908088,29.126527011908088,29.126527011908088,29.126527011908088,88479.36124426406,88479.36124426406,88479.36124426406,88479.36124426406
1787420358869,1.0,7777777.0,7777777.0,7777777.0,7777777.0,0.0,0.0,0.0,0.0,9.682644942133916,9.682644942133916,9.682644942133916,9.682644942133916,88250.74116972741,88250.74116972741,88250.74116972741,88250.74116972741
1787420358941,1.0,7777777.0,7777777.0,7777777.0,7777777.0,0.0,0.0,0.0,0.0,38.96840913390783,38.96840913390783,38.96840913390783,38.96840913390783,86004.10437713191,86004.10437713191,86004.10437713191,86004.10437713191
1787420359002,2.0,105.77478344822607,105.77478344822607,105.77478344822607,105.77478344822607,1.788729718194243,1.788729718194243,1.788729718194243,1.788729718194243,18.621191221495693,19.22850587899135,19.835820536487006,19.98764920086092,87738.70482173088,89827.80312008644,91916.901418442,92439.17599303089
1787420359063,2.0,106.10416020137457,106.10416020137457,106.10416020137457,106.10416020137457,8.098214225284817,8.098214225284817,8.098214225284817,8.098214225284817,6.5386825892790545,9.777150938808987,13.015619288338922,13.825236375721405,87945.68029973935,89779.63828822877,91613.59627671819,92072.08577384055
1787420359135,1.0,7777777.0,7777777.0,7777777.0,7777777.0,0.0,0.0,0.0,0.0,176.65578005144698,176.65578005144698,176.65578005144698,176.65578005144698,87526.64580120146,87526.64580120146,87526.64580120146,87526.64580120146
1787420359196,1.0,7777777.0,7777777.0,7777777.0,7777777.0,0.0,0.0,0.0,0.0,28.129756953231105,28.129756953231105,28.129756953231105,28.129756953231105,88108.05855293293,88108.05855293293,88108.05855293293,88108.05855293293
1787420359277,2.0,233.16392887001086,233.16392887001086,233.16392887001086,233.16392887001086,6.716241076076731,6.716241076076731,6.716241076076731,6.716241076076731,0.6716241076076731,3.3581205380383654,6.044616968469058,6.716241076076731,20434.856487744582,50588.82514342433,80742.79379910408,88281.28596302401
1787420359339,1.0,7777777.0,7777777.0,7777777.0,7777777.0,0.0,0.0,0.0,0.0,103.86533011593504,103.86533011593504,103.86533011593504,103.86533011593504,86923.45574852731,86923.45574852731,86923.45574852731,86923.45574852731
1787420359398,1.0,7777777.0,7777777.0,7777777.0,7777777.0,0.0,0.0,0.0,0.0,24.575299086568258,24.575299086568258,24.575299086568258,24.575299086568258,87064.45447876118,87064.45447876118,87064.45447876118,87064.45447876118
1787420359470,1.0,7777777.0,7777777.0,7777777.0,7777777.0,0.0,0.0,0.0,0.0,6.147640902820002,6.147640902820002,6.147640902820002,6.147640902820002,87043.33976667002,87043.33976667002,87043.33976667002,87043.33976667002
1787420359531,1.0,7777777.0,7777777.0,7777777.0,7777777.0,0.0,0.0,0.0,0.0,356.0767886465349,356.0767886465349,356.0767886465349,356.0767886465349,87658.25977816526,87658.25977816526,87658.25977816526,87658.25977816526
1787420359592,1.0,7777777.0,7777777.0,7777777.0,7777777.0,0.0,0.0,0.0,0.0,182.4301946179242,182.4301946179242,182.4301946179242,182.4301946179242,88988.05934416503,88988.05934416503,88988.05934416503,88988.05934416503
1787420359672,1.0,7777777.0,7777777.0,7777777.0,7777777.0,0.0,0.0,0.0,0.0,50.112441983355936,50.112441983355936,50.112441983355936,50.112441983355936,89893.17793031223,89893.17793031223,89893.17793031223,89893.17793031223
1787420359742,1.0,7777777.0,7777777.0,7777777.0,7777777.0,0.0,0.0,0.0,0.0,84.83543318140227,84.83543318140227,84.83543318140227,84.83543318140227,89847.75675038667,89847.75675038667,89847.75675038667,89847.75675038667
1787420359803,1.0,7777777.0,7777777.0,7777777.0,7777777.0,0.0,0.0,0.0,0.0,26.964015836265492,26.964015836265492,26.964015836265492,26.964015836265492,90088.27399087697,90088.27399087697,90088.27399087697,90088.27399087697
1787420359864,1.0,7777777.0,7777777.0,7777777.0,7777777.0,0.0,0.0,0.0,0.0,6.93934177111069,6.93934177111069,6.93934177111069,6.93934177111069,90306.92118052393,90306.92118052393,90306.92118052393,90306.92118052393
1787420359935,1.0,7777777.0,7777777.0,7777777.0,7777777.0,0.0,0.0,0.0,0.0,82.73049198206026,82.73049198206026,82.73049198206026,82.73049198206026,96193.47768950416,96193.47768950416,96193.47768950416,96193.47768950416
1787420360006,2.0,251.9715841700609,251.9715841700609,251.9715841700609,251.9715841700609,46.09100937512018,46.09100937512018,46.09100937512018,46.09100937512018,4.609100937512018,23.04550468756009,41.48190843760816,46.09100937512018,13963.405948961712,48654.8124415325,83346.2189341033,92019.07055724598
1787420360078,2.0,252.28789293314782,252.28789293314782,252.28789293314782,252.28789293314782,16.388455747257645,16.388455747257645,16.388455747257645,16.388455747257645,2.109305031649282,8.447634351811587,14.785963671973892,16.370546002014468,13795.022499557119,47797.501725142356,81799.9809507276,90300.6007571239
1787420360139,2.0,255.54118435424488,255.54118435424488,255.54118435424488,255.54118435424488,164.62899583030133,164.62899583030133,164.62899583030133,164.62899583030133,20.40246143928405,86.15139286064237,151.9003242820007,168.33755713734027,15166.551720873267,54694.33200411871,94222.11228736416,104104.05735817552
1787420360200,2.0,258.4933912901526,258.4933912901526,258.4933912901526,258.4933912901526,54.543523435883415,54.543523435883415,54.543523435883415,54.543523435883415,11.457223301309568,28.31996893626056,45.182714571211555,49.3984009799493,15336.431638073549,55474.73986697011,95613.04809586666,105647.6251530908
1787420360261,2.0,259.474112908521,259.474112908521,259.474112908521,259.474112908521,18.94285109111294,18.94285109111294,18.94285109111294,18.94285109111294,3.8797920891450524,9.863737626038695,15.847683162932338,17.34366954715575,15339.259171432444,55465.15985680465,95591.06054217686,105622.5357135199
1787420360332,2.0,257.69906023998936,257.69906023998936,257.69906023998936,257.69906023998936,41.326241015864,41.326241015864,41.326241015864,41.326241015864,6.717954637269533,20.664111510777886,34.610268384286236,38.096807602663326,15645.201687557623,56838.10527683981,98031.00886612199,108329.23476344254
1787420360403,2.0,257.97287927476754,257.97287927476754,257.97287927476754,257.97287927476754,4.783445129346444,4.783445129346444,4.783445129346444,4.783445129346444,3.5596276693939606,5.466276167419632,7.372924665445304,7.849586789951721,15562.59784677364,56399.53011906333,97236.46239135302,107445.69545942545
1787420360474,2.0,257.97264635953496,257.97264635953496,257.97264635953496,257.97264635953496,0.8698033091344743,0.8698033091344743,0.8698033091344743,0.8698033091344743,1.2002203908695928,1.4802770896551172,1.7603337884406418,1.830347963137023,15478.811909786986,55973.52159530483,96468.23128082269,106591.90870220214
1787420360535,3.0,55.25051882729009,84.37825345750073,200.8891919783433,242.06332507667258,28.312506566483997,124.76325013692129,125.04509546507425,125.11555679711249,0.8399641347749347,4.199820673874673,100.93240957246493,125.11555679711249,4219.81963969171,5325.817255944014,79814.87642593682,98437.14121843502
1787420360606,3.0,54.08631118562566,82.87122888730595,198.0108996940271,238.66712116207796,28.86101743392104,78.3987578403372,80.26837753081324,80.73578245343225,4.461007883485548,14.964850806034047,66.52164534618882,79.41084398122752,4231.583553381264,5313.606387265027,74232.38887418882,91462.08449591976
1787420360668,3.0,53.69444647602388,82.33119887452452,196.8782084685271,237.36314508512578,11.819424069565576,33.7018763292775,34.61951246907276,34.848921504021575,1.7540944388418234,5.716807073366439,28.57364977839359,34.28786045465038,4225.67024057731,5308.08522291854,72386.10469875112,89155.60956770927
1787420360730,2.0,245.2306448199497,245.2306448199497,245.2306448199497,245.2306448199497,50.727903081174624,50.727903081174624,50.727903081174624,50.727903081174624,7.17610184242246,26.676059358717474,46.17601687501249,51.051006254086246,13410.203293810318,45825.83557764208,78241.46786147384,86345.37593243178
1787420360801,1.0,7777777.0,7777777.0,7777777.0,7777777.0,0.0,0.0,0.0,0.0,33.625668124487234,33.625668124487234,33.625668124487234,33.625668124487234,86235.02067501191,86235.02067501191,86235.02067501191,86235.02067501191
1787420360873,1.0,7777777.0,7777777.0,7777777.0,7777777.0,0.0,0.0,0.0,0.0,12.040067375728992,12.040067375728992,12.040067375728992,12.040067375728992,86686.20247708634,86686.20247708634,86686.20247708634,86686.20247708634
1787420360935,1.0,7777777.0,7777777.0,7777777.0,7777777.0,0.0,0.0,0.0,0.0,110.12682167801779,110.12682167801779,110.12682167801779,110.12682167801779,87765.83303513937,87765.83303513937,87765.83303513937,87765.83303513937
1787420361005,2.0,249.05268652951804,249.05268652951804,249.05268652951804,249.05268652951804,354.7546671351303,354.7546671351303,354.7546671351303,354.7546671351303,36.18751148213753,177.40978446135568,318.6320574405738,353.93762568537835,20275.78503023507,50326.80540624494,80377.8257822548,87890.58087625727
1787420361066,2.0,240.21594459369223,240.21594459369223,240.21594459369223,240.21594459369223,151.5168392042724,151.5168392042724,151.5168392042724,151.5168392042724,15.404051187049003,75.769793295313,136.135535403577,151.22697093064298,20322.406346880598,50352.71638673148,80383.02642658236,87890.60393654509
1787420361136,2.0,224.76352622949116,224.76352622949116,224.76352622949116,224.76352622949116,237.49197881516307,237.49197881516307,237.49197881516307,237.49197881516307,40.97330936954676,135.91756541540428,230.86182146126183,254.5978854727262,20397.321418468935,50340.14303794643,80282.96465742393,87768.6700622933
1787420361206,1.0,7777777.0,7777777.0,7777777.0,7777777.0,0.0,0.0,0.0,0.0,90.77988809288877,90.77988809288877,90.77988809288877,90.77988809288877,86355.03993892763,86355.03993892763,86355.03993892763,86355.03993892763
1787420361276,1.0,7777777.0,7777777.0,7777777.0,7777777.0,0.0,0.0,0.0,0.0,30.86156262387184,30.86156262387184,30.86156262387184,30.86156262387184,85744.15177097917,85744.15177097917,85744.15177097917,85744.15177097917
1787420361336,2.0,208.38819109363226,208.38819109363226,208.38819109363226,208.38819109363226,115.82642379168342,115.82642379168342,115.82642379168342,115.82642379168342,21.919132591963937,57.93171484880372,93.94429710564351,102.94744266985346,20547.59653375847,50319.317884346005,80091.03923493353,87533.96957258042
1787420361408,1.0,7777777.0,7777777.0,7777777.0,7777777.0,0.0,0.0,0.0,0.0,57.13945472908068,57.13945472908068,57.13945472908068,57.13945472908068,88656.39004744217,88656.39004744217,88656.39004744217,88656.39004744217
1787420361469,1.0,7777777.0,7777777.0,7777777.0,7777777.0,0.0,0.0,0.0,0.0,22.11874728004809,22.11874728004809,22.11874728004809,22.11874728004809,89165.99180652574,89165.99180652574,89165.99180652574,89165.99180652574
1787420361550,1.0,7777777.0,7777777.0,7777777.0,7777777.0,0.0,0.0,0.0,0.0,19.64255711015945,19.64255711015945,19.64255711015945,19.64255711015945,88247.36885572784,88247.36885572784,88247.36885572784,88247.36885572784
1787420361612,1.0,7777777.0,7777777.0,7777777.0,7777777.0,0.0,0.0,0.0,0.0,2.947974844474761,2.947974844474761,2.947974844474761,2.947974844474761,88927.69204899855,88927.69204899855,88927.69204899855,88927.69204899855
1787420361674,1.0,7777777.0,7777777.0,7777777.0,7777777.0,0.0,0.0,0.0,0.0,2.953229021059482,2.953229021059482,2.953229021059482,2.953229021059482,89239.9119855864,89239.9119855864,89239.9119855864,89239.9119855864
1787420361735,1.0,7777777.0,7777777.0,7777777.0,7777777.0,0.0,0.0,0.0,0.0,345.86352960940167,345.86352960940167,345.86352960940167,345.86352960940167,87325.1744857058,87325.1744857058,87325.1744857058,87325.1744857058
1787420361797,2.0,127.41302013468247,127.41302013468247,127.41302013468247,127.41302013468247,117.37753180620912,117.37753180620912,117.37753180620912,117.37753180620912,11.737753180620913,58.68876590310456,105.6397786255882,117.37753180620912,87264.12671372053,91328.534222099,95392.94173047747,96409.0436075721
1787420361868,2.0,129.28508871019213,129.28508871019213,129.28508871019213,129.28508871019213,35.367325700227155,35.367325700227155,35.367325700227155,35.367325700227155,4.017270925422358,18.163844886492473,32.31041884756259,35.84706233783012,86188.230319166,90725.36602562573,95262.50173208545,96396.78565870039
1787420361951,2.0,128.3676994105453,128.3676994105453,128.3676994105453,128.3676994105453,34.90438415592089,34.90438415592089,34.90438415592089,34.90438415592089,13.575331746442707,20.953087782718377,28.33084381899405,30.17528282806297,84129.65036822604,88717.2830695496,93304.91577087315,94451.82394620404
1787420362033,3.0,126.72438321705887,137.11868469366087,178.6958906000689,236.42796762400803,11.117835503475899,12.736367756628075,18.71845833365559,20.213980977912467,3.6517975442316,10.910198736192946,11.426950928125542,11.556138976108691,27086.516899567287,81586.08551731426,92469.57299967502,95190.4448702652
1787420362114,3.0,126.8745708596503,138.00654751875325,182.53445415516498,241.1168235797454,14.712705947125857,56.89213997061656,59.888728461859294,60.63787558466998,9.040265194880735,10.024203084262792,44.277969861282976,52.841411555538016,26401.329396253823,79380.71400235593,91368.03603220284,94364.86653966457
1787420362194,3.0,126.79979711178491,138.19023700741042,183.7519965899124,242.49595524399825,4.331528247522225,17.79042886027779,18.271885779512242,18.392250009320858,3.7254484671711623,4.460981830629897,12.829844404577742,14.9220600480647,25981.50450219363,78170.03806114197,90946.25570658594,94140.31011794694
1787420362266,3.0,126.41060521583978,137.9931431828769,184.32329505102547,243.41351111121793,10.824182911221264,13.038948994231761,16.475426957867963,17.334546448777015,6.1014332524609936,7.291957092595843,11.659819724716183,12.751785382746268,25573.199000344426,77017.14655436575,91517.08897267282,95142.07457724959
1787420362347,2.0,126.64694375030695,126.64694375030695,126.64694375030695,126.64694375030695,5.136631348794488,5.136631348794488,5.136631348794488,5.136631348794488,7.82719035284368,8.306696668847563,8.786202984851444,8.906079563852416,78137.0474631574,85546.6275750082,92956.207686859,94808.6027148217
1787420362417,2.0,126.66813304822648,126.66813304822648,126.66813304822648,126.66813304822648,2.760018179438673,2.760018179438673,2.760018179438673,2.760018179438673,2.2178603072757936,2.904905689480757,3.5919510716857204,3.763712417236961,77592.70673740562,85210.20298170578,92827.69922600593,94732.07328708097
1787420362498,2.0,128.03203987402426,128.03203987402426,128.03203987402426,128.03203987402426,20.128983401479772,20.128983401479772,20.128983401479772,20.128983401479772,5.406554212760538,10.377688992484854,15.34882377220917,16.59160746714025,77971.43207691591,85339.87484406587,92708.31761121583,94550.42830300331
1787420362579,2.0,129.44130225244962,129.44130225244962,129.44130225244962,129.44130225244962,18.244951201370792,18.244951201370792,18.244951201370792,18.244951201370792,6.601467068121153,11.4610063823065,16.32054569649185,17.535430525038183,78043.58161121942,85732.1816976387,93420.781784058,95342.93180566281
1787420362650,2.0,131.11686718295496,131.11686718295496,131.11686718295496,131.11686718295496,24.318707210231292,24.318707210231292,24.318707210231292,24.318707210231292,8.811509297321543,12.914685069999068,17.017860842676594,18.043654785845977,77573.28077636306,85429.20304624457,93285.12531612608,95249.10588359646
1787420362721,2.0,131.69138887278297,131.69138887278297,131.69138887278297,131.69138887278297,8.23022641606511,8.23022641606511,8.23022641606511,8.23022641606511,3.2293767626805843,4.479440459987772,5.729504157294959,6.0420200816217555,77203.78451675522,85216.02597364644,93228.26743053766,95231.32779476047
1787420362793,2.0,131.30236739578487,131.30236739578487,131.30236739578487,131.30236739578487,12.145234096256567,12.145234096256567,12.145234096256567,12.145234096256567,4.7924639154149205,7.713715907144438,10.634967898873956,11.365280896806336,78215.01130805323,86009.7441067514,93804.47690544957,95753.16010512412
1787420362874,2.0,131.6444639105366,131.6444639105366,131.6444639105366,131.6444639105366,9.94964414809751,9.94964414809751,9.94964414809751,9.94964414809751,10.86226368599238,12.627774203128567,14.393284720264754,14.8346623495488,79423.44791600275,86413.3246681327,93403.20142026265,95150.67060829513
1787420362936,2.0,131.73154632349167,131.73154632349167,131.73154632349167,131.73154632349167,5.143795421519131,5.143795421519131,5.143795421519131,5.143795421519131,5.382971640463097,6.546365429551978,7.709759218640859,8.00060766591308,79609.97226070464,86420.54240091145,93231.11254111826,94933.75507616997
1787420363008,1.0,7777777.0,7777777.0,7777777.0,7777777.0,0.0,0.0,0.0,0.0,29.409414625348465,29.409414625348465,29.409414625348465,29.409414625348465,78379.8006335888,78379.8006335888,78379.8006335888,78379.8006335888
1787420363067,2.0,186.73715315461234,186.73715315461234,186.73715315461234,186.73715315461234,20.61855505247721,20.61855505247721,20.61855505247721,20.61855505247721,4.702122158766661,12.660962440971359,20.619802723176058,22.60951279372723,18806.166909330525,44982.66586550046,71159.16482167039,77703.28956071287
1787420363138,2.0,187.07272467364632,187.07272467364632,187.07272467364632,187.07272467364632,5.800854109697875,5.800854109697875,5.800854109697875,5.800854109697875,6.14695622383867,6.39023220715066,6.633508190462652,6.69432718629065,18675.52929012142,44668.33103392832,70661.13277773521,77159.33321368694
1787420363210,2.0,186.79983177705765,186.79983177705765,186.79983177705765,186.79983177705765,15.502943970126779,15.502943970126779,15.502943970126779,15.502943970126779,14.277490000170241,17.66400634691488,21.050522693659524,21.897151780345684,18464.039474221318,44137.49470613524,69810.94993804916,76229.31374602765
1787420363271,2.0,186.08826110441913,186.08826110441913,186.08826110441913,186.08826110441913,17.337276863195843,17.337276863195843,17.337276863195843,17.337276863195843,5.320580213093633,10.821657252891473,16.322734292689315,17.698003552638774,18406.467931135372,43740.781663620844,69075.09539610632,75408.67382922769
1787420363342,2.0,185.903023846302,185.903023846302,185.903023846302,185.903023846302,5.604009951015262,5.604009951015262,5.604009951015262,5.604009951015262,0.9213428947674713,3.124561045625162,5.327779196482852,5.878583734197274,18357.191635149346,43507.758278032765,68658.32492091619,74945.96658163704
1787420363397,2.0,185.11948354545694,185.11948354545694,185.11948354545694,185.11948354545694,41.13349336466899,41.13349336466899,41.13349336466899,41.13349336466899,35.63072497696565,44.25147330610964,52.872221635253624,55.02740871753962,18525.93230248671,43340.23888274934,68154.54546301198,74358.12210807763
1787420363474,2.0,181.60972898651985,181.60972898651985,181.60972898651985,181.60972898651985,46.97600941177301,46.97600941177301,46.97600941177301,46.97600941177301,16.020603876388268,24.205928328223134,32.391252780058,34.437583893016715,18472.65687965434,42801.36353085842,67130.0701820625,73212.24684486352
1787420363546,2.0,180.30688052560896,180.30688052560896,180.30688052560896,180.30688052560896,18.672630332357457,18.672630332357457,18.672630332357457,18.672630332357457,6.274264665960796,9.620955950374634,12.967647234788474,13.804320055891933,18479.830376496353,42564.574304324575,66649.3182321528,72670.50421410985
1787420363617,1.0,7777777.0,7777777.0,7777777.0,7777777.0,0.0,0.0,0.0,0.0,28.644953245067562,28.644953245067562,28.644953245067562,28.644953245067562,72360.37929870328,72360.37929870328,72360.37929870328,72360.37929870328
1787420363677,2.0,203.6701672436373,203.6701672436373,203.6701672436373,203.6701672436373,388.2463638114958,388.2463638114958,388.2463638114958,388.2463638114958,50.837912285051345,194.14015865575007,337.44240502644885,373.2679666191235,18573.79113394441,43300.52195835346,68027.25278276252,74208.93548886478
1787420363739,2.0,211.79332679984336,211.79332679984336,211.79332679984336,211.79332679984336,143.68167190274133,143.68167190274133,143.68167190274133,143.68167190274133,20.893110196482862,71.84946670105265,122.80582320562242,135.54491233176486,18718.372562989873,44067.15266104182,69415.93275909378,75753.12778360676
1787420363798,2.0,106.07555748813881,106.07555748813881,106.07555748813881,106.07555748813881,51.78649515257557,51.78649515257557,51.78649515257557,51.78649515257557,5.529112271705261,26.22702547644931,46.92493868119335,52.09941698237937,79184.6939079382,86723.74904644699,94262.80418495578,96147.56796958297
1787420363879,2.0,208.35172014972008,208.35172014972008,208.35172014972008,208.35172014972008,64.71853049932413,64.71853049932413,64.71853049932413,64.71853049932413,29.0995415785507,32.380620421076664,35.66169926360263,36.48196897423412,19151.098704859753,45511.94399073045,71872.78927660114,78463.00059806881
1787420363957,2.0,206.4144136909631,206.4144136909631,206.4144136909631,206.4144136909631,26.912708570494903,26.912708570494903,26.912708570494903,26.912708570494903,11.648018819274483,13.466216627341527,15.284414435408571,15.738963887425331,19338.332010871825,45974.98384696944,72611.63568306706,79270.79864209145
1787420364047,1.0,7777777.0,7777777.0,7777777.0,7777777.0,0.0,0.0,0.0,0.0,71.3131481831566,71.3131481831566,71.3131481831566,71.3131481831566,78781.39141388983,78781.39141388983,78781.39141388983,78781.39141388983
1787420364132,2.0,217.36630901363927,217.36630901363927,217.36630901363927,217.36630901363927,65.00578413311213,65.00578413311213,65.00578413311213,65.00578413311213,17.03471240550065,32.847759454257044,48.66080650301343,52.61406826520253,19259.086613206287,46058.04963257024,72857.0126519342,79556.75340677518
1787420364204,2.0,220.77435994819695,220.77435994819695,220.77435994819695,220.77435994819695,51.28945240655016,51.28945240655016,51.28945240655016,51.28945240655016,17.055224640017983,37.548145153800775,58.04106566758357,63.164295796029265,19220.949517927318,45867.83900469914,72514.72849147096,79176.45086316392
1787420364293,2.0,221.9914033607024,221.9914033607024,221.9914033607024,221.9914033607024,14.725252829003717,14.725252829003717,14.725252829003717,14.725252829003717,4.835306265879072,10.720285752250506,16.60526523862194,18.076510110214798,19275.337618155405,45991.79885930382,72708.26010045223,79387.37541073933
1787420364380,2.0,224.61985831646476,224.61985831646476,224.61985831646476,224.61985831646476,30.627074099803295,30.627074099803295,30.627074099803295,30.627074099803295,24.332620077012205,36.47164927606469,48.610678475117176,51.6454357748803,19642.720860093832,47171.912983097136,74701.10510610044,81583.40313685127
1787420364473,2.0,235.1002821956785,235.1002821956785,235.1002821956785,235.1002821956785,117.82396056581686,117.82396056581686,117.82396056581686,117.82396056581686,15.987337912516555,60.16157424584836,104.33581057918016,115.37936966251311,19981.224985373952,48285.593538005836,76589.96209063772,83666.05422879569
1787420364546,1.0,7777777.0,7777777.0,7777777.0,7777777.0,0.0,0.0,0.0,0.0,10.28029491609016,10.28029491609016,10.28029491609016,10.28029491609016,83118.73068669531,83118.73068669531,83118.73068669531,83118.73068669531
1787420364633,2.0,236.92370392033646,236.92370392033646,236.92370392033646,236.92370392033646,18.376974889706204,18.376974889706204,18.376974889706204,18.376974889706204,4.418868693529009,10.007664762075834,15.596460830622659,16.993659847759364,19850.074389251695,47666.540716079995,75483.0070429083,82437.12362461537
1787420364719,2.0,237.4308224191478,237.4308224191478,237.4308224191478,237.4308224191478,6.100292520451831,6.100292520451831,6.100292520451831,6.100292520451831,2.009561940528834,3.348978068682989,4.688394196837144,5.023248228875683,19876.85296010077,47658.6981960088,75440.54343191683,82386.00474089384
1787420364810,1.0,7777777.0,7777777.0,7777777.0,7777777.0,0.0,0.0,0.0,0.0,51.217490550117404,51.217490550117404,51.217490550117404,51.217490550117404,81875.33118947782,81875.33118947782,81875.33118947782,81875.33118947782
1787420364880,1.0,7777777.0,7777777.0,7777777.0,7777777.0,0.0,0.0,0.0,0.0,11.184997681877425,11.184997681877425,11.184997681877425,11.184997681877425,81032.19361664727,81032.19361664727,81032.19361664727,81032.19361664727
1787420364947,1.0,7777777.0,7777777.0,7777777.0,7777777.0,0.0,0.0,0.0,0.0,2.839559821747688,2.839559821747688,2.839559821747688,2.839559821747688,80759.65417594695,80759.65417594695,80759.65417594695,80759.65417594695
1787420365041,1.0,7777777.0,7777777.0,7777777.0,7777777.0,0.0,0.0,0.0,0.0,72.14959553049046,72.14959553049046,72.14959553049046,72.14959553049046,79295.04148795735,79295.04148795735,79295.04148795735,79295.04148795735
1787420365130,1.0,7777777.0,7777777.0,7777777.0,7777777.0,0.0,0.0,0.0,0.0,249.41691732334664,249.41691732334664,249.41691732334664,249.41691732334664,79015.15156400483,79015.15156400483,79015.15156400483,79015.15156400483
1787420365218,1.0,7777777.0,7777777.0,7777777.0,7777777.0,0.0,0.0,0.0,0.0,131.2554818444686,131.2554818444686,131.2554818444686,131.2554818444686,78348.76133290585,78348.76133290585,78348.76133290585,78348.76133290585
1787420365301,1.0,7777777.0,7777777.0,7777777.0,7777777.0,0.0,0.0,0.0,0.0,59.325473592019804,59.325473592019804,59.325473592019804,59.325473592019804,75914.39177545719,75914.39177545719,75914.39177545719,75914.39177545719
1787420365382,2.0,252.83116045369067,252.83116045369067,252.83116045369067,252.83116045369067,19.660930502109103,19.660930502109103,19.660930502109103,19.660930502109103,1.9660930502109104,9.830465251054552,17.694837451898195,19.660930502109103,12317.628492059559,40270.30580745265,68222.98312284573,75211.15245169401
1787420365470,1.0,7777777.0,7777777.0,7777777.0,7777777.0,0.0,0.0,0.0,0.0,110.13370004155666,110.13370004155666,110.13370004155666,110.13370004155666,73931.29356193542,73931.29356193542,73931.29356193542,73931.29356193542
1787420365559,1.0,7777777.0,7777777.0,7777777.0,7777777.0,0.0,0.0,0.0,0.0,36.753721277897704,36.753721277897704,36.753721277897704,36.753721277897704,75764.77083474398,75764.77083474398,75764.77083474398,75764.77083474398
1787420365646,2.0,268.13344536637163,268.13344536637163,268.13344536637163,268.13344536637163,40.61401154957063,40.61401154957063,40.61401154957063,40.61401154957063,5.744035582705762,21.989029084998954,38.234022587292145,42.295270962865445,12374.278485956089,40732.132685166085,69089.98688437608,76179.45043417858
1787420365730,3.0,104.95594955003384,116.8214659134193,164.2835313669612,248.24197759046194,3.142386104822988,13.40253528617876,13.864099946763057,13.979491111909132,0.11546976189680908,0.5773488094840453,11.299062651424116,13.979491111909132,7972.914848200977,18746.522557400167,64770.92419910617,76277.02460953267
1787420365816,2.0,168.15368875656878,168.15368875656878,168.15368875656878,168.15368875656878,46.05250607816551,46.05250607816551,46.05250607816551,46.05250607816551,21.86705846052158,39.519092845608256,57.17112723069494,61.58413582696661,24457.4824370848,47225.373244927265,69993.26405276972,75685.23675473034
1787420365887,2.0,169.2556178942458,169.2556178942458,169.2556178942458,169.2556178942458,27.751941877821448,27.751941877821448,27.751941877821448,27.751941877821448,37.6532734944334,47.44067190660574,57.22807031877809,59.67491992182117,24179.79542263015,46565.510324266506,68951.22522590286,74547.65395131195
1787420365957,2.0,169.67164226455785,169.67164226455785,169.67164226455785,169.67164226455785,10.94944485175235,10.94944485175235,10.94944485175235,10.94944485175235,11.52656918471752,15.376298163832223,19.226027142946926,20.1884593877256,24111.968695022446,46330.36888355529,68548.76907208814,74103.36911922134
1787420366056,1.0,7777777.0,7777777.0,7777777.0,7777777.0,0.0,0.0,0.0,0.0,49.42193814809895,49.42193814809895,49.42193814809895,49.42193814809895,73956.56046490883,73956.56046490883,73956.56046490883,73956.56046490883
1787420366145,1.0,7777777.0,7777777.0,7777777.0,7777777.0,0.0,0.0,0.0,0.0,71.54180123149445,71.54180123149445,71.54180123149445,71.54180123149445,74153.37434522063,74153.37434522063,74153.37434522063,74153.37434522063
1787420366220,1.0,7777777.0,7777777.0,7777777.0,7777777.0,0.0,0.0,0.0,0.0,71.17906557723086,71.17906557723086,71.17906557723086,71.17906557723086,74238.89236906078,74238.89236906078,74238.89236906078,74238.89236906078
1787420366287,1.0,7777777.0,7777777.0,7777777.0,7777777.0,0.0,0.0,0.0,0.0,27.4310135892664,27.4310135892664,27.4310135892664,27.4310135892664,74213.6517643556,74213.6517643556,74213.6517643556,74213.6517643556
1787420366357,1.0,7777777.0,7777777.0,7777777.0,7777777.0,0.0,0.0,0.0,0.0,41.69444667374019,41.69444667374019,41.69444667374019,41.69444667374019,74460.53544564499,74460.53544564499,74460.53544564499,74460.53544564499
1787420366439,1.0,7777777.0,7777777.0,7777777.0,7777777.0,0.0,0.0,0.0,0.0,59.09847367873785,59.09847367873785,59.09847367873785,59.09847367873785,75093.52794393897,75093.52794393897,75093.52794393897,75093.52794393897
1787420366529,1.0,7777777.0,7777777.0,7777777.0,7777777.0,0.0,0.0,0.0,0.0,26.911668667013423,26.911668667013423,26.911668667013423,26.911668667013423,75369.93830516469,75369.93830516469,75369.93830516469,75369.93830516469
1787420366615,1.0,7777777.0,7777777.0,7777777.0,7777777.0,0.0,0.0,0.0,0.0,8.834703628870015,8.834703628870015,8.834703628870015,8.834703628870015,75446.18954565376,75446.18954565376,75446.18954565376,75446.18954565376
1787420366688,1.0,7777777.0,7777777.0,7777777.0,7777777.0,0.0,0.0,0.0,0.0,14.137882027121744,14.137882027121744,14.137882027121744,14.137882027121744,75480.62954545207,75480.62954545207,75480.62954545207,75480.62954545207
1787420366753,1.0,7777777.0,7777777.0,7777777.0,7777777.0,0.0,0.0,0.0,0.0,4.418984745037632,4.418984745037632,4.418984745037632,4.418984745037632,75154.16594955605,75154.16594955605,75154.16594955605,75154.16594955605
1787420366824,1.0,7777777.0,7777777.0,7777777.0,7777777.0,0.0,0.0,0.0,0.0,3.27856980250913,3.27856980250913,3.27856980250913,3.27856980250913,75053.98035475705,75053.98035475705,75053.98035475705,75053.98035475705
1787420366921,1.0,7777777.0,7777777.0,7777777.0,7777777.0,0.0,0.0,0.0,0.0,1.773075490184656,1.773075490184656,1.773075490184656,1.773075490184656,75623.8577717403,75623.8577717403,75623.8577717403,75623.8577717403
1787420367008,2.0,195.4297418486614,195.4297418486614,195.4297418486614,195.4297418486614,4.16711345835549,4.16711345835549,4.16711345835549,4.16711345835549,2.6508513484047582,3.3910768802819806,4.1313024121592035,4.316358795128509,24122.145873328067,47365.483654311625,70608.82143529519,76419.65588054108
1787420367100,1.0,7777777.0,7777777.0,7777777.0,7777777.0,0.0,0.0,0.0,0.0,5.891941131318383,5.891941131318383,5.891941131318383,5.891941131318383,75540.26508869044,75540.26508869044,75540.26508869044,75540.26508869044
1787420367183,2.0,193.67342278527633,193.67342278527633,193.67342278527633,193.67342278527633,17.94291567003234,17.94291567003234,17.94291567003234,17.94291567003234,1.9271697318719998,8.979840649945954,16.032511568019906,17.795679297538396,24398.226018797606,47532.123327519745,70666.02063624188,76449.49496342242
1787420367271,2.0,193.1859521284783,193.1859521284783,193.1859521284783,193.1859521284783,6.556879640525037,6.556879640525037,6.556879640525037,6.556879640525037,1.0265584378786574,3.64920245068207,6.271846463485483,6.927507466686336,24619.21207234906,47796.81528043607,70974.41848852308,76768.81929054484
1787420367357,1.0,7777777.0,7777777.0,7777777.0,7777777.0,0.0,0.0,0.0,0.0,31.012476295553707,31.012476295553707,31.012476295553707,31.012476295553707,78281.15948371869,78281.15948371869,78281.15948371869,78281.15948371869
1787420367429,1.0,7777777.0,7777777.0,7777777.0,7777777.0,0.0,0.0,0.0,0.0,38.46911040454942,38.46911040454942,38.46911040454942,38.46911040454942,79516.7969321832,79516.7969321832,79516.7969321832,79516.7969321832
1787420367517,2.0,191.34492327335417,191.34492327335417,191.34492327335417,191.34492327335417,15.7463213303638,15.7463213303638,15.7463213303638,15.7463213303638,7.318858625809258,8.402536071962349,9.486213518115438,9.75713287965371,24836.17003167011,49152.75803053193,73469.34602939375,79548.4930291092
1787420367606,2.0,191.91451754323222,191.91451754323222,191.91451754323222,191.91451754323222,6.495715655631195,6.495715655631195,6.495715655631195,6.495715655631195,3.439415382085932,3.4853642283518544,3.5313130746177763,3.542800286184257,24891.59037076668,49149.85936445673,73408.12835814679,79472.6956065693
1787420367684,3.0,111.6803289052833,127.49191779579897,190.7382733578616,280.0717465353322,16.333539789734772,16.750151502114054,17.278689908756736,17.410824510417406,3.2856920268323746,16.167724674633266,16.59673110915519,16.70398271778567,7991.779041752034,19024.786236993037,67039.78999545482,79043.54093507025
1787420367758,3.0,112.67365127835855,127.94313411499105,189.0210654615211,279.14432842391415,12.554120164556732,14.78215807502622,21.522097127785244,23.207081890975,4.060735647715877,13.000530170024462,13.22387521354467,13.279711474424722,8059.920324310847,19271.918248013593,66005.61813382823,77689.04310528189
1787420367833,3.0,113.03704774900615,128.10145110778538,188.35906454290236,278.77110077689065,4.863605344855001,5.329281738869177,8.128393211831732,8.828171080072371,1.4219169425357923,4.754428548200259,5.089929033993631,5.173804155441974,8100.938403259218,19431.986133247614,65659.45296102464,77216.3196679689
1787420367915,2.0,188.08453030863046,188.08453030863046,188.08453030863046,188.08453030863046,8.44420081799174,8.44420081799174,8.44420081799174,8.44420081799174,6.9346675481484485,7.010130114209477,7.085592680270505,7.104458321785762,25073.02048100657,47802.28199715796,70531.54351330936,76213.8588923472
1787420368003,1.0,7777777.0,7777777.0,7777777.0,7777777.0,0.0,0.0,0.0,0.0,5.848857576423004,5.848857576423004,5.848857576423004,5.848857576423004,76387.2325993143,76387.2325993143,76387.2325993143,76387.2325993143
1787420368087,1.0,7777777.0,7777777.0,7777777.0,7777777.0,0.0,0.0,0.0,0.0,17.917411909401878,17.917411909401878,17.917411909401878,17.917411909401878,77271.68268490909,77271.68268490909,77271.68268490909,77271.68268490909
1787420368157,1.0,7777777.0,7777777.0,7777777.0,7777777.0,0.0,0.0,0.0,0.0,7.9866181189999566,7.9866181189999566,7.9866181189999566,7.9866181189999566,77659.19257160649,77659.19257160649,77659.19257160649,77659.19257160649
1787420368227,2.0,191.5339513183477,191.5339513183477,191.5339513183477,191.5339513183477,28.780098157748483,28.780098157748483,28.780098157748483,28.780098157748483,4.260819269552455,15.146037130923995,26.031254992295537,28.75255945763842,25361.25457819975,48829.14220651868,72297.02983483761,78164.00174191734
1787420368315,1.0,7777777.0,7777777.0,7777777.0,7777777.0,0.0,0.0,0.0,0.0,14.383877221172542,14.383877221172542,14.383877221172542,14.383877221172542,80385.4447125569,80385.4447125569,80385.4447125569,80385.4447125569
1787420368402,1.0,7777777.0,7777777.0,7777777.0,7777777.0,0.0,0.0,0.0,0.0,21.504186001481155,21.504186001481155,21.504186001481155,21.504186001481155,81683.60448599793,81683.60448599793,81683.60448599793,81683.60448599793
1787420368484,1.0,7777777.0,7777777.0,7777777.0,7777777.0,0.0,0.0,0.0,0.0,8.474254276041945,8.474254276041945,8.474254276041945,8.474254276041945,82078.55959880585,82078.55959880585,82078.55959880585,82078.55959880585
1787420368558,1.0,7777777.0,7777777.0,7777777.0,7777777.0,0.0,0.0,0.0,0.0,31.53010097359655,31.53010097359655,31.53010097359655,31.53010097359655,83098.83429009467,83098.83429009467,83098.83429009467,83098.83429009467
1787420368627,1.0,7777777.0,7777777.0,7777777.0,7777777.0,0.0,0.0,0.0,0.0,15.375548962835957,15.375548962835957,15.375548962835957,15.375548962835957,83393.68940556888,83393.68940556888,83393.68940556888,83393.68940556888
1787420368711,1.0,7777777.0,7777777.0,7777777.0,7777777.0,0.0,0.0,0.0,0.0,26.190681546399603,26.190681546399603,26.190681546399603,26.190681546399603,84819.82174710324,84819.82174710324,84819.82174710324,84819.82174710324
1787420368794,1.0,7777777.0,7777777.0,7777777.0,7777777.0,0.0,0.0,0.0,0.0,9.66911226129679,9.66911226129679,9.66911226129679,9.66911226129679,85280.0382163208,85280.0382163208,85280.0382163208,85280.0382163208
1787420368880,1.0,7777777.0,7777777.0,7777777.0,7777777.0,0.0,0.0,0.0,0.0,32.34346624637931,32.34346624637931,32.34346624637931,32.34346624637931,87209.417008725,87209.417008725,87209.417008725,87209.417008725
1787420368954,1.0,7777777.0,7777777.0,7777777.0,7777777.0,0.0,0.0,0.0,0.0,27.343105599209206,27.343105599209206,27.343105599209206,27.343105599209206,89573.15269197803,89573.15269197803,89573.15269197803,89573.15269197803
1787420369023,1.0,7777777.0,7777777.0,7777777.0,7777777.0,0.0,0.0,0.0,0.0,10.64709164532841,10.64709164532841,10.64709164532841,10.64709164532841,90300.83936126344,90300.83936126344,90300.83936126344,90300.83936126344
1787420369094,1.0,7777777.0,7777777.0,7777777.0,7777777.0,0.0,0.0,0.0,0.0,46.343564586843776,46.343564586843776,46.343564586843776,46.343564586843776,92000.01796963485,92000.01796963485,92000.01796963485,92000.01796963485
1787420369180,1.0,7777777.0,7777777.0,7777777.0,7777777.0,0.0,0.0,0.0,0.0,9.331620007260463,9.331620007260463,9.331620007260463,9.331620007260463,93283.03490210325,93283.03490210325,93283.03490210325,93283.03490210325
1787420369265,1.0,7777777.0,7777777.0,7777777.0,7777777.0,0.0,0.0,0.0,0.0,21.936278346415953,21.936278346415953,21.936278346415953,21.936278346415953,91668.58072533505,91668.58072533505,91668.58072533505,91668.58072533505
1787420369363,1.0,7777777.0,7777777.0,7777777.0,7777777.0,0.0,0.0,0.0,0.0,6.796211026138398,6.796211026138398,6.796211026138398,6.796211026138398,90944.61218516808,90944.61218516808,90944.61218516808,90944.61218516808
1787420369459,1.0,7777777.0,7777777.0,7777777.0,7777777.0,0.0,0.0,0.0,0.0,27.3210272368727,27.3210272368727,27.3210272368727,27.3210272368727,91018.57891545724,91018.57891545724,91018.57891545724,91018.57891545724
1787420369554,2.0,212.9393109767675,212.9393109767675,212.9393109767675,212.9393109767675,22.393078969396186,22.393078969396186,22.393078969396186,22.393078969396186,6.778717159996009,15.581285182056,24.38385320411599,26.584495209630987,26631.69187540328,54748.81148298411,82865.93109056493,89895.21099246014
1787420369613,2.0,215.67037550537867,215.67037550537867,215.67037550537867,215.67037550537867,54.17319521746839,54.17319521746839,54.17319521746839,54.17319521746839,16.547924190422645,27.182748723887308,37.81757325735197,40.47627939071813,26227.821950618643,53624.682087416295,81021.54222421395,87870.75725841336
1787420369698,2.0,216.65653805542203,216.65653805542203,216.65653805542203,216.65653805542203,13.613105865979447,13.613105865979447,13.613105865979447,13.613105865979447,3.9189191107585684,6.824318799812302,9.729718488866036,10.456068411129468,26039.241252745316,53231.568041605875,80423.89483046644,87221.97652768157
1787420369794,2.0,214.71317227867664,214.71317227867664,214.71317227867664,214.71317227867664,23.9174524803815,23.9174524803815,23.9174524803815,23.9174524803815,5.896572094896859,13.478795367664663,21.06101864043247,22.95657445862442,25731.48608216364,52085.69642356131,78439.90676495899,85028.4593503084
1787420369884,3.0,105.79295304870972,126.6135668458715,209.89602203451864,294.530358981075,17.98463929053282,54.603911780161255,60.1582783659964,61.54687001245519,1.8854587321052825,8.659231332528046,50.817424079883665,61.35697226672257,8040.361787534505,19028.995229993016,69663.30781147182,82321.88595684152
1787420369955,2.0,207.13080357385425,207.13080357385425,207.13080357385425,207.13080357385425,39.39833968665058,39.39833968665058,39.39833968665058,39.39833968665058,11.511844510805155,27.164260907968355,42.816677305131556,46.729781404422354,25105.74286467652,50118.13036464504,75130.51786461356,81383.61473960569
1787420370041,2.0,202.99030547663773,202.99030547663773,202.99030547663773,202.99030547663773,48.23339806040272,48.23339806040272,48.23339806040272,48.23339806040272,21.484502513002127,39.92185536550788,58.359208218013634,62.96854643114007,24859.228597785997,49659.58557993034,74459.94256207468,80660.03180761077
1787420370128,2.0,201.46557542291055,201.46557542291055,201.46557542291055,201.46557542291055,17.566643450682232,17.566643450682232,17.566643450682232,17.566643450682232,7.78649674354756,14.501673219117745,21.21684969468793,22.895643813580477,24735.337527596577,49576.07183668576,74416.80614577494,80626.98972304724
1787420370213,2.0,188.3957954071617,188.3957954071617,188.3957954071617,188.3957954071617,156.4568298427941,156.4568298427941,156.4568298427941,156.4568298427941,25.488489970986446,82.07549651242049,138.66250305385452,152.80925468921302,25204.66764305178,50428.027424720116,75651.38720638845,81957.22715180553
1787420370285,2.0,184.34276356117553,184.34276356117553,184.34276356117553,184.34276356117553,58.34453774731871,58.34453774731871,58.34453774731871,58.34453774731871,33.975384276415184,57.28290283806274,80.5904213997103,86.41730104012218,25088.006247754347,50495.85814547888,75903.7100432034,82255.67301763454
1787420370356,2.0,182.90781877035843,182.90781877035843,182.90781877035843,182.90781877035843,21.047923922479402,21.047923922479402,21.047923922479402,21.047923922479402,12.733822777248339,21.134490386206277,29.53515799516422,31.635324897403702,24971.414868846907,50465.82803195529,75960.24119506366,82333.84448584076
1787420370443,3.0,98.95949820248295,115.33706187028983,180.8473165415174,260.00953154187255,25.26224136737675,31.04389434120328,48.64205891145474,53.0416000540176,6.455738701194659,31.080479898669154,48.62426157152312,53.010206989736616,7902.882371297106,18587.026259092614,68589.88664752431,81090.60174463224
1787420370529,2.0,268.4804342049301,268.4804342049301,268.4804342049301,268.4804342049301,137.10098832783737,137.10098832783737,137.10098832783737,137.10098832783737,17.690710570185402,72.27499511440035,126.85927965861529,140.50535079466903,12820.335117221019,42849.02523098211,72877.71534474319,80384.88787318347
1787420370614,2.0,262.23443468483237,262.23443468483237,262.23443468483237,262.23443468483237,76.75063020212463,76.75063020212463,76.75063020212463,76.75063020212463,10.416309196446642,38.49659490308264,66.57688060971863,73.59695203637763,12743.651991741173,42636.67776451912,72529.70353729706,80002.95998049155
1787420370686,2.0,260.0522036067837,260.0522036067837,260.0522036067837,260.0522036067837,31.743784520304004,31.743784520304004,31.743784520304004,31.743784520304004,4.395679870542615,15.927015444731023,27.45835101891943,30.34118491246653,12731.5860495341,42642.95785497734,72554.32966042058,80032.1726117814
1787420370780,2.0,249.4445670349085,249.4445670349085,249.4445670349085,249.4445670349085,114.04752730788181,114.04752730788181,114.04752730788181,114.04752730788181,13.036923598639834,57.901074618981276,102.76522563932272,113.98126339440807,12826.175403202604,43065.6219853661,73305.0685675296,80864.93021307047
1787420370877,1.0,7777777.0,7777777.0,7777777.0,7777777.0,0.0,0.0,0.0,0.0,111.64480039221884,111.64480039221884,111.64480039221884,111.64480039221884,83627.3643548917,83627.3643548917,83627.3643548917,83627.3643548917
1787420370962,1.0,7777777.0,7777777.0,7777777.0,7777777.0,0.0,0.0,0.0,0.0,99.62169413678193,99.62169413678193,99.62169413678193,99.62169413678193,85927.33171368018,85927.33171368018,85927.33171368018,85927.33171368018
1787420371049,1.0,7777777.0,7777777.0,7777777.0,7777777.0,0.0,0.0,0.0,0.0,415.32333926739886,415.32333926739886,415.32333926739886,415.32333926739886,86324.53967262805,86324.53967262805,86324.53967262805,86324.53967262805
1787420371298,1.0,7777777.0,7777777.0,7777777.0,7777777.0,0.0,0.0,0.0,0.0,79.39152550570189,79.39152550570189,79.39152550570189,79.39152550570189,88096.8802119079,88096.8802119079,88096.8802119079,88096.8802119079
1787420371397,1.0,7777777.0,7777777.0,7777777.0,7777777.0,0.0,0.0,0.0,0.0,294.2328099673687,294.2328099673687,294.2328099673687,294.2328099673687,90239.7458998356,90239.7458998356,90239.7458998356,90239.7458998356
1787420371482,1.0,7777777.0,7777777.0,7777777.0,7777777.0,0.0,0.0,0.0,0.0,90.01755430074999,90.01755430074999,90.01755430074999,90.01755430074999,91513.99186050799,91513.99186050799,91513.99186050799,91513.99186050799
1787420371555,2.0,117.55503770962878,117.55503770962878,117.55503770962878,117.55503770962878,33.58406584901111,33.58406584901111,33.58406584901111,33.58406584901111,3.358406584901111,16.792032924505556,30.22565926411,33.58406584901111,94041.1295474399,102134.26334301569,110227.39713859148,112250.68058748543
1787420371627,2.0,135.7389085508959,135.7389085508959,135.7389085508959,135.7389085508959,253.20703981515302,253.20703981515302,253.20703981515302,253.20703981515302,141.2178483099208,179.9802090740568,218.7425698381928,228.4331600292268,90577.07064596881,90869.36783482973,91161.66502369064,91234.73932090588
1787420371697,2.0,147.37072036477306,147.37072036477306,147.37072036477306,147.37072036477306,177.00696856582766,177.00696856582766,177.00696856582766,177.00696856582766,62.88643290494062,105.4231001422344,147.9597673795282,158.59393418885162,83866.76262743762,87435.38416314824,91004.00569885885,91896.16108278651
1787420371782,2.0,156.24407119890822,156.24407119890822,156.24407119890822,156.24407119890822,116.30919582069063,116.30919582069063,116.30919582069063,116.30919582069063,26.893052531666193,67.29232932375193,107.69160611583767,117.79142531385911,81731.80334257832,86248.15053336578,90764.49772415325,91893.5845218501
1787420371869,2.0,159.15151177158174,159.15151177158174,159.15151177158174,159.15151177158174,38.075725238605976,38.075725238605976,38.075725238605976,38.075725238605976,6.531911387666874,20.840988859017145,35.15006633036742,38.72733569820499,81808.27310586884,86192.40044009755,90576.52777432627,91672.55960788345
1787420371958,2.0,164.45991636207788,164.45991636207788,164.45991636207788,164.45991636207788,74.21686583975294,74.21686583975294,74.21686583975294,74.21686583975294,12.507430372116566,37.58166033219024,62.655890292263926,68.92444778228234,82607.55262352675,85440.6759717241,88273.79931992144,88982.08015697077
1787420372026,2.0,166.77372967308773,166.77372967308773,166.77372967308773,166.77372967308773,38.8327054044003,38.8327054044003,38.8327054044003,38.8327054044003,6.197358246100225,19.475997038566284,32.754635831032346,36.074295529148856,83435.88079096866,85183.27315031202,86930.66550965537,87367.51359949121
1787420372103,3.0,1.5546374998846344,34.468731318883435,166.12510659487862,167.3687659926115,3.789114588451712,13.06017928318852,13.699654200905192,13.859522930334359,0.294269682953502,1.4713484147675098,10.742413109504318,13.06017928318852,84558.95733409515,86716.46817070199,94087.32831240883,95930.04334783554
1787420372191,1.0,7777777.0,7777777.0,7777777.0,7777777.0,0.0,0.0,0.0,0.0,16.016915899757567,16.016915899757567,16.016915899757567,16.016915899757567,86175.46346912626,86175.46346912626,86175.46346912626,86175.46346912626
1787420372281,2.0,168.01416870791408,168.01416870791408,168.01416870791408,168.01416870791408,7.970947096780218,7.970947096780218,7.970947096780218,7.970947096780218,4.398427553761264,5.80898324385614,7.219538933951017,7.5721778564747355,84374.0071181877,85723.2665757977,87072.52603340769,87409.84089781018
1787420372354,2.0,168.17188324025472,168.17188324025472,168.17188324025472,168.17188324025472,2.7702945928258407,2.7702945928258407,2.7702945928258407,2.7702945928258407,4.059041623304147,5.124921855903797,6.190802088503448,6.45727214665336,85276.16978127928,86260.0109281973,87243.85207511531,87489.81236184482
1787420372430,2.0,168.33033684764425,168.33033684764425,168.33033684764425,168.33033684764425,2.466617953595076,2.466617953595076,2.466617953595076,2.466617953595076,1.5423000713780315,2.5097509213101596,3.477201771242288,3.7190644837253197,86061.13965540231,86683.3990546763,87305.65845395028,87461.22330376878
1787420372490,2.0,168.3453471713224,168.3453471713224,168.3453471713224,168.3453471713224,7.914281810568269,7.914281810568269,7.914281810568269,7.914281810568269,2.7586418456700574,4.173094215932319,5.5875465861945806,5.941159678760146,86906.11017500325,87150.0611192889,87394.01206357456,87454.99979964597
1787420372565,2.0,169.08118466953752,169.08118466953752,169.08118466953752,169.08118466953752,9.814684146589256,9.814684146589256,9.814684146589256,9.814684146589256,6.434021866880797,7.804741609300595,9.175461351720394,9.518141287325342,87002.74418924097,87564.48397052754,88126.2237518141,88266.65869713575
1787420372654,2.0,168.73703201646978,168.73703201646978,168.73703201646978,168.73703201646978,5.60369193231908,5.60369193231908,5.60369193231908,5.60369193231908,1.920055434810029,2.8480008283884786,3.775946221966928,4.0079325703615405,86980.54254478533,87831.06868961547,88681.5948344456,88894.22637065314
1787420372740,2.0,168.6539766343952,168.6539766343952,168.6539766343952,168.6539766343952,1.5764754477619232,1.5764754477619232,1.5764754477619232,1.5764754477619232,0.7042943112179438,0.8543677275347135,1.004441143851483,1.0419594979306754,86979.60298334314,88094.4511513277,89209.29931931225,89488.0113613084
1787420372827,2.0,168.258233167257,168.258233167257,168.258233167257,168.258233167257,5.511415973919821,5.511415973919821,5.511415973919821,5.511415973919821,1.6314515291809868,3.3463810960691127,5.061310662957238,5.49004305467927,86490.90333393244,88035.36039950466,89579.81746507688,89965.93173146993
1787420372900,3.0,0.8137995026229629,33.81358991420437,165.81275156053002,166.22429416674416,6.921746524353267,32.04285251794512,32.51482139437942,32.63281361348799,0.1282940051910608,0.6414700259553039,26.234544895981454,32.63281361348799,87388.44402638524,90502.37941785902,94973.21740481406,96090.92690155283
1787420372989,1.0,7777777.0,7777777.0,7777777.0,7777777.0,0.0,0.0,0.0,0.0,295.60976043375587,295.60976043375587,295.60976043375587,295.60976043375587,88510.89745540172,88510.89745540172,88510.89745540172,88510.89745540172
1787420373075,2.0,137.2803504448732,137.2803504448732,137.2803504448732,137.2803504448732,110.24457206669868,110.24457206669868,110.24457206669868,110.24457206669868,18.00781877758322,61.65487754375357,105.30193630992393,116.21370100146652,90284.18960042894,91206.66810309142,92129.1466057539,92359.76623141952
1787420373164,2.0,130.04874939664415,130.04874939664415,130.04874939664415,130.04874939664415,92.08269864335698,92.08269864335698,92.08269864335698,92.08269864335698,19.633658105547163,55.947129767918625,92.26060143029008,101.33896934588294,92898.58857052289,93021.91589911096,93145.24322769903,93176.07505984604
1787420373232,2.0,133.4215706739202,133.4215706739202,133.4215706739202,133.4215706739202,60.139231392065746,60.139231392065746,60.139231392065746,60.139231392065746,13.225776711303576,36.54875562336143,59.871734535419286,65.70247926343374,92531.2948206549,92700.9824133094,92870.67000596388,92913.0919041275
1787420373317,2.0,135.5738777326533,135.5738777326533,135.5738777326533,135.5738777326533,31.461247672600685,31.461247672600685,31.461247672600685,31.461247672600685,10.026887626214412,21.471619411006248,32.916351195798086,35.77753414199604,91865.7198119782,92880.71411508694,93895.70841819569,94149.45699397288
1787420373417,3.0,2.222334806037979,27.98019762276359,131.01164888966605,131.22830576635545,23.816281641945267,39.91165688815673,46.15235916376818,47.712534732671045,3.9584875660784804,19.7924378303924,35.88781307660386,39.91165688815673,90752.72686610595,96555.20481348038,98273.65665501058,98703.26961539313
1787420373490,1.0,7777777.0,7777777.0,7777777.0,7777777.0,0.0,0.0,0.0,0.0,241.84326304269626,241.84326304269626,241.84326304269626,241.84326304269626,89626.73901469167,89626.73901469167,89626.73901469167,89626.73901469167
1787420373564,2.0,121.51963769940001,121.51963769940001,121.51963769940001,121.51963769940001,31.228850529534128,31.228850529534128,31.228850529534128,31.228850529534128,14.256060702305112,15.65850949163197,17.06095828095883,17.411570478290542,89199.52248979993,92386.9407406617,95574.35899152346,96371.2135542389
1787420373636,2.0,122.56310594316967,122.56310594316967,122.56310594316967,122.56310594316967,14.994284269024616,14.994284269024616,14.994284269024616,14.994284269024616,6.82762009707224,7.498335891925072,8.169051686777905,8.336730635491113,88679.3803251274,91825.23827349767,94971.09622186795,95757.56070896052
1787420373726,1.0,7777777.0,7777777.0,7777777.0,7777777.0,0.0,0.0,0.0,0.0,174.6274280487639,174.6274280487639,174.6274280487639,174.6274280487639,87542.6369818449,87542.6369818449,87542.6369818449,87542.6369818449
1787420373809,1.0,7777777.0,7777777.0,7777777.0,7777777.0,0.0,0.0,0.0,0.0,135.41337537545922,135.41337537545922,135.41337537545922,135.41337537545922,88413.51368634915,88413.51368634915,88413.51368634915,88413.51368634915
1787420373896,1.0,7777777.0,7777777.0,7777777.0,7777777.0,0.0,0.0,0.0,0.0,45.217224510723334,45.217224510723334,45.217224510723334,45.217224510723334,88712.97267114278,88712.97267114278,88712.97267114278,88712.97267114278
1787420373972,1.0,7777777.0,7777777.0,7777777.0,7777777.0,0.0,0.0,0.0,0.0,17.066185502226364,17.066185502226364,17.066185502226364,17.066185502226364,88789.38160464633,88789.38160464633,88789.38160464633,88789.38160464633
1787420374057,1.0,7777777.0,7777777.0,7777777.0,7777777.0,0.0,0.0,0.0,0.0,241.8599415059232,241.8599415059232,241.8599415059232,241.8599415059232,89871.46718501206,89871.46718501206,89871.46718501206,89871.46718501206
1787420374140,1.0,7777777.0,7777777.0,7777777.0,7777777.0,0.0,0.0,0.0,0.0,166.72889619911479,166.72889619911479,166.72889619911479,166.72889619911479,91365.2675492689,91365.2675492689,91365.2675492689,91365.2675492689
1787420374227,2.0,256.56179633821796,256.56179633821796,256.56179633821796,256.56179633821796,90.97707403951435,90.97707403951435,90.97707403951435,90.97707403951435,9.097707403951436,45.488537019757175,81.87936663556292,90.97707403951435,20776.196913577616,53274.30896250531,85772.421011433,93896.94902366493
1787420374314,1.0,7777777.0,7777777.0,7777777.0,7777777.0,0.0,0.0,0.0,0.0,144.07878298571717,144.07878298571717,144.07878298571717,144.07878298571717,94983.13528153487,94983.13528153487,94983.13528153487,94983.13528153487
1787420374401,1.0,7777777.0,7777777.0,7777777.0,7777777.0,0.0,0.0,0.0,0.0,51.58801010296176,51.58801010296176,51.58801010296176,51.58801010296176,95718.58368817484,95718.58368817484,95718.58368817484,95718.58368817484
1787420374485,1.0,7777777.0,7777777.0,7777777.0,7777777.0,0.0,0.0,0.0,0.0,94.92783251599154,94.92783251599154,94.92783251599154,94.92783251599154,97096.91530537466,97096.91530537466,97096.91530537466,97096.91530537466
1787420374566,1.0,7777777.0,7777777.0,7777777.0,7777777.0,0.0,0.0,0.0,0.0,33.99984526143127,33.99984526143127,33.99984526143127,33.99984526143127,97464.92271726951,97464.92271726951,97464.92271726951,97464.92271726951
1787420374654,1.0,7777777.0,7777777.0,7777777.0,7777777.0,0.0,0.0,0.0,0.0,131.86433085467445,131.86433085467445,131.86433085467445,131.86433085467445,102815.8778689485,102815.8778689485,102815.8778689485,102815.8778689485
1787420374739,1.0,7777777.0,7777777.0,7777777.0,7777777.0,0.0,0.0,0.0,0.0,49.40207837035381,49.40207837035381,49.40207837035381,49.40207837035381,104360.07167350128,104360.07167350128,104360.07167350128,104360.07167350128
1787420374831,1.0,7777777.0,7777777.0,7777777.0,7777777.0,0.0,0.0,0.0,0.0,110.48852118286442,110.48852118286442,110.48852118286442,110.48852118286442,105657.36215110123,105657.36215110123,105657.36215110123,105657.36215110123
1787420374891,1.0,7777777.0,7777777.0,7777777.0,7777777.0,0.0,0.0,0.0,0.0,60.75293052463984,60.75293052463984,60.75293052463984,60.75293052463984,105559.5472214017,105559.5472214017,105559.5472214017,105559.5472214017
1787420374961,1.0,7777777.0,7777777.0,7777777.0,7777777.0,0.0,0.0,0.0,0.0,81.0592126532841,81.0592126532841,81.0592126532841,81.0592126532841,105783.33663476631,105783.33663476631,105783.33663476631,105783.33663476631
1787420375049,2.0,189.73698872467128,189.73698872467128,189.73698872467128,189.73698872467128,108.37564219336599,108.37564219336599,108.37564219336599,108.37564219336599,10.837564219336599,54.187821096682995,97.53807797402939,108.37564219336599,25171.384318269604,61185.84582777973,97200.30733728987,106203.9227146674
1787420375137,2.0,200.54656771911044,200.54656771911044,200.54656771911044,200.54656771911044,133.62243315926796,133.62243315926796,133.62243315926796,133.62243315926796,47.5603734209225,100.70278833407068,153.84520324721885,167.1308069755059,25263.82233036775,60600.29678324703,95936.77123612631,104770.88984934613
1787420375235,3.0,208.05050414391062,214.9570485576741,242.58322621272814,385.5560102623293,32.84853987712279,79.52591780334141,96.22141412717731,100.39528820813628,4.235839079113626,21.17919539556813,84.55206964562265,100.39528820813628,4297.7646791761745,16756.709433430806,85991.73179104814,103300.48738045245
1787420375323,3.0,210.91840723889263,216.23120769677024,237.48240952828064,382.0066229448243,33.45967607813496,36.43113398194621,62.472659383816854,68.98304073428451,8.812344244928829,37.35996687066995,63.46288701379711,69.98861704957889,4266.247882911983,16560.385299181566,85695.76050835662,102979.60431065038
1787420375416,2.0,232.0598391086302,232.0598391086302,232.0598391086302,232.0598391086302,60.10954320619673,60.10954320619673,60.10954320619673,60.10954320619673,9.70448760888948,31.504138571061006,53.30378953323253,58.75370227377541,11202.247341280274,51228.487045835616,91254.72675039095,101261.2866765298
1787420375499,2.0,226.51718674803462,226.51718674803462,226.51718674803462,226.51718674803462,75.84009917741867,75.84009917741867,75.84009917741867,75.84009917741867,19.482016759002317,43.35410857817955,67.22620039735678,73.19422335215108,11235.242552957889,51584.774746852316,91934.30694074674,102021.68998922035
1787420375573,2.0,222.00972617039884,222.00972617039884,222.00972617039884,222.00972617039884,68.02871782854704,68.02871782854704,68.02871782854704,68.02871782854704,8.135042747081268,34.84616525623832,61.55728776539538,68.23506839268464,11232.897517882102,51737.47556724306,92242.05361660403,102368.19812894426
1787420375659,2.0,220.42845354490117,220.42845354490117,220.42845354490117,220.42845354490117,19.51817948886103,19.51817948886103,19.51817948886103,19.51817948886103,8.782021310785225,13.619274786578874,18.456528262372522,19.665841631320934,11280.912285822234,52260.9069788222,93240.90167182215,103485.90034507215
1787420375746,2.0,214.5619528391193,214.5619528391193,214.5619528391193,214.5619528391193,86.34266564677002,86.34266564677002,86.34266564677002,86.34266564677002,10.05262543398333,43.282221995710174,76.51181855743701,84.81921769786872,11157.948824257428,51537.057865041425,91916.16690582542,102010.94416602142
1787420375832,2.0,208.06560441228984,208.06560441228984,208.06560441228984,208.06560441228984,84.0455838604994,84.0455838604994,84.0455838604994,84.0455838604994,11.783793375940949,42.94203790086211,74.10028242578328,81.88984355701356,11221.041448845319,51676.62926404446,92132.2170792436,102246.11403304338
1787420375905,2.0,203.7091982337196,203.7091982337196,203.7091982337196,203.7091982337196,71.76841433157016,71.76841433157016,71.76841433157016,71.76841433157016,9.393183786394898,36.80200603043717,64.21082827447945,71.06303383549002,11144.189050298139,51240.851376188686,91337.51370207923,101361.67928355187
1787420375970,2.0,202.29055109970017,202.29055109970017,202.29055109970017,202.29055109970017,26.422892453516553,26.422892453516553,26.422892453516553,26.422892453516553,3.622226204566134,13.66766092735226,23.71309565013839,26.22445433083492,11111.029510768958,51025.580979815626,90940.13244886229,100918.77031612396
1787420376056,2.0,200.88765960909433,200.88765960909433,200.88765960909433,200.88765960909433,16.382456343943872,16.382456343943872,16.382456343943872,16.382456343943872,9.671900773896137,13.68093351483531,17.68996625577448,18.692224441009273,11190.753962604307,51123.28538113728,91055.81679967025,101038.94965430349
1787420376140,2.0,200.09892219645292,200.09892219645292,200.09892219645292,200.09892219645292,11.810430442229123,11.810430442229123,11.810430442229123,11.810430442229123,5.530773230747831,8.307347873250144,11.083922515752459,11.778066176378037,11211.239681151674,51224.48243836861,91237.72519558555,101241.03588488977
1787420376229,2.0,199.4760676159152,199.4760676159152,199.4760676159152,199.4760676159152,11.847871304317533,11.847871304317533,11.847871304317533,11.847871304317533,5.114564952992751,6.186503667803619,7.2584423826144855,7.526427061317202,11288.513130401348,51400.466896343714,91512.42066228608,101540.40910377167
1787420376301,2.0,199.25034184085882,199.25034184085882,199.25034184085882,199.25034184085882,5.676444012541939,5.676444012541939,5.676444012541939,5.676444012541939,2.3792140103749486,2.9347499169654396,3.4902858235559306,3.6291698002035533,11319.430755084824,51469.29429792368,91619.15784076255,101656.62372647226
1787420376368,2.0,198.92757095248453,198.92757095248453,198.92757095248453,198.92757095248453,4.9360568079612746,4.9360568079612746,4.9360568079612746,4.9360568079612746,4.533246843478912,5.29228684803822,6.051326852597528,6.241086853737355,11357.848205627304,51380.73143078707,91403.61465594683,101409.33546223678
1787420376429,2.0,198.7962966629449,198.7962966629449,198.7962966629449,198.7962966629449,2.2057720034159054,2.2057720034159054,2.2057720034159054,2.2057720034159054,1.4290861631738963,2.006658873431212,2.5842315836885277,2.7286247612528567,11369.53844652204,51352.1824680469,91334.82648957176,101330.48749495298
1787420376499,2.0,199.44100440001972,199.44100440001972,199.44100440001972,199.44100440001972,9.821606310324091,9.821606310324091,9.821606310324091,9.821606310324091,2.886349141338118,5.086571880783262,7.286794620228406,7.836850305089691,11297.454294833995,51275.16312118148,91252.87194752897,101247.29915411584
1787420376586,2.0,201.6096634149587,201.6096634149587,201.6096634149587,201.6096634149587,27.555031458044272,27.555031458044272,27.555031458044272,27.555031458044272,4.220586296047098,14.476202499841873,24.731818703636648,27.29572275458534,11246.828533239961,50940.50863562789,90634.18873801583,100557.6087636128
1787420376669,2.0,203.36191938665561,203.36191938665561,203.36191938665561,203.36191938665561,22.83493959888109,22.83493959888109,22.83493959888109,22.83493959888109,5.415561572470887,13.17077415982331,20.925986747175735,22.86478989401384,11069.782343744533,50339.3284760064,89608.87460826826,99426.26114133373
1787420376755,2.0,204.58891851699116,204.58891851699116,204.58891851699116,204.58891851699116,15.304219777101013,15.304219777101013,15.304219777101013,15.304219777101013,7.3085026854974915,11.5544427468309,15.800382808164306,16.861867823497658,11011.393117514997,50064.52000280842,89117.64688810185,98880.9286094252
1787420376839,2.0,205.2362885420362,205.2362885420362,205.2362885420362,205.2362885420362,15.415846357729531,15.415846357729531,15.415846357729531,15.415846357729531,4.100067116840098,9.981430220639677,15.862793324439258,17.333134100389152,11036.157007896389,50353.157479356276,89670.15795081617,99499.40806868114
1787420376921,2.0,206.47837341067978,206.47837341067978,206.47837341067978,206.47837341067978,18.39000561315905,18.39000561315905,18.39000561315905,18.39000561315905,3.0389540014749885,9.322684142137176,15.606414282799363,17.17734681796491,10972.14479062353,50096.54729997998,89220.94980933644,99002.05043667555
1787420377020,2.0,213.48970259870714,213.48970259870714,213.48970259870714,213.48970259870714,91.18819018933084,91.18819018933084,91.18819018933084,91.18819018933084,15.456266699007735,47.52853236642087,79.600798033834,87.61886445068728,10994.026159666671,49802.51672950646,88611.00729934625,98313.1299418062
1787420377106,2.0,218.31813266579857,218.31813266579857,218.31813266579857,218.31813266579857,58.68941141283471,58.68941141283471,58.68941141283471,58.68941141283471,8.565130991898604,29.71062553034117,50.85612006878374,56.14249370339438,10765.641997708124,48787.36438027921,86809.08676285029,96314.51735849306
1787420377164,1.0,7777777.0,7777777.0,7777777.0,7777777.0,0.0,0.0,0.0,0.0,139.4755711536235,139.4755711536235,139.4755711536235,139.4755711536235,96605.45044649485,96605.45044649485,96605.45044649485,96605.45044649485
1787420377239,1.0,7777777.0,7777777.0,7777777.0,7777777.0,0.0,0.0,0.0,0.0,77.35264671203775,77.35264671203775,77.35264671203775,77.35264671203775,96324.61511484534,96324.61511484534,96324.61511484534,96324.61511484534
1787420377324,2.0,209.08023702894874,209.08023702894874,209.08023702894874,209.08023702894874,134.76765164144197,134.76765164144197,134.76765164144197,134.76765164144197,13.476765164144197,67.38382582072099,121.29088647729778,134.76765164144197,27195.461423772387,59874.41946389433,92553.37750401627,100723.11701404676
1787420377414,2.0,205.84128281970703,205.84128281970703,205.84128281970703,205.84128281970703,43.55670440643802,43.55670440643802,43.55670440643802,43.55670440643802,40.23706951019793,57.46365892989168,74.69024834958542,78.99689570450886,27484.17265492743,61295.77880484564,95107.38495476385,103560.28649224341
1787420377510,2.0,204.58446131108315,204.58446131108315,204.58446131108315,204.58446131108315,15.895039465704016,15.895039465704016,15.895039465704016,15.895039465704016,12.895681101691412,19.189534417327117,25.48338773296282,27.056851061871747,27552.80262748087,61809.35501423525,96065.90740098963,104630.04549767822
1787420377594,2.0,284.946859103733,284.946859103733,284.946859103733,284.946859103733,266.6109782625405,266.6109782625405,266.6109782625405,266.6109782625405,26.661097826254053,133.30548913127026,239.9498804362865,266.6109782625405,15274.345008206741,55023.78073281236,94773.21645741798,104710.57538856938
1787420377683,2.0,272.7069763269503,272.7069763269503,272.7069763269503,272.7069763269503,146.86199407720565,146.86199407720565,146.86199407720565,146.86199407720565,16.67809506337687,75.3017493083262,133.92540355327552,148.58131711451284,15224.805905409157,54736.83336675167,94248.86082809418,104126.86769342981
1787420377768,2.0,268.27254780196876,268.27254780196876,268.27254780196876,268.27254780196876,55.92034622164189,55.92034622164189,55.92034622164189,55.92034622164189,6.29210720097987,28.617288515379077,50.94246982977828,56.52376515837808,15180.60902102813,54501.78695927188,93822.96489751563,103653.25938207656
1787420377837,2.0,258.21581793691814,258.21581793691814,258.21581793691814,258.21581793691814,145.87471415186607,145.87471415186607,145.87471415186607,145.87471415186607,19.608942241106668,73.00639062842585,126.40383901574504,139.75320111257483,14861.244938068,53127.27322406648,91393.30151006495,100959.80858156458
1787420377908,1.0,7777777.0,7777777.0,7777777.0,7777777.0,0.0,0.0,0.0,0.0,143.10997241639623,143.10997241639623,143.10997241639623,143.10997241639623,95496.56178369932,95496.56178369932,95496.56178369932,95496.56178369932
1787420377994,1.0,7777777.0,7777777.0,7777777.0,7777777.0,0.0,0.0,0.0,0.0,158.7883956527442,158.7883956527442,158.7883956527442,158.7883956527442,94717.05796858668,94717.05796858668,94717.05796858668,94717.05796858668
1787420378091,1.0,7777777.0,7777777.0,7777777.0,7777777.0,0.0,0.0,0.0,0.0,49.376143101919546,49.376143101919546,49.376143101919546,49.376143101919546,95109.48818405997,95109.48818405997,95109.48818405997,95109.48818405997
1787420378175,1.0,7777777.0,7777777.0,7777777.0,7777777.0,0.0,0.0,0.0,0.0,171.88466447829046,171.88466447829046,171.88466447829046,171.88466447829046,95384.01514363987,95384.01514363987,95384.01514363987,95384.01514363987
1787420378247,1.0,7777777.0,7777777.0,7777777.0,7777777.0,0.0,0.0,0.0,0.0,42.50812834905624,42.50812834905624,42.50812834905624,42.50812834905624,97385.56057173014,97385.56057173014,97385.56057173014,97385.56057173014
1787420378331,1.0,7777777.0,7777777.0,7777777.0,7777777.0,0.0,0.0,0.0,0.0,135.11984894226373,135.11984894226373,135.11984894226373,135.11984894226373,99293.32554112375,99293.32554112375,99293.32554112375,99293.32554112375
1787420378418,2.0,250.13770966824666,250.13770966824666,250.13770966824666,250.13770966824666,46.231436720618426,46.231436720618426,46.231436720618426,46.231436720618426,4.623143672061842,23.115718360309213,41.60829304855658,46.231436720618426,19981.653150407597,55557.881077369675,91134.10900433175,100028.16598607227
1787420378502,1.0,7777777.0,7777777.0,7777777.0,7777777.0,0.0,0.0,0.0,0.0,252.63872281241171,252.63872281241171,252.63872281241171,252.63872281241171,99775.3440297991,99775.3440297991,99775.3440297991,99775.3440297991
1787420378575,1.0,7777777.0,7777777.0,7777777.0,7777777.0,0.0,0.0,0.0,0.0,124.60707107569644,124.60707107569644,124.60707107569644,124.60707107569644,98827.26405430958,98827.26405430958,98827.26405430958,98827.26405430958
1787420378662,1.0,7777777.0,7777777.0,7777777.0,7777777.0,0.0,0.0,0.0,0.0,105.71588441700065,105.71588441700065,105.71588441700065,105.71588441700065,98371.42298333626,98371.42298333626,98371.42298333626,98371.42298333626
1787420378750,1.0,7777777.0,7777777.0,7777777.0,7777777.0,0.0,0.0,0.0,0.0,35.58759335336546,35.58759335336546,35.58759335336546,35.58759335336546,98291.60948791355,98291.60948791355,98291.60948791355,98291.60948791355
1787420378836,1.0,7777777.0,7777777.0,7777777.0,7777777.0,0.0,0.0,0.0,0.0,109.81118549231483,109.81118549231483,109.81118549231483,109.81118549231483,100410.00072892755,100410.00072892755,100410.00072892755,100410.00072892755
1787420378931,1.0,7777777.0,7777777.0,7777777.0,7777777.0,0.0,0.0,0.0,0.0,62.83537692785963,62.83537692785963,62.83537692785963,62.83537692785963,102462.88213378936,102462.88213378936,102462.88213378936,102462.88213378936
1787420379014,1.0,7777777.0,7777777.0,7777777.0,7777777.0,0.0,0.0,0.0,0.0,166.48136826864626,166.48136826864626,166.48136826864626,166.48136826864626,103126.28757865168,103126.28757865168,103126.28757865168,103126.28757865168
1787420379104,2.0,135.93762719939025,135.93762719939025,135.93762719939025,135.93762719939025,86.69824013549695,86.69824013549695,86.69824013549695,86.69824013549695,8.669824013549695,43.34912006774847,78.02841612194726,86.69824013549695,102865.44936801269,103297.06378597394,103728.67820393518,103836.58180842549
1787420379161,2.0,130.7687822932218,130.7687822932218,130.7687822932218,130.7687822932218,198.13496184066335,198.13496184066335,198.13496184066335,198.13496184066335,100.93109022539416,149.82852158155364,198.72595293771312,210.95031077675299,92845.64877367466,98541.39718061686,104237.14558755905,105661.08268929459
1787420379232,2.0,138.40391133442128,138.40391133442128,138.40391133442128,138.40391133442128,139.5749266329646,139.5749266329646,139.5749266329646,139.5749266329646,39.61526074971072,95.10847451689065,150.6016882840706,164.47499172586558,92120.40707703978,98034.89948833734,103949.3918996349,105428.01500245929
1787420379300,2.0,141.20052549508867,141.20052549508867,141.20052549508867,141.20052549508867,53.44571789771141,53.44571789771141,53.44571789771141,53.44571789771141,13.2361971139748,34.61155734016653,55.98691756635825,61.330757622906184,92298.45827547033,98139.33625078294,103980.21422609556,105440.43371992372
1787420379370,2.0,148.9864099894805,148.9864099894805,148.9864099894805,148.9864099894805,131.90868184167326,131.90868184167326,131.90868184167326,131.90868184167326,25.740010873164476,75.29177650622623,124.843542139288,137.23148354755344,90449.47065892108,96120.39127884246,101791.31189876384,103209.0420537442
1787420379435,2.0,140.76206643698566,140.76206643698566,140.76206643698566,140.76206643698566,140.67162330939973,140.67162330939973,140.67162330939973,140.67162330939973,43.515845559600564,89.85944536111509,136.20304516262962,147.78894511300825,94763.42228021417,98436.74323672522,102110.06419323626,103028.39443236403
1787420379508,2.0,135.08273790973718,135.08273790973718,135.08273790973718,135.08273790973718,118.71035934443044,118.71035934443044,118.71035934443044,118.71035934443044,37.11617998100209,79.0011358098487,120.88609163869532,131.35733059590697,91713.55529922135,97307.47348717786,102901.39167513438,104299.8712221235
1787420379598,2.0,145.5815380353675,145.5815380353675,145.5815380353675,145.5815380353675,146.01716098932903,146.01716098932903,146.01716098932903,146.01716098932903,18.42803254712907,73.09632378601624,127.7646150249034,141.4316878346252,91673.16751716007,97101.51216219459,102529.85680722911,103886.94296848774
1787420379687,2.0,153.34181104763266,153.34181104763266,153.34181104763266,153.34181104763266,103.63095000907583,103.63095000907583,103.63095000907583,103.63095000907583,22.221604108217566,63.41621381603255,104.61082352384754,114.9094759508013,91144.63912063409,95279.55715373252,99414.47518683094,100448.20469510555
1787420379771,3.0,0.7568062567274579,31.264987618239548,153.2977130642879,153.80662431368464,4.491512512645808,5.056735439309903,7.406147666260202,7.993500722997777,0.8700413561959568,4.350206780979784,4.915429707643879,5.056735439309903,91129.5760192059,95241.95843071863,99273.43300436586,100281.30164777767
1787420379845,3.0,0.9357489271126259,30.972220904020567,151.11810881165232,151.8222471439003,23.17940541057818,25.042736075318007,42.6422090073351,47.04207724033937,10.496430632198635,12.790907245839648,30.182156520516045,34.529968839185145,91532.96136126257,95431.9882713724,100515.07004866637,101785.84049298987
1787420379933,3.0,0.6520656582567914,30.49824393009138,149.88295701742973,150.3071376457086,6.114384010450374,14.456902912342736,17.46693583303697,18.219444063210528,5.041455812806506,8.258523939935074,10.078852763161027,10.533934968967515,92595.97034852653,95943.66893348843,101009.5122684434,102275.97310218215
1787420380019,3.0,1.8467013634166554,30.64040786593513,145.81523387600902,146.9654928652121,19.218119323698104,40.47948236645724,51.32051289384762,54.03077052569522,3.1059565581035815,13.382916156918608,45.513287838899075,53.54588075939419,92913.80940299034,95823.6176744476,101572.89819585085,103010.21832620166
1787420380101,3.0,1.8528727835125036,30.037664234505918,142.77683003847957,144.17827005212487,14.024016672405534,38.224195735964216,38.84590929477785,39.00133768448126,5.102364447517912,5.783694679811123,34.762010637176466,42.0065896265178,92410.63444737047,96383.2069664821,102281.0326875709,103755.4891178431
1787420380176,3.0,1.8991868844275774,29.83643796319528,141.58544227826607,143.06857602200134,5.756797414374168,16.84341056322865,16.93649651318533,16.959768000674497,2.0010031353413558,2.2300226344778373,15.081802314415391,18.29474723439978,92418.28035902567,96576.94298856892,102554.2358213175,104048.55902950466
1787420380238,1.0,7777777.0,7777777.0,7777777.0,7777777.0,0.0,0.0,0.0,0.0,127.36466219772333,127.36466219772333,127.36466219772333,127.36466219772333,103951.83597931266,103951.83597931266,103951.83597931266,103951.83597931266
1787420380312,2.0,136.78971216666503,136.78971216666503,136.78971216666503,136.78971216666503,3.211104071526078,3.211104071526078,3.211104071526078,3.211104071526078,6.089868936624053,7.172391651637583,8.254914366651112,8.525545045404495,94423.28819471486,98715.7825498227,103008.27690493055,104081.40049370751
1787420380394,2.0,127.37847263840699,127.37847263840699,127.37847263840699,127.37847263840699,161.39773994721102,161.39773994721102,161.39773994721102,161.39773994721102,31.74967995151635,96.28095680555127,160.81223365958618,176.9450528730949,95327.3716431843,99476.83509503398,103626.29854688366,104663.66440984607
1787420380478,2.0,123.99699519408783,123.99699519408783,123.99699519408783,123.99699519408783,59.743236044387494,59.743236044387494,59.743236044387494,59.743236044387494,11.418756846650208,35.30547827917319,59.192199711696176,65.16388006982692,95808.88880843148,100096.24693359062,104383.60505874976,105455.44459003955
1787420380568,2.0,121.23013034394283,121.23013034394283,121.23013034394283,121.23013034394283,38.83838952363169,38.83838952363169,38.83838952363169,38.83838952363169,6.105332145272982,21.208691036824085,36.31204992837519,40.08788965126296,96275.40280006528,100149.0426132679,104022.68242647052,104991.09237977117
1787420380643,1.0,7777777.0,7777777.0,7777777.0,7777777.0,0.0,0.0,0.0,0.0,20.720517372409986,20.720517372409986,20.720517372409986,20.720517372409986,104390.41995727737,104390.41995727737,104390.41995727737,104390.41995727737
1787420380732,1.0,7777777.0,7777777.0,7777777.0,7777777.0,0.0,0.0,0.0,0.0,91.00896584596471,91.00896584596471,91.00896584596471,91.00896584596471,102627.57891887426,102627.57891887426,102627.57891887426,102627.57891887426
1787420380814,1.0,7777777.0,7777777.0,7777777.0,7777777.0,0.0,0.0,0.0,0.0,36.18906725604633,36.18906725604633,36.18906725604633,36.18906725604633,101773.0133200083,101773.0133200083,101773.0133200083,101773.0133200083
1787420380901,1.0,7777777.0,7777777.0,7777777.0,7777777.0,0.0,0.0,0.0,0.0,95.3944531758676,95.3944531758676,95.3944531758676,95.3944531758676,100250.56528877467,100250.56528877467,100250.56528877467,100250.56528877467
1787420380974,1.0,7777777.0,7777777.0,7777777.0,7777777.0,0.0,0.0,0.0,0.0,54.59487688582257,54.59487688582257,54.59487688582257,54.59487688582257,100338.47245710995,100338.47245710995,100338.47245710995,100338.47245710995
1787420381048,1.0,7777777.0,7777777.0,7777777.0,7777777.0,0.0,0.0,0.0,0.0,144.3621782968944,144.3621782968944,144.3621782968944,144.3621782968944,99950.98187749833,99950.98187749833,99950.98187749833,99950.98187749833
1787420381128,1.0,7777777.0,7777777.0,7777777.0,7777777.0,0.0,0.0,0.0,0.0,131.72589488050855,131.72589488050855,131.72589488050855,131.72589488050855,99162.24845468067,99162.24845468067,99162.24845468067,99162.24845468067
1787420381214,1.0,7777777.0,7777777.0,7777777.0,7777777.0,0.0,0.0,0.0,0.0,213.10030983927635,213.10030983927635,213.10030983927635,213.10030983927635,99498.7932262742,99498.7932262742,99498.7932262742,99498.7932262742
1787420381297,1.0,7777777.0,7777777.0,7777777.0,7777777.0,0.0,0.0,0.0,0.0,80.97861701409776,80.97861701409776,80.97861701409776,80.97861701409776,100514.9403974642,100514.9403974642,100514.9403974642,100514.9403974642
1787420381378,1.0,7777777.0,7777777.0,7777777.0,7777777.0,0.0,0.0,0.0,0.0,28.273683901184725,28.273683901184725,28.273683901184725,28.273683901184725,101040.92321732081,101040.92321732081,101040.92321732081,101040.92321732081
1787420381462,1.0,7777777.0,7777777.0,7777777.0,7777777.0,0.0,0.0,0.0,0.0,53.8327652620166,53.8327652620166,53.8327652620166,53.8327652620166,102013.85960756661,102013.85960756661,102013.85960756661,102013.85960756661
1787420381547,1.0,7777777.0,7777777.0,7777777.0,7777777.0,0.0,0.0,0.0,0.0,154.39922821862325,154.39922821862325,154.39922821862325,154.39922821862325,99427.85909914598,99427.85909914598,99427.85909914598,99427.85909914598
1787420381637,1.0,7777777.0,7777777.0,7777777.0,7777777.0,0.0,0.0,0.0,0.0,93.42064311419537,93.42064311419537,93.42064311419537,93.42064311419537,97886.07444137894,97886.07444137894,97886.07444137894,97886.07444137894
1787420381712,1.0,7777777.0,7777777.0,7777777.0,7777777.0,0.0,0.0,0.0,0.0,38.982668915550505,38.982668915550505,38.982668915550505,38.982668915550505,97349.00098622311,97349.00098622311,97349.00098622311,97349.00098622311
1787420381783,1.0,7777777.0,7777777.0,7777777.0,7777777.0,0.0,0.0,0.0,0.0,96.8787530003514,96.8787530003514,96.8787530003514,96.8787530003514,98785.43499335647,98785.43499335647,98785.43499335647,98785.43499335647
1787420381872,1.0,7777777.0,7777777.0,7777777.0,7777777.0,0.0,0.0,0.0,0.0,95.4405019230177,95.4405019230177,95.4405019230177,95.4405019230177,101543.95335311629,101543.95335311629,101543.95335311629,101543.95335311629
1787420381957,2.0,265.892992227471,265.892992227471,265.892992227471,265.892992227471,108.93280377624657,108.93280377624657,108.93280377624657,108.93280377624657,10.893280377624658,54.466401888123286,98.03952339862192,108.93280377624657,15305.075554568415,55049.664918043185,94794.25428151796,104730.40162238665
1787420382044,2.0,269.07979703976645,269.07979703976645,269.07979703976645,269.07979703976645,37.7231445417504,37.7231445417504,37.7231445417504,37.7231445417504,4.580011923464468,19.58109125097008,34.58217057847569,38.33244041035209,15359.078714111261,55329.6282130545,95300.17771199773,105292.81508673355
1787420382113,2.0,277.2491364744695,277.2491364744695,277.2491364744695,277.2491364744695,118.43644731886374,118.43644731886374,118.43644731886374,118.43644731886374,15.657102223233457,63.031495977873064,110.40588973251268,122.24948817117257,15797.299293827826,57484.631504810415,99171.96371579301,109593.79676853865
1787420382196,2.0,189.38622537284516,189.38622537284516,189.38622537284516,189.38622537284516,165.4138326320278,165.4138326320278,165.4138326320278,165.4138326320278,16.541383263202782,82.7069163160139,148.87244936882502,165.4138326320278,25828.790353471042,61867.5026255995,97906.21489772797,106915.89296576008
1787420382282,2.0,191.88567311617484,191.88567311617484,191.88567311617484,191.88567311617484,33.803854963215514,33.803854963215514,33.803854963215514,33.803854963215514,30.691276620620894,44.064256243688725,57.43723586675656,60.78048077252352,25874.863164552302,62177.301964934915,98479.74076531753,107555.35046541318
1787420382366,2.0,192.68244320695808,192.68244320695808,192.68244320695808,192.68244320695808,11.8159334221519,11.8159334221519,11.8159334221519,11.8159334221519,10.523320388752264,15.236274700854558,19.949229012956852,21.127467590982427,25869.320084174724,62019.19838212058,98169.07668006644,107206.5462545529
1787420382449,2.0,200.82023856654965,200.82023856654965,200.82023856654965,200.82023856654965,109.61174010525222,109.61174010525222,109.61174010525222,109.61174010525222,53.27737558989595,97.05320280306108,140.82903001622623,151.7729868195175,25289.59553677049,59427.436641502194,93565.2777462339,102099.73802241683
1787420382532,2.0,206.27367191770395,206.27367191770395,206.27367191770395,206.27367191770395,85.59631450395165,85.59631450395165,85.59631450395165,85.59631450395165,53.449151684812406,87.46545680412046,121.48176192342851,129.98583820325553,24541.696364398485,56129.71317112539,87717.72997785229,95614.73417953402
1787420382615,1.0,7777777.0,7777777.0,7777777.0,7777777.0,0.0,0.0,0.0,0.0,84.62867227030084,84.62867227030084,84.62867227030084,84.62867227030084,93504.96423961595,93504.96423961595,93504.96423961595,93504.96423961595
1787420382699,1.0,7777777.0,7777777.0,7777777.0,7777777.0,0.0,0.0,0.0,0.0,27.864622505198682,27.864622505198682,27.864622505198682,27.864622505198682,92864.37518950738,92864.37518950738,92864.37518950738,92864.37518950738
1787420382772,1.0,7777777.0,7777777.0,7777777.0,7777777.0,0.0,0.0,0.0,0.0,28.954054261779746,28.954054261779746,28.954054261779746,28.954054261779746,94200.4503363627,94200.4503363627,94200.4503363627,94200.4503363627
1787420382860,1.0,7777777.0,7777777.0,7777777.0,7777777.0,0.0,0.0,0.0,0.0,28.79186016954968,28.79186016954968,28.79186016954968,28.79186016954968,94528.50456068199,94528.50456068199,94528.50456068199,94528.50456068199
1787420382944,1.0,7777777.0,7777777.0,7777777.0,7777777.0,0.0,0.0,0.0,0.0,102.60491890176837,102.60491890176837,102.60491890176837,102.60491890176837,95394.79347606376,95394.79347606376,95394.79347606376,95394.79347606376
1787420383029,2.0,214.24758502291255,214.24758502291255,214.24758502291255,214.24758502291255,35.72807666942319,35.72807666942319,35.72807666942319,35.72807666942319,3.572807666942319,17.864038334711594,32.15526900248087,35.72807666942319,10441.565229489515,48342.12385308673,86242.68247668394,95717.82213258324
1787420383100,2.0,208.97056213537155,208.97056213537155,208.97056213537155,208.97056213537155,76.82388159642178,76.82388159642178,76.82388159642178,76.82388159642178,36.141537670305986,45.955059583530435,55.768581496754884,58.22196197506099,10887.148520543851,49606.41849555637,88325.68847056889,98005.50596432202
1787420383162,2.0,205.81319181404817,205.81319181404817,205.81319181404817,205.81319181404817,54.70296375480957,54.70296375480957,54.70296375480957,54.70296375480957,21.085029066494197,32.5691493982544,44.05326973001461,46.924299812954665,11090.086737120291,50157.493901605485,89224.90106609068,98991.75285721198
1787420383246,2.0,204.90302181925523,204.90302181925523,204.90302181925523,204.90302181925523,11.948197520564282,11.948197520564282,11.948197520564282,11.948197520564282,4.498447844453326,7.2899931941757385,10.081538543898152,10.779424881328755,11148.984877770581,50321.68263686914,89494.3803959677,99287.55483574234
1787420383322,1.0,7777777.0,7777777.0,7777777.0,7777777.0,0.0,0.0,0.0,0.0,13.47171770451427,13.47171770451427,13.47171770451427,13.47171770451427,99248.76416605059,99248.76416605059,99248.76416605059,99248.76416605059
1787420383407,3.0,204.23137583158183,233.16473173827092,348.89815536502726,485.1273650023793,1.6761863358978362,4.76390104143908,5.463149541830207,5.637961666927988,1.4563645008349728,4.920738907997357,5.63585190651566,5.814630156145235,2239.015999727696,5460.875398535281,80427.42314401641,99169.0600803867
1787420383495,2.0,204.34574262751005,204.34574262751005,204.34574262751005,204.34574262751005,4.503215150907301,4.503215150907301,4.503215150907301,4.503215150907301,1.157187243693697,2.2678685502439064,3.3785498567941157,3.656220183431668,11239.869305391145,50425.420558468904,89610.97181154667,99407.3596248161
1787420383569,2.0,204.55415589641305,204.55415589641305,204.55415589641305,204.55415589641305,4.107487480589901,4.107487480589901,4.107487480589901,4.107487480589901,1.0653826484200433,2.0591564913663314,3.052930334312619,3.301373795049191,11241.320675397432,50436.0833565935,89630.84603778957,99429.53670808859
1787420383641,2.0,206.54443233775774,206.54443233775774,206.54443233775774,206.54443233775774,27.729800257403205,27.729800257403205,27.729800257403205,27.729800257403205,17.720725790673654,18.571925492533502,19.42312519439335,19.635925119858314,11087.085601775208,50167.34763309476,89247.60966441431,99017.6751722442
1787420383713,2.0,208.13078329851038,208.13078329851038,208.13078329851038,208.13078329851038,22.1939428506212,22.1939428506212,22.1939428506212,22.1939428506212,9.658732148870728,14.091716565254833,18.52470098163894,19.632947085734965,11046.85681520491,50109.639977200655,89172.4231391964,98938.11892969534
1787420383801,2.0,210.73140027560527,210.73140027560527,210.73140027560527,210.73140027560527,55.28576586317355,55.28576586317355,55.28576586317355,55.28576586317355,31.432259269920152,42.35485642205666,53.277453574193174,56.008102862227304,11241.962283915329,50185.922244770685,89129.88220562604,98865.87219583988
1787420383883,2.0,211.9116275665162,211.9116275665162,211.9116275665162,211.9116275665162,23.818576885605477,23.818576885605477,23.818576885605477,23.818576885605477,11.872837044774222,17.07555890426207,22.278280763749915,23.57896122862188,11293.240388771566,50140.634046849096,88988.02770492663,98699.87611944601
1787420383968,2.0,214.69836646550627,214.69836646550627,214.69836646550627,214.69836646550627,32.808237642682464,32.808237642682464,32.808237642682464,32.808237642682464,11.497795183294546,17.976145213512726,24.454495243730907,26.074082751285452,11049.514342257009,49201.59960673563,87353.68487121425,96891.70618733391
1787420384051,2.0,222.1562076511495,222.1562076511495,222.1562076511495,222.1562076511495,98.77616577817645,98.77616577817645,98.77616577817645,98.77616577817645,19.326034455205466,52.53706712450022,85.74809979379496,94.05085796111865,10930.230543331663,48994.09280800936,87057.95507268705,96573.92063885648
1787420384136,1.0,7777777.0,7777777.0,7777777.0,7777777.0,0.0,0.0,0.0,0.0,40.48820641503017,40.48820641503017,40.48820641503017,40.48820641503017,95144.82649074588,95144.82649074588,95144.82649074588,95144.82649074588
1787420384221,1.0,7777777.0,7777777.0,7777777.0,7777777.0,0.0,0.0,0.0,0.0,15.105620675021255,15.105620675021255,15.105620675021255,15.105620675021255,94656.01891733333,94656.01891733333,94656.01891733333,94656.01891733333
1787420384306,1.0,7777777.0,7777777.0,7777777.0,7777777.0,0.0,0.0,0.0,0.0,62.61891958461518,62.61891958461518,62.61891958461518,62.61891958461518,92230.97329312097,92230.97329312097,92230.97329312097,92230.97329312097
1787420384377,2.0,314.9896800930571,314.9896800930571,314.9896800930571,314.9896800930571,67.38355218850745,67.38355218850745,67.38355218850745,67.38355218850745,7.133463362096508,33.73182522499884,60.33018708790118,66.97977755362676,14185.058646340854,49634.365616464056,85083.67258658726,93945.99932911806
1787420384448,2.0,313.4345069989675,313.4345069989675,313.4345069989675,313.4345069989675,24.49676623929854,24.49676623929854,24.49676623929854,24.49676623929854,2.692087840249771,12.265403131409988,21.838718422570206,24.23204724536026,14257.416331986153,50045.57532665413,85833.7343213221,94780.7740699891
1787420384520,1.0,7777777.0,7777777.0,7777777.0,7777777.0,0.0,0.0,0.0,0.0,104.34195659489232,104.34195659489232,104.34195659489232,104.34195659489232,96790.6518957112,96790.6518957112,96790.6518957112,96790.6518957112
1787420384614,2.0,295.23239561031676,295.23239561031676,295.23239561031676,295.23239561031676,152.4089395093087,152.4089395093087,152.4089395093087,152.4089395093087,17.194322555989245,78.15688900998407,139.1194554639789,154.3600970774776,15031.17545155529,53981.5742892595,92931.97312696371,102669.57283638977
1787420384698,2.0,282.2706558645531,282.2706558645531,282.2706558645531,282.2706558645531,172.5115501330341,172.5115501330341,172.5115501330341,172.5115501330341,18.30132916966196,86.87904292737556,155.45675668508918,172.60118512451757,15350.133974218928,55310.341771225445,95270.54956823196,105260.60151748359
1787420384785,2.0,277.4347333386912,277.4347333386912,277.4347333386912,277.4347333386912,62.58023760662455,62.58023760662455,62.58023760662455,62.58023760662455,6.617829322330375,31.502076862771503,56.38632440321263,62.607386288322914,15419.46108443141,55578.25471892953,95737.04835342764,105776.74676205218
1787420384869,2.0,270.59435336825453,270.59435336825453,270.59435336825453,270.59435336825453,82.10769322744365,82.10769322744365,82.10769322744365,82.10769322744365,10.388031220057904,41.11596638257298,71.84390154508806,79.52588533571682,15199.924608473666,54861.77336929832,94523.62213012297,104439.08432032913
1787420384955,2.0,253.84016855717857,253.84016855717857,253.84016855717857,253.84016855717857,197.16381798500407,197.16381798500407,197.16381798500407,197.16381798500407,23.501411992508906,99.3449813900524,175.1885507875959,194.14944313698174,14469.188956811931,51286.57341029076,88103.95786376958,97308.3039771393
1787420385039,2.0,249.36560445250507,249.36560445250507,249.36560445250507,249.36560445250507,54.74003002750782,54.74003002750782,54.74003002750782,54.74003002750782,7.309116879336381,29.188769608687476,51.06842233803857,56.53833552037634,14318.890576226637,50542.75556453131,86766.62055283599,95822.58679991215
1787420385108,2.0,247.90993033800004,247.90993033800004,247.90993033800004,247.90993033800004,22.07059183431489,22.07059183431489,22.07059183431489,22.07059183431489,3.0662602546123137,11.879973320945334,20.693686387278355,22.89711465386161,14280.90425752569,50365.48399644438,86450.06373536307,95471.20867009275
1787420385182,1.0,7777777.0,7777777.0,7777777.0,7777777.0,0.0,0.0,0.0,0.0,71.7034499055116,71.7034499055116,71.7034499055116,71.7034499055116,92829.73765590694,92829.73765590694,92829.73765590694,92829.73765590694
1787420385250,2.0,308.0261857408276,308.0261857408276,308.0261857408276,308.0261857408276,72.16441855146562,72.16441855146562,72.16441855146562,72.16441855146562,7.968381542748896,36.37246318475601,64.77654482676313,71.8775652372649,10588.361367607635,47552.47607759622,84516.5907875848,93757.61946508195
1787420385308,2.0,309.6170203130581,309.6170203130581,309.6170203130581,309.6170203130581,29.856999969954913,29.856999969954913,29.856999969954913,29.856999969954913,4.74512019780394,15.116475347687983,25.487830497572027,28.080669285043037,10661.118724016753,47959.41964555858,85257.7205671004,94582.29579748586
1787420385378,2.0,232.04296501924267,232.04296501924267,232.04296501924267,232.04296501924267,79.27140961788614,79.27140961788614,79.27140961788614,79.27140961788614,14.552652359536623,46.231267281309805,77.90988220308299,85.82953593352629,14219.607424156275,49821.75288916333,85423.89835417038,94324.43472042214
1787420385463,1.0,7777777.0,7777777.0,7777777.0,7777777.0,0.0,0.0,0.0,0.0,181.0710083548003,181.0710083548003,181.0710083548003,181.0710083548003,97109.35670218896,97109.35670218896,97109.35670218896,97109.35670218896
1787420385550,2.0,251.81186397197007,251.81186397197007,251.81186397197007,251.81186397197007,40.844793682773314,40.844793682773314,40.844793682773314,40.844793682773314,4.084479368277331,20.422396841386657,36.760314314495986,40.844793682773314,21787.808860313708,55799.00077250507,89810.19268469643,98312.99066274427
1787420385633,2.0,252.63932505286385,252.63932505286385,252.63932505286385,252.63932505286385,13.603779563567548,13.603779563567548,13.603779563567548,13.603779563567548,6.997003607849756,12.310901109717962,17.62479861158617,18.95327298705322,21917.743846896385,56359.7358623785,90801.72787786061,99412.22588173114
1787420385706,2.0,235.2455118335901,235.2455118335901,235.2455118335901,235.2455118335901,255.03586996133842,255.03586996133842,255.03586996133842,255.03586996133842,88.33954308622073,190.2970565956697,292.2545701051186,317.74394848248085,21355.03663627403,54853.394629432354,88351.75262259068,96726.34212088026
1787420385775,2.0,237.85345719686302,237.85345719686302,237.85345719686302,237.85345719686302,51.877888359166676,51.877888359166676,51.877888359166676,51.877888359166676,9.86073152281601,26.243220875910442,42.62571022900487,46.72133256727848,21310.56062968578,54513.5687694354,87716.57690918501,96017.32894412242
1787420385872,1.0,7777777.0,7777777.0,7777777.0,7777777.0,0.0,0.0,0.0,0.0,173.0333432012711,173.0333432012711,173.0333432012711,173.0333432012711,94601.25184758008,94601.25184758008,94601.25184758008,94601.25184758008
1787420385962,2.0,106.52209902652673,106.52209902652673,106.52209902652673,106.52209902652673,67.51748478349192,67.51748478349192,67.51748478349192,67.51748478349192,6.751748478349192,33.75874239174596,60.76573630514273,67.51748478349192,94130.0251791291,94645.20206072554,95160.37894232199,95289.1731627211
1787420386050,1.0,7777777.0,7777777.0,7777777.0,7777777.0,0.0,0.0,0.0,0.0,86.49053321831559,86.49053321831559,86.49053321831559,86.49053321831559,93322.91054668278,93322.91054668278,93322.91054668278,93322.91054668278
1787420386181,1.0,7777777.0,7777777.0,7777777.0,7777777.0,0.0,0.0,0.0,0.0,48.58016252140626,48.58016252140626,48.58016252140626,48.58016252140626,92638.13672620337,92638.13672620337,92638.13672620337,92638.13672620337
1787420386377,1.0,7777777.0,7777777.0,7777777.0,7777777.0,0.0,0.0,0.0,0.0,51.28203084376673,51.28203084376673,51.28203084376673,51.28203084376673,93979.63837722503,93979.63837722503,93979.63837722503,93979.63837722503
1787420386442,2.0,109.997964301021,109.997964301021,109.997964301021,109.997964301021,146.74985181221493,146.74985181221493,146.74985181221493,146.74985181221493,48.153116930304236,95.00864547482574,141.86417401934725,153.5780561554776,96916.32999391854,106145.02707995474,115373.72416599095,117680.8984375
1787420386513,2.0,110.94979787666479,110.94979787666479,110.94979787666479,110.94979787666479,36.94733333857298,36.94733333857298,36.94733333857298,36.94733333857298,13.196031072588628,22.560498299814498,31.924965527040364,34.26608233384683,96375.79475842734,104424.41722690407,112473.03969538081,114485.1953125
1787420386575,2.0,111.29268388334556,111.29268388334556,111.29268388334556,111.29268388334556,22.153158399584584,22.153158399584584,22.153158399584584,22.153158399584584,10.320533946740511,14.227361069201717,18.134188191662922,19.110894972278224,96336.41294561364,103716.23635867424,111096.05977173484,112941.015625
1787420386643,2.0,122.95062838324638,122.95062838324638,122.95062838324638,122.95062838324638,172.4564604796009,172.4564604796009,172.4564604796009,172.4564604796009,107.5274914493301,124.11529789462847,140.70310433992682,144.85005595125142,94773.50105590755,98931.65857272642,103089.81608954529,104129.35546875
1787420386726,2.0,128.02384394083415,128.02384394083415,128.02384394083415,128.02384394083415,61.40244375924842,61.40244375924842,61.40244375924842,61.40244375924842,45.60309006650726,46.36294791570343,47.12280576489961,47.312770227198655,93231.84934466724,95217.4691958474,97203.08904702756,97699.4940098226
1787420386813,2.0,130.45158162636784,130.45158162636784,130.45158162636784,130.45158162636784,30.652494806626926,30.652494806626926,30.652494806626926,30.652494806626926,16.400432782318006,22.712313369831303,29.0241939573446,30.602164104222926,92506.31945089716,93523.18833856378,94540.05722623039,94794.27444814704
1787420386901,2.0,131.21079994281683,131.21079994281683,131.21079994281683,131.21079994281683,9.23470500545166,9.23470500545166,9.23470500545166,9.23470500545166,5.561765043046476,7.028150253304254,8.494535463562034,8.861131766126478,92217.7564201396,92983.21183273755,93748.6672453355,93940.031098485
1787420386982,2.0,131.08016841338818,131.08016841338818,131.08016841338818,131.08016841338818,15.857001870136665,15.857001870136665,15.857001870136665,15.857001870136665,7.32456038652454,8.843853998866145,10.36314761120775,10.742971014293152,91902.35874826196,92537.99842256657,93173.63809687117,93332.54801544733
1787420387071,2.0,130.5424622230279,130.5424622230279,130.5424622230279,130.5424622230279,21.24293090535089,21.24293090535089,21.24293090535089,21.24293090535089,23.384025979855995,30.10703640241563,36.83004682497527,38.51079943061518,92053.4426055409,92175.05513386801,92296.66766219512,92327.0707942769
1787420387160,2.0,125.10060470978425,125.10060470978425,125.10060470978425,125.10060470978425,78.47731033069667,78.47731033069667,78.47731033069667,78.47731033069667,19.562566724504048,42.685740119301386,65.80891351409872,71.58970686279805,91891.98151379284,93285.6969147278,94679.41231566276,95027.8411658965
1787420387244,2.0,123.00740695437466,123.00740695437466,123.00740695437466,123.00740695437466,32.81588692856816,32.81588692856816,32.81588692856816,32.81588692856816,7.911249533280754,17.834096099138936,27.75694266499712,30.237654306461664,91884.188201111,93767.30291616637,95650.41763122175,96121.1963099856
1787420387322,2.0,116.71228489608173,116.71228489608173,116.71228489608173,116.71228489608173,120.93031830995162,120.93031830995162,120.93031830995162,120.93031830995162,18.60693416845283,60.94804988058877,103.2891655927247,113.87444452075869,92041.31201537009,93692.26853948366,95343.22506359723,95755.96419462562
1787420387418,2.0,112.65529313399081,112.65529313399081,112.65529313399081,112.65529313399081,69.46572259484209,69.46572259484209,69.46572259484209,69.46572259484209,27.688081326430627,55.43484211476087,83.18160290309112,90.11829310017367,93521.77034066748,94493.91282687243,95466.05531307738,95709.09093462862
1787420387506,2.0,111.94922922577528,111.94922922577528,111.94922922577528,111.94922922577528,17.702150512037733,17.702150512037733,17.702150512037733,17.702150512037733,11.327821173902745,17.81272682228874,24.29763247067474,25.918858882771236,93936.1749495375,95456.38538495963,96976.59582038177,97356.6484292373
1787420387578,2.0,111.52285864309428,111.52285864309428,111.52285864309428,111.52285864309428,11.617213414568939,11.617213414568939,11.617213414568939,11.617213414568939,4.599433531248684,7.808534292188596,11.017635053128508,11.819910243363486,94150.17986716478,95808.10523747653,97466.03060778827,97880.5119503662
1787420387650,1.0,7777777.0,7777777.0,7777777.0,7777777.0,0.0,0.0,0.0,0.0,48.97913862965612,48.97913862965612,48.97913862965612,48.97913862965612,93168.44810508564,93168.44810508564,93168.44810508564,93168.44810508564
1787420387709,1.0,7777777.0,7777777.0,7777777.0,7777777.0,0.0,0.0,0.0,0.0,127.42939515935528,127.42939515935528,127.42939515935528,127.42939515935528,93249.03367645759,93249.03367645759,93249.03367645759,93249.03367645759
1787420387779,1.0,7777777.0,7777777.0,7777777.0,7777777.0,0.0,0.0,0.0,0.0,39.87662037626141,39.87662037626141,39.87662037626141,39.87662037626141,93124.91585275903,93124.91585275903,93124.91585275903,93124.91585275903
1787420387853,1.0,7777777.0,7777777.0,7777777.0,7777777.0,0.0,0.0,0.0,0.0,63.50163269446625,63.50163269446625,63.50163269446625,63.50163269446625,94351.3670859402,94351.3670859402,94351.3670859402,94351.3670859402
1787420387913,1.0,7777777.0,7777777.0,7777777.0,7777777.0,0.0,0.0,0.0,0.0,22.440699158890627,22.440699158890627,22.440699158890627,22.440699158890627,95435.78787053656,95435.78787053656,95435.78787053656,95435.78787053656
1787420387986,1.0,7777777.0,7777777.0,7777777.0,7777777.0,0.0,0.0,0.0,0.0,6.316475225257523,6.316475225257523,6.316475225257523,6.316475225257523,95586.85580494255,95586.85580494255,95586.85580494255,95586.85580494255
1787420388084,1.0,7777777.0,7777777.0,7777777.0,7777777.0,0.0,0.0,0.0,0.0,232.73740840249496,232.73740840249496,232.73740840249496,232.73740840249496,97494.82973485906,97494.82973485906,97494.82973485906,97494.82973485906
1787420388171,2.0,254.6581143375363,254.6581143375363,254.6581143375363,254.6581143375363,161.73540102075174,161.73540102075174,161.73540102075174,161.73540102075174,16.62493847579268,81.10707723715947,145.58921599852627,161.70975068886796,21532.811632118188,55945.5746839745,90358.3377358308,98961.52849879488
1787420388256,1.0,7777777.0,7777777.0,7777777.0,7777777.0,0.0,0.0,0.0,0.0,129.87652142931884,129.87652142931884,129.87652142931884,129.87652142931884,100217.51824144274,100217.51824144274,100217.51824144274,100217.51824144274
1787420388316,1.0,7777777.0,7777777.0,7777777.0,7777777.0,0.0,0.0,0.0,0.0,66.69758149202997,66.69758149202997,66.69758149202997,66.69758149202997,101014.47276253253,101014.47276253253,101014.47276253253,101014.47276253253
1787420388390,1.0,7777777.0,7777777.0,7777777.0,7777777.0,0.0,0.0,0.0,0.0,31.05702580050575,31.05702580050575,31.05702580050575,31.05702580050575,101600.36570332758,101600.36570332758,101600.36570332758,101600.36570332758
1787420388477,1.0,7777777.0,7777777.0,7777777.0,7777777.0,0.0,0.0,0.0,0.0,32.98274000608459,32.98274000608459,32.98274000608459,32.98274000608459,104703.05383713078,104703.05383713078,104703.05383713078,104703.05383713078
1787420388561,1.0,7777777.0,7777777.0,7777777.0,7777777.0,0.0,0.0,0.0,0.0,27.74209961872133,27.74209961872133,27.74209961872133,27.74209961872133,108763.00295006856,108763.00295006856,108763.00295006856,108763.00295006856
1787420388643,1.0,7777777.0,7777777.0,7777777.0,7777777.0,0.0,0.0,0.0,0.0,11.211719520978981,11.211719520978981,11.211719520978981,11.211719520978981,110272.09219309408,110272.09219309408,110272.09219309408,110272.09219309408
1787420388714,1.0,7777777.0,7777777.0,7777777.0,7777777.0,0.0,0.0,0.0,0.0,39.09106343001188,39.09106343001188,39.09106343001188,39.09106343001188,111437.162583936,111437.162583936,111437.162583936,111437.162583936
1787420388791,1.0,7777777.0,7777777.0,7777777.0,7777777.0,0.0,0.0,0.0,0.0,6.8646537551355795,6.8646537551355795,6.8646537551355795,6.8646537551355795,111041.3049986139,111041.3049986139,111041.3049986139,111041.3049986139
1787420388880,1.0,7777777.0,7777777.0,7777777.0,7777777.0,0.0,0.0,0.0,0.0,11.715708411407686,11.715708411407686,11.715708411407686,11.715708411407686,109552.66183574405,109552.66183574405,109552.66183574405,109552.66183574405
1787420388965,1.0,7777777.0,7777777.0,7777777.0,7777777.0,0.0,0.0,0.0,0.0,4.605872161855715,4.605872161855715,4.605872161855715,4.605872161855715,108929.70298850536,108929.70298850536,108929.70298850536,108929.70298850536
1787420389049,1.0,7777777.0,7777777.0,7777777.0,7777777.0,0.0,0.0,0.0,0.0,27.51087600309654,27.51087600309654,27.51087600309654,27.51087600309654,105772.95875994675,105772.95875994675,105772.95875994675,105772.95875994675
1787420389120,1.0,7777777.0,7777777.0,7777777.0,7777777.0,0.0,0.0,0.0,0.0,9.904712420919362,9.904712420919362,9.904712420919362,9.904712420919362,104900.34191450849,104900.34191450849,104900.34191450849,104900.34191450849
1787420389191,1.0,7777777.0,7777777.0,7777777.0,7777777.0,0.0,0.0,0.0,0.0,3.959752481087232,3.959752481087232,3.959752481087232,3.959752481087232,104671.54947691597,104671.54947691597,104671.54947691597,104671.54947691597
1787420389278,1.0,7777777.0,7777777.0,7777777.0,7777777.0,0.0,0.0,0.0,0.0,23.410274891687088,23.410274891687088,23.410274891687088,23.410274891687088,103791.36548639042,103791.36548639042,103791.36548639042,103791.36548639042
1787420389364,1.0,7777777.0,7777777.0,7777777.0,7777777.0,0.0,0.0,0.0,0.0,45.92017990629374,45.92017990629374,45.92017990629374,45.92017990629374,108643.16345944908,108643.16345944908,108643.16345944908,108643.16345944908
1787420389449,1.0,7777777.0,7777777.0,7777777.0,7777777.0,0.0,0.0,0.0,0.0,30.997472223765666,30.997472223765666,30.997472223765666,30.997472223765666,108840.23698633909,108840.23698633909,108840.23698633909,108840.23698633909
1787420389514,1.0,7777777.0,7777777.0,7777777.0,7777777.0,0.0,0.0,0.0,0.0,14.570877935884843,14.570877935884843,14.570877935884843,14.570877935884843,108757.24916970357,108757.24916970357,108757.24916970357,108757.24916970357
1787420389590,1.0,7777777.0,7777777.0,7777777.0,7777777.0,0.0,0.0,0.0,0.0,39.643174985642744,39.643174985642744,39.643174985642744,39.643174985642744,110062.41052720696,110062.41052720696,110062.41052720696,110062.41052720696
1787420389672,1.0,7777777.0,7777777.0,7777777.0,7777777.0,0.0,0.0,0.0,0.0,20.854134694694608,20.854134694694608,20.854134694694608,20.854134694694608,111720.60407783836,111720.60407783836,111720.60407783836,111720.60407783836
1787420389757,1.0,7777777.0,7777777.0,7777777.0,7777777.0,0.0,0.0,0.0,0.0,28.53069076948117,28.53069076948117,28.53069076948117,28.53069076948117,115328.36124371365,115328.36124371365,115328.36124371365,115328.36124371365
1787420389841,1.0,7777777.0,7777777.0,7777777.0,7777777.0,0.0,0.0,0.0,0.0,10.801190966766054,10.801190966766054,10.801190966766054,10.801190966766054,116214.92332795542,116214.92332795542,116214.92332795542,116214.92332795542
1787420389918,1.0,7777777.0,7777777.0,7777777.0,7777777.0,0.0,0.0,0.0,0.0,13.00477611624278,13.00477611624278,13.00477611624278,13.00477611624278,114583.68306525797,114583.68306525797,114583.68306525797,114583.68306525797
1787420389990,1.0,7777777.0,7777777.0,7777777.0,7777777.0,0.0,0.0,0.0,0.0,21.912150287400188,21.912150287400188,21.912150287400188,21.912150287400188,115184.81606029905,115184.81606029905,115184.81606029905,115184.81606029905
1787420390088,1.0,7777777.0,7777777.0,7777777.0,7777777.0,0.0,0.0,0.0,0.0,41.786640125573086,41.786640125573086,41.786640125573086,41.786640125573086,114109.37813112326,114109.37813112326,114109.37813112326,114109.37813112326
1787420390176,1.0,7777777.0,7777777.0,7777777.0,7777777.0,0.0,0.0,0.0,0.0,17.669887899073693,17.669887899073693,17.669887899073693,17.669887899073693,113496.90523899347,113496.90523899347,113496.90523899347,113496.90523899347
1787420390249,1.0,7777777.0,7777777.0,7777777.0,7777777.0,0.0,0.0,0.0,0.0,53.34509130413754,53.34509130413754,53.34509130413754,53.34509130413754,108022.90415592492,108022.90415592492,108022.90415592492,108022.90415592492
1787420390320,1.0,7777777.0,7777777.0,7777777.0,7777777.0,0.0,0.0,0.0,0.0,17.123416136017198,17.123416136017198,17.123416136017198,17.123416136017198,107905.82135941833,107905.82135941833,107905.82135941833,107905.82135941833
1787420390389,1.0,7777777.0,7777777.0,7777777.0,7777777.0,0.0,0.0,0.0,0.0,6.7237843984194665,6.7237843984194665,6.7237843984194665,6.7237843984194665,108071.78607739136,108071.78607739136,108071.78607739136,108071.78607739136
1787420390477,1.0,7777777.0,7777777.0,7777777.0,7777777.0,0.0,0.0,0.0,0.0,17.338594286389828,17.338594286389828,17.338594286389828,17.338594286389828,107368.85727362707,107368.85727362707,107368.85727362707,107368.85727362707
1787420390567,1.0,7777777.0,7777777.0,7777777.0,7777777.0,0.0,0.0,0.0,0.0,6.517014065881595,6.517014065881595,6.517014065881595,6.517014065881595,106271.02347589564,106271.02347589564,106271.02347589564,106271.02347589564
1787420390655,1.0,7777777.0,7777777.0,7777777.0,7777777.0,0.0,0.0,0.0,0.0,27.687834070952977,27.687834070952977,27.687834070952977,27.687834070952977,106468.1611854732,106468.1611854732,106468.1611854732,106468.1611854732
1787420390725,1.0,7777777.0,7777777.0,7777777.0,7777777.0,0.0,0.0,0.0,0.0,13.025612876763072,13.025612876763072,13.025612876763072,13.025612876763072,106853.99225134403,106853.99225134403,106853.99225134403,106853.99225134403
1787420390810,1.0,7777777.0,7777777.0,7777777.0,7777777.0,0.0,0.0,0.0,0.0,15.102400762025871,15.102400762025871,15.102400762025871,15.102400762025871,109274.78901408613,109274.78901408613,109274.78901408613,109274.78901408613
1787420390898,1.0,7777777.0,7777777.0,7777777.0,7777777.0,0.0,0.0,0.0,0.0,28.911990256831373,28.911990256831373,28.911990256831373,28.911990256831373,109993.88323317748,109993.88323317748,109993.88323317748,109993.88323317748
1787420390982,1.0,7777777.0,7777777.0,7777777.0,7777777.0,0.0,0.0,0.0,0.0,15.333571415306084,15.333571415306084,15.333571415306084,15.333571415306084,111765.8053604979,111765.8053604979,111765.8053604979,111765.8053604979
1787420391057,1.0,7777777.0,7777777.0,7777777.0,7777777.0,0.0,0.0,0.0,0.0,6.43468584453657,6.43468584453657,6.43468584453657,6.43468584453657,112503.34706312232,112503.34706312232,112503.34706312232,112503.34706312232
1787420391140,1.0,7777777.0,7777777.0,7777777.0,7777777.0,0.0,0.0,0.0,0.0,43.610942821957124,43.610942821957124,43.610942821957124,43.610942821957124,113142.69717283547,113142.69717283547,113142.69717283547,113142.69717283547
1787420391225,1.0,7777777.0,7777777.0,7777777.0,7777777.0,0.0,0.0,0.0,0.0,30.949673687037034,30.949673687037034,30.949673687037034,30.949673687037034,112781.47615266033,112781.47615266033,112781.47615266033,112781.47615266033
1787420391313,1.0,7777777.0,7777777.0,7777777.0,7777777.0,0.0,0.0,0.0,0.0,16.577632185189113,16.577632185189113,16.577632185189113,16.577632185189113,112601.14628057182,112601.14628057182,112601.14628057182,112601.14628057182
1787420391388,1.0,7777777.0,7777777.0,7777777.0,7777777.0,0.0,0.0,0.0,0.0,6.978981350103776,6.978981350103776,6.978981350103776,6.978981350103776,112724.57518167794,112724.57518167794,112724.57518167794,112724.57518167794
1787420391458,1.0,7777777.0,7777777.0,7777777.0,7777777.0,0.0,0.0,0.0,0.0,194.30783527002708,194.30783527002708,194.30783527002708,194.30783527002708,111495.5448339805,111495.5448339805,111495.5448339805,111495.5448339805
1787420391519,1.0,7777777.0,7777777.0,7777777.0,7777777.0,0.0,0.0,0.0,0.0,247.60004261165196,247.60004261165196,247.60004261165196,247.60004261165196,110032.861369282,110032.861369282,110032.861369282,110032.861369282
1787420391581,1.0,7777777.0,7777777.0,7777777.0,7777777.0,0.0,0.0,0.0,0.0,90.17034482278771,90.17034482278771,90.17034482278771,90.17034482278771,109397.1217523329,109397.1217523329,109397.1217523329,109397.1217523329
1787420391654,1.0,7777777.0,7777777.0,7777777.0,7777777.0,0.0,0.0,0.0,0.0,268.0831744075998,268.0831744075998,268.0831744075998,268.0831744075998,109518.07978094369,109518.07978094369,109518.07978094369,109518.07978094369
1787420391728,1.0,7777777.0,7777777.0,7777777.0,7777777.0,0.0,0.0,0.0,0.0,200.10603336596535,200.10603336596535,200.10603336596535,200.10603336596535,109412.89568259567,109412.89568259567,109412.89568259567,109412.89568259567
1787420391786,1.0,7777777.0,7777777.0,7777777.0,7777777.0,0.0,0.0,0.0,0.0,92.54583130321706,92.54583130321706,92.54583130321706,92.54583130321706,109272.64292912185,109272.64292912185,109272.64292912185,109272.64292912185
1787420391856,1.0,7777777.0,7777777.0,7777777.0,7777777.0,0.0,0.0,0.0,0.0,112.84792911492823,112.84792911492823,112.84792911492823,112.84792911492823,110911.71960410476,110911.71960410476,110911.71960410476,110911.71960410476
1787420391913,1.0,7777777.0,7777777.0,7777777.0,7777777.0,0.0,0.0,0.0,0.0,224.3429722562521,224.3429722562521,224.3429722562521,224.3429722562521,112455.10429988801,112455.10429988801,112455.10429988801,112455.10429988801
1787420391984,2.0,137.70773154433886,137.70773154433886,137.70773154433886,137.70773154433886,64.54421038363931,64.54421038363931,64.54421038363931,64.54421038363931,6.4544210383639316,32.272105191819655,58.08978934527538,64.54421038363931,99480.17178460657,105524.22005625069,111568.26832789481,113079.28039580584
1787420392046,2.0,134.38403606365068,134.38403606365068,134.38403606365068,134.38403606365068,89.23030914015341,89.23030914015341,89.23030914015341,89.23030914015341,38.23958581628302,72.14866055272691,106.05773528917081,114.53500397328177,97543.12566129137,103746.64308429603,109950.16050730068,111501.03986305185
1787420392126,2.0,141.69793789967906,141.69793789967906,141.69793789967906,141.69793789967906,120.43354084115532,120.43354084115532,120.43354084115532,120.43354084115532,32.07493907298416,80.13405075782848,128.1931624426728,140.20794036388386,98207.44126598389,103385.27196700126,108563.10266801863,109857.56034327298
1787420392199,2.0,143.81821028174303,143.81821028174303,143.81821028174303,143.81821028174303,37.08906118139649,37.08906118139649,37.08906118139649,37.08906118139649,11.113375167634334,25.902098663826713,40.69082216001909,44.38800303406718,98415.93407545444,103052.34143942129,107688.74880338814,108847.85064437985
1787420392284,2.0,152.2107460664706,152.2107460664706,152.2107460664706,152.2107460664706,111.50265704013621,111.50265704013621,111.50265704013621,111.50265704013621,25.989921674158396,56.748485741144734,87.50704980813109,95.19669082487766,95705.47320061494,99021.12794759963,102336.78269458431,103165.69638133049
1787420392379,2.0,156.7982445412718,156.7982445412718,156.7982445412718,156.7982445412718,58.313501432651336,58.313501432651336,58.313501432651336,58.313501432651336,14.760833420272776,36.55987460969261,58.35891579911246,63.808676096467416,94311.97759877425,97334.05407693144,100356.13055508863,101111.64967462793
1787420392448,2.0,159.47169688202234,159.47169688202234,159.47169688202234,159.47169688202234,55.524776775263454,55.524776775263454,55.524776775263454,55.524776775263454,8.53885525444313,30.672011878530107,52.805168502617086,58.33845765863883,94199.29940720033,96834.1695013633,99469.03959552626,100127.75711906701
1787420392530,3.0,0.9023851595703134,32.81457979077552,160.46335831559634,160.92998985264842,5.8090766586436295,25.854028339329783,26.481307235085357,26.63812695902425,0.1595677476944182,0.797838738472091,21.47006931491382,26.63812695902425,94203.8342072457,96439.0625,98800.52162341177,99390.88640426472
1787420392615,3.0,0.9199412732599946,33.29269103741955,162.7836900940578,163.27329296919538,6.167799635326574,29.287687984130386,29.590630531805292,29.666366168724018,1.310224040366479,1.365105745410386,24.282009608766582,30.01123557460563,94090.96512500942,96337.5859015733,96917.94655226768,97063.03671494126
1787420392701,1.0,7777777.0,7777777.0,7777777.0,7777777.0,0.0,0.0,0.0,0.0,7.039633284607722,7.039633284607722,7.039633284607722,7.039633284607722,96671.93367033731,96671.93367033731,96671.93367033731,96671.93367033731
1787420392784,2.0,162.71963682534505,162.71963682534505,162.71963682534505,162.71963682534505,12.824346207309212,12.824346207309212,12.824346207309212,12.824346207309212,2.015648353525138,6.480936545524915,10.946224737524693,12.062546785524637,94402.07241056747,95875.12400577404,97348.1756009806,97716.43849978223
1787420392842,2.0,162.60946466547838,162.60946466547838,162.60946466547838,162.60946466547838,4.961797419749204,4.961797419749204,4.961797419749204,4.961797419749204,1.4221903702604768,2.510848943006372,3.5995075157522667,3.8716721589387406,94706.4297288727,96134.16732366942,97561.90491846614,97918.83931716532
1787420392930,2.0,138.0454262906285,138.0454262906285,138.0454262906285,138.0454262906285,295.2669482309701,295.2669482309701,295.2669482309701,295.2669482309701,111.76992480988298,188.06018296141235,264.3504411129418,283.4230056508241,103832.14036955983,104888.12485808879,105944.10934661776,106208.10546875
1787420393014,2.0,122.36994422113061,122.36994422113061,122.36994422113061,122.36994422113061,229.41559378527188,229.41559378527188,229.41559378527188,229.41559378527188,49.21753475140915,129.21406884633143,209.21060294125374,229.2097364649843,106124.57418945478,107535.49260525266,108946.41102105053,109299.140625
1787420393098,2.0,125.05954782405988,125.05954782405988,125.05954782405988,125.05954782405988,33.22365172966053,33.22365172966053,33.22365172966053,33.22365172966053,5.778837716994843,17.45445644211707,29.1300751672393,32.048979848519856,106987.02674941867,107912.39333301038,108837.75991660208,109069.1015625
1787420393183,2.0,126.17497592435602,126.17497592435602,126.17497592435602,126.17497592435602,13.57257891798781,13.57257891798781,13.57257891798781,13.57257891798781,2.8094869187159155,7.291919887697225,11.774352856678535,12.894961098923861,107862.90720987692,108327.51789437607,108792.12857887521,108908.28125
1787420393272,2.0,116.78868120470501,116.78868120470501,116.78868120470501,116.78868120470501,106.7825430140809,106.7825430140809,106.7825430140809,106.7825430140809,65.60289955087786,76.29454076702977,86.9861819831817,89.65909228721966,110675.58878878057,113033.14828543365,115390.70778208673,115980.09765625
1787420393354,2.0,123.06572316364525,123.06572316364525,123.06572316364525,123.06572316364525,97.23582366926483,97.23582366926483,97.23582366926483,97.23582366926483,22.804525917579557,52.79524760919053,82.78596930080151,90.28364972370426,107114.05969781577,109602.72036407888,112091.38103034199,112713.54619690776
1787420393439,2.0,125.56538907998036,125.56538907998036,125.56538907998036,125.56538907998036,45.92963782707493,45.92963782707493,45.92963782707493,45.92963782707493,6.499303172721136,24.157552034108818,41.8158008954965,46.23036311084342,102676.02446076422,108039.41147539765,113402.79849003107,114743.64524368942
1787420393528,2.0,126.6545752766501,126.6545752766501,126.6545752766501,126.6545752766501,15.98163981513916,15.98163981513916,15.98163981513916,15.98163981513916,1.8460721927649937,8.237339545285643,14.628606897806291,16.226423735936454,99780.10541530997,106986.06811786443,114192.03082041889,115993.52149605751
1787420393615,2.0,125.52213929290524,125.52213929290524,125.52213929290524,125.52213929290524,28.114922854989516,28.114922854989516,28.114922854989516,28.114922854989516,25.392736324676058,35.56008357714654,45.72743082961703,48.26926764273465,105988.4366349318,109557.10504965903,113125.77346438626,114017.94056806806
1787420393696,1.0,7777777.0,7777777.0,7777777.0,7777777.0,0.0,0.0,0.0,0.0,65.61862341868678,65.61862341868678,65.61862341868678,65.61862341868678,114598.19437298924,114598.19437298924,114598.19437298924,114598.19437298924
1787420393785,1.0,7777777.0,7777777.0,7777777.0,7777777.0,0.0,0.0,0.0,0.0,23.660752149077048,23.660752149077048,23.660752149077048,23.660752149077048,114012.14154177904,114012.14154177904,114012.14154177904,114012.14154177904
1787420393853,1.0,7777777.0,7777777.0,7777777.0,7777777.0,0.0,0.0,0.0,0.0,10.733393809289426,10.733393809289426,10.733393809289426,10.733393809289426,113504.17895052955,113504.17895052955,113504.17895052955,113504.17895052955
1787420393926,1.0,7777777.0,7777777.0,7777777.0,7777777.0,0.0,0.0,0.0,0.0,178.35273560118438,178.35273560118438,178.35273560118438,178.35273560118438,111842.81336163543,111842.81336163543,111842.81336163543,111842.81336163543
1787420394020,1.0,7777777.0,7777777.0,7777777.0,7777777.0,0.0,0.0,0.0,0.0,278.62950828528926,278.62950828528926,278.62950828528926,278.62950828528926,111477.32706706226,111477.32706706226,111477.32706706226,111477.32706706226
1787420394097,1.0,7777777.0,7777777.0,7777777.0,7777777.0,0.0,0.0,0.0,0.0,128.46036223406537,128.46036223406537,128.46036223406537,128.46036223406537,111125.17836637236,111125.17836637236,111125.17836637236,111125.17836637236
1787420394171,1.0,7777777.0,7777777.0,7777777.0,7777777.0,0.0,0.0,0.0,0.0,47.37236665207648,47.37236665207648,47.37236665207648,47.37236665207648,111216.94363240153,111216.94363240153,111216.94363240153,111216.94363240153
1787420394245,1.0,7777777.0,7777777.0,7777777.0,7777777.0,0.0,0.0,0.0,0.0,172.13730347303692,172.13730347303692,172.13730347303692,172.13730347303692,111263.8526664488,111263.8526664488,111263.8526664488,111263.8526664488
1787420394314,1.0,7777777.0,7777777.0,7777777.0,7777777.0,0.0,0.0,0.0,0.0,106.77144611151346,106.77144611151346,106.77144611151346,106.77144611151346,111399.4296398405,111399.4296398405,111399.4296398405,111399.4296398405
1787420394373,1.0,7777777.0,7777777.0,7777777.0,7777777.0,0.0,0.0,0.0,0.0,42.81335931226366,42.81335931226366,42.81335931226366,42.81335931226366,111563.2514241524,111563.2514241524,111563.2514241524,111563.2514241524
1787420394454,1.0,7777777.0,7777777.0,7777777.0,7777777.0,0.0,0.0,0.0,0.0,17.076536915126198,17.076536915126198,17.076536915126198,17.076536915126198,111733.99041937664,111733.99041937664,111733.99041937664,111733.99041937664
1787420394528,1.0,7777777.0,7777777.0,7777777.0,7777777.0,0.0,0.0,0.0,0.0,29.449216907987143,29.449216907987143,29.449216907987143,29.449216907987143,112629.19098500535,112629.19098500535,112629.19098500535,112629.19098500535
1787420394581,1.0,7777777.0,7777777.0,7777777.0,7777777.0,0.0,0.0,0.0,0.0,11.851564290210407,11.851564290210407,11.851564290210407,11.851564290210407,112948.1652140757,112948.1652140757,112948.1652140757,112948.1652140757
1787420394650,1.0,7777777.0,7777777.0,7777777.0,7777777.0,0.0,0.0,0.0,0.0,44.11799027008807,44.11799027008807,44.11799027008807,44.11799027008807,111657.56546527147,111657.56546527147,111657.56546527147,111657.56546527147
1787420394722,1.0,7777777.0,7777777.0,7777777.0,7777777.0,0.0,0.0,0.0,0.0,12.832545073191765,12.832545073191765,12.832545073191765,12.832545073191765,109069.53840846196,109069.53840846196,109069.53840846196,109069.53840846196
1787420394803,1.0,7777777.0,7777777.0,7777777.0,7777777.0,0.0,0.0,0.0,0.0,2.102484899948778,2.102484899948778,2.102484899948778,2.102484899948778,108019.34177706018,108019.34177706018,108019.34177706018,108019.34177706018
1787420394862,1.0,7777777.0,7777777.0,7777777.0,7777777.0,0.0,0.0,0.0,0.0,199.20829522454747,199.20829522454747,199.20829522454747,199.20829522454747,109439.53600925393,109439.53600925393,109439.53600925393,109439.53600925393
1787420394925,2.0,298.22090930475906,298.22090930475906,298.22090930475906,298.22090930475906,87.08679644320027,87.08679644320027,87.08679644320027,87.08679644320027,8.708679644320027,43.543398221600135,78.37811679888024,87.08679644320027,12036.355987661542,55141.47202969727,98246.588071733,109022.86708224192
1787420394995,2.0,296.6619781429938,296.6619781429938,296.6619781429938,296.6619781429938,26.90363889420571,26.90363889420571,26.90363889420571,26.90363889420571,3.0685583746502427,13.778846238911756,24.48913410317327,27.166706069238646,11970.827604755015,54837.84364692494,97704.85968909487,108421.61369963735
1787420395072,1.0,7777777.0,7777777.0,7777777.0,7777777.0,0.0,0.0,0.0,0.0,135.04178630077755,135.04178630077755,135.04178630077755,135.04178630077755,111314.88533241116,111314.88533241116,111314.88533241116,111314.88533241116
1787420395152,2.0,282.43894206999454,282.43894206999454,282.43894206999454,282.43894206999454,234.773957573097,234.773957573097,234.773957573097,234.773957573097,23.4773957573097,117.3869787865485,211.2965618157873,234.773957573097,16133.396408897639,59033.687441274524,101933.97847365141,112659.05123174563
1787420395236,2.0,290.2602322188453,290.2602322188453,290.2602322188453,290.2602322188453,99.74791016957121,99.74791016957121,99.74791016957121,99.74791016957121,10.860576711500626,50.674535763980884,90.48849481646116,100.44198457958122,15961.062898512464,58361.917060492095,100762.77122247173,111362.98476296663
1787420395324,1.0,7777777.0,7777777.0,7777777.0,7777777.0,0.0,0.0,0.0,0.0,137.04590899834747,137.04590899834747,137.04590899834747,137.04590899834747,106713.30899443477,106713.30899443477,106713.30899443477,106713.30899443477
1787420395387,2.0,119.4990122650804,119.4990122650804,119.4990122650804,119.4990122650804,139.53169298608134,139.53169298608134,139.53169298608134,139.53169298608134,20.881473797881164,74.37063216307965,127.85979052827813,141.23208011957774,111560.42965919431,114371.75779677462,117183.08593435492,117885.91796875
1787420395455,1.0,7777777.0,7777777.0,7777777.0,7777777.0,0.0,0.0,0.0,0.0,113.55228207876786,113.55228207876786,113.55228207876786,113.55228207876786,111036.01934500039,111036.01934500039,111036.01934500039,111036.01934500039
1787420395518,2.0,217.32987277150093,217.32987277150093,217.32987277150093,217.32987277150093,42.14018649312894,42.14018649312894,42.14018649312894,42.14018649312894,4.2140186493128935,21.07009324656447,37.926167843816046,42.14018649312894,27660.989145098625,64616.02531596273,101571.06148682683,110809.82052954286
1787420395606,2.0,218.4337617621467,218.4337617621467,218.4337617621467,218.4337617621467,24.210983810664278,24.210983810664278,24.210983810664278,24.210983810664278,46.69527431990776,54.675576638162624,62.655878956417496,64.65095453598121,27212.571990676784,63151.93465416413,99091.29731765148,108076.13798352331
1787420395678,2.0,221.71961911370292,221.71961911370292,221.71961911370292,221.71961911370292,55.48530256456983,55.48530256456983,55.48530256456983,55.48530256456983,55.272878895870356,77.31093639742615,99.34899389898193,104.85850827437088,26403.671682653483,61063.2113342206,95722.75098578772,104387.6358986795
1787420395758,2.0,223.02804832450974,223.02804832450974,223.02804832450974,223.02804832450974,19.999987193619283,19.999987193619283,19.999987193619283,19.999987193619283,14.326739146660842,22.283252506526342,30.239765866391846,32.22889420635822,26179.22320552785,60250.035029628314,94320.84685372878,102838.5498097539
1787420395850,2.0,222.16418261378485,222.16418261378485,222.16418261378485,222.16418261378485,15.871284533558393,15.871284533558393,15.871284533558393,15.871284533558393,2.143729350627759,8.035622866371849,13.927516382115938,15.40048976105196,11452.845501438896,52111.25489771759,92769.66429399629,102934.26664306596
1787420395912,2.0,216.91554954891927,216.91554954891927,216.91554954891927,216.91554954891927,90.974225681404,90.974225681404,90.974225681404,90.974225681404,21.724981385535393,52.84647237859164,83.9679633716479,91.74833611991195,11310.589822828957,51781.82722866628,92253.06463450361,102370.87398596294
1787420395996,2.0,213.45875702610962,213.45875702610962,213.45875702610962,213.45875702610962,41.15237573085464,41.15237573085464,41.15237573085464,41.15237573085464,9.559900006985295,21.527091248401092,33.49428248981689,36.48608030017084,11376.030156095374,51806.71669279621,92237.40322949705,102345.07486367226
1787420396060,2.0,212.35343165360507,212.35343165360507,212.35343165360507,212.35343165360507,17.318823226936424,17.318823226936424,17.318823226936424,17.318823226936424,4.250500767881411,9.030453949054891,13.81040713022837,15.00539542552174,11392.702798448016,51777.42816439492,92162.15353034183,102258.33487182856
1787420396123,2.0,210.21279195537304,210.21279195537304,210.21279195537304,210.21279195537304,34.599897061284636,34.599897061284636,34.599897061284636,34.599897061284636,11.932786618671766,19.224691173151314,26.51659572763086,28.339571866250747,11428.53538720552,51712.6858034851,91996.8362197647,102067.87382383458
1787420396194,2.0,209.55330696361,209.55330696361,209.55330696361,209.55330696361,9.783225476065379,9.783225476065379,9.783225476065379,9.783225476065379,3.795815204038894,5.283385472175425,6.770955740311956,7.142848307346088,11441.873084563687,51702.95556413461,91964.03804370553,102029.30866359826
1787420396271,2.0,211.2203766045658,211.2203766045658,211.2203766045658,211.2203766045658,22.077590215111474,22.077590215111474,22.077590215111474,22.077590215111474,10.748516373254871,12.977761877375276,15.207007381495679,15.76431875752578,11416.827839232772,52024.11001845065,92631.39219766852,102783.212742473
1787420396346,2.0,211.93817043230922,211.93817043230922,211.93817043230922,211.93817043230922,9.676177599415153,9.676177599415153,9.676177599415153,9.676177599415153,4.438216041590331,5.993169817262404,7.548123592934479,7.936862036852497,11399.299658392807,52113.09727033749,92826.89488228217,103005.34428526834
1787420396416,2.0,213.87770771084334,213.87770771084334,213.87770771084334,213.87770771084334,29.350844028178404,29.350844028178404,29.350844028178404,29.350844028178404,10.95734874138188,17.06427039028714,23.17119203919241,24.697922451418723,11318.798441637227,52011.10267155903,92703.40690148083,102876.48295896128
1787420396503,2.0,215.328757548816,215.328757548816,215.328757548816,215.328757548816,20.057006159779775,20.057006159779775,20.057006159779775,20.057006159779775,7.6037548985972006,10.650953279307169,13.698151660017139,14.45995125519463,11313.828065446054,52190.60739472014,93067.38672399422,103286.58155631274
1787420396578,2.0,215.95220453866352,215.95220453866352,215.95220453866352,215.95220453866352,9.316908520623066,9.316908520623066,9.316908520623066,9.316908520623066,3.2814567330419724,5.018023243329506,6.75458975361704,7.188731381188924,11308.674330302149,52211.95261079518,93115.23089128821,103341.05046141148
1787420396652,1.0,7777777.0,7777777.0,7777777.0,7777777.0,0.0,0.0,0.0,0.0,14.237166320241096,14.237166320241096,14.237166320241096,14.237166320241096,102140.89922598377,102140.89922598377,102140.89922598377,102140.89922598377
1787420396736,1.0,7777777.0,7777777.0,7777777.0,7777777.0,0.0,0.0,0.0,0.0,11.512860992554467,11.512860992554467,11.512860992554467,11.512860992554467,102165.40106546786,102165.40106546786,102165.40106546786,102165.40106546786
1787420396816,1.0,7777777.0,7777777.0,7777777.0,7777777.0,0.0,0.0,0.0,0.0,25.066459619628162,25.066459619628162,25.066459619628162,25.066459619628162,101309.90515564103,101309.90515564103,101309.90515564103,101309.90515564103
1787420396898,2.0,220.56023204728749,220.56023204728749,220.56023204728749,220.56023204728749,20.31442451180761,20.31442451180761,20.31442451180761,20.31442451180761,2.6182149603221876,10.270289532811887,17.922364105301586,19.83538274842401,11159.987575274892,51355.33300431166,91550.67843334842,101599.51479060762
1787420396978,1.0,7777777.0,7777777.0,7777777.0,7777777.0,0.0,0.0,0.0,0.0,9.970149360288314,9.970149360288314,9.970149360288314,9.970149360288314,101032.38524023443,101032.38524023443,101032.38524023443,101032.38524023443
1787420397047,1.0,7777777.0,7777777.0,7777777.0,7777777.0,0.0,0.0,0.0,0.0,26.772809211810667,26.772809211810667,26.772809211810667,26.772809211810667,101255.16329523735,101255.16329523735,101255.16329523735,101255.16329523735
1787420397128,1.0,7777777.0,7777777.0,7777777.0,7777777.0,0.0,0.0,0.0,0.0,8.65322551777758,8.65322551777758,8.65322551777758,8.65322551777758,101263.49372173846,101263.49372173846,101263.49372173846,101263.49372173846
1787420397204,2.0,333.015141618997,333.015141618997,333.015141618997,333.015141618997,38.80755709979923,38.80755709979923,38.80755709979923,38.80755709979923,4.035264217338218,19.55348042125325,35.071696625168286,38.95125067614704,15136.537369228341,54581.58348134626,94026.62959346417,103887.89112149365
1787420397263,2.0,228.27351533920577,228.27351533920577,228.27351533920577,228.27351533920577,30.28891526974851,30.28891526974851,30.28891526974851,30.28891526974851,3.028891526974851,15.144457634874255,27.26002374277366,30.28891526974851,26593.60926831756,60500.95067158062,94408.29207484369,102885.12742565945
1787420397331,2.0,228.41792666669144,228.41792666669144,228.41792666669144,228.41792666669144,3.467512882066121,3.467512882066121,3.467512882066121,3.467512882066121,22.538867527029037,22.580625194917634,22.62238286280623,22.63282227977838,26646.787867430037,59956.37920069788,93265.97053396571,101593.36836728267
1787420397411,2.0,227.49879795567674,227.49879795567674,227.49879795567674,227.49879795567674,14.575887079372121,14.575887079372121,14.575887079372121,14.575887079372121,19.579744827093226,25.226986109298796,30.874227391504366,32.28603771205576,26723.692607172023,60499.58630629722,94275.48000542242,102719.45343020372
1787420397497,2.0,225.55709128339808,225.55709128339808,225.55709128339808,225.55709128339808,22.7739779863356,22.7739779863356,22.7739779863356,22.7739779863356,42.153794901769615,50.9408247138459,59.72785452592218,61.92461197894125,26596.388765508404,60103.107140986715,93609.82551646503,101986.5051103346
1787420397581,2.0,228.92257378482444,228.92257378482444,228.92257378482444,228.92257378482444,40.07910722674118,40.07910722674118,40.07910722674118,40.07910722674118,20.073263579725012,27.7748240896239,35.47638459952278,37.4017747269975,26609.311872221064,60430.50151442876,94251.69115663646,102706.98856718838
1787420397668,2.0,322.13176722880024,322.13176722880024,322.13176722880024,322.13176722880024,35.21270756225036,35.21270756225036,35.21270756225036,35.21270756225036,4.2029436647984735,18.157997402569745,32.113051140341014,35.60181457478383,15065.16851839181,53952.275951939635,92839.38338548745,102561.16024387442
1787420397761,1.0,7777777.0,7777777.0,7777777.0,7777777.0,0.0,0.0,0.0,0.0,135.77817881523828,135.77817881523828,135.77817881523828,135.77817881523828,107072.83445303142,107072.83445303142,107072.83445303142,107072.83445303142
1787420397838,2.0,298.63514433513143,298.63514433513143,298.63514433513143,298.63514433513143,146.42336886040283,146.42336886040283,146.42336886040283,146.42336886040283,16.744572251964474,73.21417312894468,129.6837740059249,143.80117422516994,15280.699212904368,55393.813078050036,95506.92694319571,105535.20540948212
1787420397924,1.0,7777777.0,7777777.0,7777777.0,7777777.0,0.0,0.0,0.0,0.0,133.09151778952324,133.09151778952324,133.09151778952324,133.09151778952324,104390.91568742506,104390.91568742506,104390.91568742506,104390.91568742506
1787420397997,1.0,7777777.0,7777777.0,7777777.0,7777777.0,0.0,0.0,0.0,0.0,57.46501621380083,57.46501621380083,57.46501621380083,57.46501621380083,103763.36071091518,103763.36071091518,103763.36071091518,103763.36071091518
1787420398068,2.0,264.7272916462882,264.7272916462882,264.7272916462882,264.7272916462882,274.8116544769519,274.8116544769519,274.8116544769519,274.8116544769519,27.95067325975169,137.81436274091163,247.6780522220716,275.1439745923616,15404.355874615536,55509.62623607926,95614.89659754299,105641.21418790892
1787420398159,1.0,7777777.0,7777777.0,7777777.0,7777777.0,0.0,0.0,0.0,0.0,139.39910001548117,139.39910001548117,139.39910001548117,139.39910001548117,101936.05278182309,101936.05278182309,101936.05278182309,101936.05278182309
1787420398236,1.0,7777777.0,7777777.0,7777777.0,7777777.0,0.0,0.0,0.0,0.0,103.93638506349873,103.93638506349873,103.93638506349873,103.93638506349873,99871.42223552056,99871.42223552056,99871.42223552056,99871.42223552056
1787420398309,1.0,7777777.0,7777777.0,7777777.0,7777777.0,0.0,0.0,0.0,0.0,37.522696824774705,37.522696824774705,37.522696824774705,37.522696824774705,99363.53249081597,99363.53249081597,99363.53249081597,99363.53249081597
1787420398553,1.0,7777777.0,7777777.0,7777777.0,7777777.0,0.0,0.0,0.0,0.0,61.704918738988646,61.704918738988646,61.704918738988646,61.704918738988646,98180.79013719037,98180.79013719037,98180.79013719037,98180.79013719037
1787420398644,1.0,7777777.0,7777777.0,7777777.0,7777777.0,0.0,0.0,0.0,0.0,55.92544777830944,55.92544777830944,55.92544777830944,55.92544777830944,98493.0325817801,98493.0325817801,98493.0325817801,98493.0325817801
1787420398727,1.0,7777777.0,7777777.0,7777777.0,7777777.0,0.0,0.0,0.0,0.0,19.884637681627517,19.884637681627517,19.884637681627517,19.884637681627517,99306.6865622187,99306.6865622187,99306.6865622187,99306.6865622187
1787420398818,1.0,7777777.0,7777777.0,7777777.0,7777777.0,0.0,0.0,0.0,0.0,314.6484115907533,314.6484115907533,314.6484115907533,314.6484115907533,97556.64241983416,97556.64241983416,97556.64241983416,97556.64241983416
1787420398911,1.0,7777777.0,7777777.0,7777777.0,7777777.0,0.0,0.0,0.0,0.0,201.6102392678018,201.6102392678018,201.6102392678018,201.6102392678018,97259.64394631982,97259.64394631982,97259.64394631982,97259.64394631982
1787420399006,1.0,7777777.0,7777777.0,7777777.0,7777777.0,0.0,0.0,0.0,0.0,80.74453882523616,80.74453882523616,80.74453882523616,80.74453882523616,96198.45109587908,96198.45109587908,96198.45109587908,96198.45109587908
1787420399096,1.0,7777777.0,7777777.0,7777777.0,7777777.0,0.0,0.0,0.0,0.0,32.214240120524245,32.214240120524245,32.214240120524245,32.214240120524245,96136.91195562854,96136.91195562854,96136.91195562854,96136.91195562854
1787420399186,1.0,7777777.0,7777777.0,7777777.0,7777777.0,0.0,0.0,0.0,0.0,28.08186784832011,28.08186784832011,28.08186784832011,28.08186784832011,96644.42225539777,96644.42225539777,96644.42225539777,96644.42225539777
1787420399286,1.0,7777777.0,7777777.0,7777777.0,7777777.0,0.0,0.0,0.0,0.0,46.61888825406069,46.61888825406069,46.61888825406069,46.61888825406069,97595.06606787909,97595.06606787909,97595.06606787909,97595.06606787909
1787420399387,1.0,7777777.0,7777777.0,7777777.0,7777777.0,0.0,0.0,0.0,0.0,4.126351416582814,4.126351416582814,4.126351416582814,4.126351416582814,96171.27967703342,96171.27967703342,96171.27967703342,96171.27967703342
1787420399469,1.0,7777777.0,7777777.0,7777777.0,7777777.0,0.0,0.0,0.0,0.0,3.4844159441420706,3.4844159441420706,3.4844159441420706,3.4844159441420706,96813.04395383596,96813.04395383596,96813.04395383596,96813.04395383596
1787420399559,1.0,7777777.0,7777777.0,7777777.0,7777777.0,0.0,0.0,0.0,0.0,46.4561195518067,46.4561195518067,46.4561195518067,46.4561195518067,96726.53859863058,96726.53859863058,96726.53859863058,96726.53859863058
1787420399652,1.0,7777777.0,7777777.0,7777777.0,7777777.0,0.0,0.0,0.0,0.0,25.310969192745617,25.310969192745617,25.310969192745617,25.310969192745617,96493.60079574399,96493.60079574399,96493.60079574399,96493.60079574399
1787420399744,2.0,124.02749999990638,124.02749999990638,124.02749999990638,124.02749999990638,23.258611499345083,23.258611499345083,23.258611499345083,23.258611499345083,2.3258611499345085,11.629305749672541,20.932750349410576,23.258611499345083,96283.5297751504,96734.69536119467,97185.86094723894,97298.65234375
1787420399836,2.0,120.37229158907873,120.37229158907873,120.37229158907873,120.37229158907873,59.237309610464756,59.237309610464756,59.237309610464756,59.237309610464756,7.224919104506563,30.355446405684987,53.48597370686341,59.26860553215802,97151.57733022115,97265.24261401175,97378.90789780235,97407.32421875
1787420399926,2.0,120.35042917386333,120.35042917386333,120.35042917386333,120.35042917386333,4.757837216492989,4.757837216492989,4.757837216492989,4.757837216492989,1.495956923446573,2.6593636102884197,3.8227702971302673,4.113621968840729,97269.15801300974,97409.93069004873,97550.70336708771,97585.89653634746
1787420400017,2.0,120.630254697294,120.630254697294,120.630254697294,120.630254697294,5.384036258991939,5.384036258991939,5.384036258991939,5.384036258991939,16.840379874481126,16.875404552531737,16.91042923058235,16.919185400095003,96195.83079307192,97192.23825851642,98188.64572396092,98437.74759032205
1787420400099,2.0,118.7671969890611,118.7671969890611,118.7671969890611,118.7671969890611,48.45621488896209,48.45621488896209,48.45621488896209,48.45621488896209,11.385251757756832,26.9380495251757,42.49084729259457,46.37904673444929,97066.42202185579,98028.95437831618,98991.48673477657,99232.11982389167
1787420400190,2.0,118.86233564194336,118.86233564194336,118.86233564194336,118.86233564194336,7.0464788185091,7.0464788185091,7.0464788185091,7.0464788185091,1.3142070720193697,4.119155607089926,6.924104142160484,7.625341275928123,97188.72408487368,98432.31889067683,99675.91369647998,99986.81239793077
1787420400262,1.0,7777777.0,7777777.0,7777777.0,7777777.0,0.0,0.0,0.0,0.0,37.74248268795809,37.74248268795809,37.74248268795809,37.74248268795809,100332.00901503302,100332.00901503302,100332.00901503302,100332.00901503302
1787420400353,1.0,7777777.0,7777777.0,7777777.0,7777777.0,0.0,0.0,0.0,0.0,18.370568785300875,18.370568785300875,18.370568785300875,18.370568785300875,99838.99018130498,99838.99018130498,99838.99018130498,99838.99018130498
1787420400435,1.0,7777777.0,7777777.0,7777777.0,7777777.0,0.0,0.0,0.0,0.0,23.07272977837309,23.07272977837309,23.07272977837309,23.07272977837309,100429.85118427034,100429.85118427034,100429.85118427034,100429.85118427034
1787420400517,1.0,7777777.0,7777777.0,7777777.0,7777777.0,0.0,0.0,0.0,0.0,19.9733181560865,19.9733181560865,19.9733181560865,19.9733181560865,101383.69930999354,101383.69930999354,101383.69930999354,101383.69930999354
1787420400599,1.0,7777777.0,7777777.0,7777777.0,7777777.0,0.0,0.0,0.0,0.0,39.24911167190585,39.24911167190585,39.24911167190585,39.24911167190585,100832.0284097353,100832.0284097353,100832.0284097353,100832.0284097353
1787420400691,1.0,7777777.0,7777777.0,7777777.0,7777777.0,0.0,0.0,0.0,0.0,86.69977173277371,86.69977173277371,86.69977173277371,86.69977173277371,101572.79285280593,101572.79285280593,101572.79285280593,101572.79285280593
1787420400783,1.0,7777777.0,7777777.0,7777777.0,7777777.0,0.0,0.0,0.0,0.0,162.116062952321,162.116062952321,162.116062952321,162.116062952321,103086.66447605379,103086.66447605379,103086.66447605379,103086.66447605379
1787420400883,1.0,7777777.0,7777777.0,7777777.0,7777777.0,0.0,0.0,0.0,0.0,25.481190985117024,25.481190985117024,25.481190985117024,25.481190985117024,103479.79256592505,103479.79256592505,103479.79256592505,103479.79256592505
1787420400972,1.0,7777777.0,7777777.0,7777777.0,7777777.0,0.0,0.0,0.0,0.0,271.81711015634136,271.81711015634136,271.81711015634136,271.81711015634136,104880.8136580512,104880.8136580512,104880.8136580512,104880.8136580512
1787420401065,1.0,7777777.0,7777777.0,7777777.0,7777777.0,0.0,0.0,0.0,0.0,145.79293829415823,145.79293829415823,145.79293829415823,145.79293829415823,106084.83707782254,106084.83707782254,106084.83707782254,106084.83707782254
1787420401162,1.0,7777777.0,7777777.0,7777777.0,7777777.0,0.0,0.0,0.0,0.0,44.72741697656471,44.72741697656471,44.72741697656471,44.72741697656471,107947.13690136373,107947.13690136373,107947.13690136373,107947.13690136373
1787420401401,1.0,7777777.0,7777777.0,7777777.0,7777777.0,0.0,0.0,0.0,0.0,44.29615552796378,44.29615552796378,44.29615552796378,44.29615552796378,105372.67745127901,105372.67745127901,105372.67745127901,105372.67745127901
1787420401493,1.0,7777777.0,7777777.0,7777777.0,7777777.0,0.0,0.0,0.0,0.0,22.626722497342968,22.626722497342968,22.626722497342968,22.626722497342968,105721.05215446092,105721.05215446092,105721.05215446092,105721.05215446092
1787420401583,1.0,7777777.0,7777777.0,7777777.0,7777777.0,0.0,0.0,0.0,0.0,7.160802684337917,7.160802684337917,7.160802684337917,7.160802684337917,105755.51740101166,105755.51740101166,105755.51740101166,105755.51740101166
1787420401674,1.0,7777777.0,7777777.0,7777777.0,7777777.0,0.0,0.0,0.0,0.0,10.41995726777758,10.41995726777758,10.41995726777758,10.41995726777758,106829.06335406005,106829.06335406005,106829.06335406005,106829.06335406005
1787420401764,1.0,7777777.0,7777777.0,7777777.0,7777777.0,0.0,0.0,0.0,0.0,46.00818007712226,46.00818007712226,46.00818007712226,46.00818007712226,107971.5523860585,107971.5523860585,107971.5523860585,107971.5523860585
1787420401854,1.0,7777777.0,7777777.0,7777777.0,7777777.0,0.0,0.0,0.0,0.0,23.764418667808204,23.764418667808204,23.764418667808204,23.764418667808204,108660.73471900076,108660.73471900076,108660.73471900076,108660.73471900076
1787420401945,1.0,7777777.0,7777777.0,7777777.0,7777777.0,0.0,0.0,0.0,0.0,11.863417634546453,11.863417634546453,11.863417634546453,11.863417634546453,108790.04877715558,108790.04877715558,108790.04877715558,108790.04877715558
1787420402035,1.0,7777777.0,7777777.0,7777777.0,7777777.0,0.0,0.0,0.0,0.0,6.017972759971859,6.017972759971859,6.017972759971859,6.017972759971859,108720.99534404464,108720.99534404464,108720.99534404464,108720.99534404464
1787420402126,1.0,7777777.0,7777777.0,7777777.0,7777777.0,0.0,0.0,0.0,0.0,5.09840967661906,5.09840967661906,5.09840967661906,5.09840967661906,108267.11264413968,108267.11264413968,108267.11264413968,108267.11264413968
1787420402197,1.0,7777777.0,7777777.0,7777777.0,7777777.0,0.0,0.0,0.0,0.0,46.251063183225554,46.251063183225554,46.251063183225554,46.251063183225554,107170.26457369328,107170.26457369328,107170.26457369328,107170.26457369328
1787420402287,1.0,7777777.0,7777777.0,7777777.0,7777777.0,0.0,0.0,0.0,0.0,11.042243698066983,11.042243698066983,11.042243698066983,11.042243698066983,110064.2515177764,110064.2515177764,110064.2515177764,110064.2515177764
1787420402369,1.0,7777777.0,7777777.0,7777777.0,7777777.0,0.0,0.0,0.0,0.0,5.3771079795558965,5.3771079795558965,5.3771079795558965,5.3771079795558965,111027.13141673803,111027.13141673803,111027.13141673803,111027.13141673803
1787420402451,1.0,7777777.0,7777777.0,7777777.0,7777777.0,0.0,0.0,0.0,0.0,16.801737237881632,16.801737237881632,16.801737237881632,16.801737237881632,111906.8909316808,111906.8909316808,111906.8909316808,111906.8909316808
1787420402541,1.0,7777777.0,7777777.0,7777777.0,7777777.0,0.0,0.0,0.0,0.0,19.17428665486256,19.17428665486256,19.17428665486256,19.17428665486256,113411.45181218255,113411.45181218255,113411.45181218255,113411.45181218255
1787420402631,1.0,7777777.0,7777777.0,7777777.0,7777777.0,0.0,0.0,0.0,0.0,21.39198673379712,21.39198673379712,21.39198673379712,21.39198673379712,117092.45347271673,117092.45347271673,117092.45347271673,117092.45347271673
1787420402722,1.0,7777777.0,7777777.0,7777777.0,7777777.0,0.0,0.0,0.0,0.0,7.6442166366499995,7.6442166366499995,7.6442166366499995,7.6442166366499995,118074.54627208784,118074.54627208784,118074.54627208784,118074.54627208784
1787420402813,1.0,7777777.0,7777777.0,7777777.0,7777777.0,0.0,0.0,0.0,0.0,36.14403830824433,36.14403830824433,36.14403830824433,36.14403830824433,121497.67151207104,121497.67151207104,121497.67151207104,121497.67151207104
1787420402903,1.0,7777777.0,7777777.0,7777777.0,7777777.0,0.0,0.0,0.0,0.0,76.62571322794635,76.62571322794635,76.62571322794635,76.62571322794635,124657.51068452373,124657.51068452373,124657.51068452373,124657.51068452373
1787420402994,1.0,7777777.0,7777777.0,7777777.0,7777777.0,0.0,0.0,0.0,0.0,38.834815779979394,38.834815779979394,38.834815779979394,38.834815779979394,126569.67975623906,126569.67975623906,126569.67975623906,126569.67975623906
1787420403086,2.0,260.7039038031011,260.7039038031011,260.7039038031011,260.7039038031011,20.465517635367526,20.465517635367526,20.465517635367526,20.465517635367526,2.0465517635367525,10.232758817683763,18.418965871830775,20.465517635367526,17537.93475057073,66809.03773886152,116080.1407271523,128397.916474225
1787420403177,2.0,260.4836815619308,260.4836815619308,260.4836815619308,260.4836815619308,7.58076970544776,7.58076970544776,7.58076970544776,7.58076970544776,1.2831762290278448,4.240642535332519,7.198108841637194,7.937475418213363,17537.103621288392,66792.6730842106,116048.24254713282,128362.13491286337
1787420403260,1.0,7777777.0,7777777.0,7777777.0,7777777.0,0.0,0.0,0.0,0.0,69.12905138989663,69.12905138989663,69.12905138989663,69.12905138989663,132049.1615902707,132049.1615902707,132049.1615902707,132049.1615902707
1787420403341,1.0,7777777.0,7777777.0,7777777.0,7777777.0,0.0,0.0,0.0,0.0,43.31425979759689,43.31425979759689,43.31425979759689,43.31425979759689,130613.09909288585,130613.09909288585,130613.09909288585,130613.09909288585
1787420403434,2.0,252.77187815626655,252.77187815626655,252.77187815626655,252.77187815626655,13.813090053966024,13.813090053966024,13.813090053966024,13.813090053966024,3.7594246036635894,6.908106272600926,10.056787941538262,10.843958358772596,17859.482168533654,68238.5485666208,118617.61496470794,131212.38156422973
1787420403526,2.0,252.46429302147214,252.46429302147214,252.46429302147214,252.46429302147214,4.952269613621541,4.952269613621541,4.952269613621541,4.952269613621541,1.232493859311565,2.4819265456498227,3.73135923198808,4.043717403572645,17828.880018568598,68062.67169440817,118296.46337024774,130854.91128920764
1787420403615,1.0,7777777.0,7777777.0,7777777.0,7777777.0,0.0,0.0,0.0,0.0,41.15656319183031,41.15656319183031,41.15656319183031,41.15656319183031,126956.13813585788,126956.13813585788,126956.13813585788,126956.13813585788
1787420403707,1.0,7777777.0,7777777.0,7777777.0,7777777.0,0.0,0.0,0.0,0.0,23.42633643967144,23.42633643967144,23.42633643967144,23.42633643967144,125434.21894514188,125434.21894514188,125434.21894514188,125434.21894514188
1787420403798,1.0,7777777.0,7777777.0,7777777.0,7777777.0,0.0,0.0,0.0,0.0,35.72479202725519,35.72479202725519,35.72479202725519,35.72479202725519,126278.8677945584,126278.8677945584,126278.8677945584,126278.8677945584
1787420403881,1.0,7777777.0,7777777.0,7777777.0,7777777.0,0.0,0.0,0.0,0.0,39.79780333202309,39.79780333202309,39.79780333202309,39.79780333202309,127361.7496128194,127361.7496128194,127361.7496128194,127361.7496128194
1787420403972,1.0,7777777.0,7777777.0,7777777.0,7777777.0,0.0,0.0,0.0,0.0,13.537294359873174,13.537294359873174,13.537294359873174,13.537294359873174,127759.01609261334,127759.01609261334,127759.01609261334,127759.01609261334
1787420404062,1.0,7777777.0,7777777.0,7777777.0,7777777.0,0.0,0.0,0.0,0.0,13.445594101811832,13.445594101811832,13.445594101811832,13.445594101811832,125974.26511711627,125974.26511711627,125974.26511711627,125974.26511711627
1787420404153,1.0,7777777.0,7777777.0,7777777.0,7777777.0,0.0,0.0,0.0,0.0,31.855131323764244,31.855131323764244,31.855131323764244,31.855131323764244,121172.32589752972,121172.32589752972,121172.32589752972,121172.32589752972
1787420404245,1.0,7777777.0,7777777.0,7777777.0,7777777.0,0.0,0.0,0.0,0.0,34.84629837667031,34.84629837667031,34.84629837667031,34.84629837667031,119255.0595869869,119255.0595869869,119255.0595869869,119255.0595869869
1787420404328,1.0,7777777.0,7777777.0,7777777.0,7777777.0,0.0,0.0,0.0,0.0,14.560832696341457,14.560832696341457,14.560832696341457,14.560832696341457,118678.76589596272,118678.76589596272,118678.76589596272,118678.76589596272
1787420404418,1.0,7777777.0,7777777.0,7777777.0,7777777.0,0.0,0.0,0.0,0.0,19.9607489293731,19.9607489293731,19.9607489293731,19.9607489293731,117074.51028545201,117074.51028545201,117074.51028545201,117074.51028545201
1787420404509,1.0,7777777.0,7777777.0,7777777.0,7777777.0,0.0,0.0,0.0,0.0,21.692378018684753,21.692378018684753,21.692378018684753,21.692378018684753,117176.86038364843,117176.86038364843,117176.86038364843,117176.86038364843
1787420404602,2.0,245.02475619645037,245.02475619645037,245.02475619645037,245.02475619645037,13.02219510414169,13.02219510414169,13.02219510414169,13.02219510414169,1.9868023431980864,6.73897126051017,11.491140177822254,12.679182407150275,16272.831886235439,60424.781621391885,104576.73135654833,115614.71879033744
1787420404693,1.0,7777777.0,7777777.0,7777777.0,7777777.0,0.0,0.0,0.0,0.0,0.37046511324344733,0.37046511324344733,0.37046511324344733,0.37046511324344733,114241.04529131949,114241.04529131949,114241.04529131949,114241.04529131949
1787420404782,1.0,7777777.0,7777777.0,7777777.0,7777777.0,0.0,0.0,0.0,0.0,0.37540252989806966,0.37540252989806966,0.37540252989806966,0.37540252989806966,113828.55832853913,113828.55832853913,113828.55832853913,113828.55832853913
1787420404872,1.0,7777777.0,7777777.0,7777777.0,7777777.0,0.0,0.0,0.0,0.0,7.3873799679833505,7.3873799679833505,7.3873799679833505,7.3873799679833505,113899.14883113652,113899.14883113652,113899.14883113652,113899.14883113652
1787420404962,1.0,7777777.0,7777777.0,7777777.0,7777777.0,0.0,0.0,0.0,0.0,5.89799902782266,5.89799902782266,5.89799902782266,5.89799902782266,114193.13582272176,114193.13582272176,114193.13582272176,114193.13582272176
1787420405053,1.0,7777777.0,7777777.0,7777777.0,7777777.0,0.0,0.0,0.0,0.0,7.181842708591557,7.181842708591557,7.181842708591557,7.181842708591557,114799.22609628737,114799.22609628737,114799.22609628737,114799.22609628737
1787420405126,1.0,7777777.0,7777777.0,7777777.0,7777777.0,0.0,0.0,0.0,0.0,3.3281021536262383,3.3281021536262383,3.3281021536262383,3.3281021536262383,115041.50900510978,115041.50900510978,115041.50900510978,115041.50900510978
1787420405207,2.0,247.19161218065113,247.19161218065113,247.19161218065113,247.19161218065113,4.209678705668811,4.209678705668811,4.209678705668811,4.209678705668811,0.6121238341472641,2.2942532300909724,3.976382626034681,4.396914975020608,16265.092409599201,59748.962601797655,103232.83279399612,114103.80034204572
1787420405289,1.0,7777777.0,7777777.0,7777777.0,7777777.0,0.0,0.0,0.0,0.0,6.63635173387649,6.63635173387649,6.63635173387649,6.63635173387649,112569.16958683357,112569.16958683357,112569.16958683357,112569.16958683357
1787420405381,2.0,247.70881841571114,247.70881841571114,247.70881841571114,247.70881841571114,12.087673166360904,12.087673166360904,12.087673166360904,12.087673166360904,8.821027824975182,9.208553733674979,9.596079642374775,9.692961119549723,15888.563072003424,58066.459717936814,100244.3563638702,110788.83052535355
1787420405461,2.0,247.83555156216863,247.83555156216863,247.83555156216863,247.83555156216863,5.186395877592181,5.186395877592181,5.186395877592181,5.186395877592181,3.98549254411427,4.030770373400477,4.076048202686685,4.087367660008237,15809.235753497482,57782.866784095764,99756.49781469404,110249.90557234362
1787420405552,1.0,7777777.0,7777777.0,7777777.0,7777777.0,0.0,0.0,0.0,0.0,33.86653186962459,33.86653186962459,33.86653186962459,33.86653186962459,112458.77656422928,112458.77656422928,112458.77656422928,112458.77656422928
1787420405633,1.0,7777777.0,7777777.0,7777777.0,7777777.0,0.0,0.0,0.0,0.0,16.869742549212354,16.869742549212354,16.869742549212354,16.869742549212354,109962.44596968219,109962.44596968219,109962.44596968219,109962.44596968219
1787420405715,1.0,7777777.0,7777777.0,7777777.0,7777777.0,0.0,0.0,0.0,0.0,59.45268556708881,59.45268556708881,59.45268556708881,59.45268556708881,110423.93675997108,110423.93675997108,110423.93675997108,110423.93675997108
1787420405796,1.0,7777777.0,7777777.0,7777777.0,7777777.0,0.0,0.0,0.0,0.0,66.41236458420414,66.41236458420414,66.41236458420414,66.41236458420414,111167.0684858989,111167.0684858989,111167.0684858989,111167.0684858989
1787420405878,1.0,7777777.0,7777777.0,7777777.0,7777777.0,0.0,0.0,0.0,0.0,15.42820972722128,15.42820972722128,15.42820972722128,15.42820972722128,110672.99153864197,110672.99153864197,110672.99153864197,110672.99153864197
1787420405969,1.0,7777777.0,7777777.0,7777777.0,7777777.0,0.0,0.0,0.0,0.0,19.87989743864968,19.87989743864968,19.87989743864968,19.87989743864968,111891.75758091733,111891.75758091733,111891.75758091733,111891.75758091733
1787420406060,1.0,7777777.0,7777777.0,7777777.0,7777777.0,0.0,0.0,0.0,0.0,19.630365123756768,19.630365123756768,19.630365123756768,19.630365123756768,112922.65286909044,112922.65286909044,112922.65286909044,112922.65286909044
1787420406152,1.0,7777777.0,7777777.0,7777777.0,7777777.0,0.0,0.0,0.0,0.0,132.46441155303248,132.46441155303248,132.46441155303248,132.46441155303248,113101.63486156799,113101.63486156799,113101.63486156799,113101.63486156799
1787420406242,1.0,7777777.0,7777777.0,7777777.0,7777777.0,0.0,0.0,0.0,0.0,50.645135826043216,50.645135826043216,50.645135826043216,50.645135826043216,113511.22641040385,113511.22641040385,113511.22641040385,113511.22641040385
1787420406324,1.0,7777777.0,7777777.0,7777777.0,7777777.0,0.0,0.0,0.0,0.0,118.96967931168508,118.96967931168508,118.96967931168508,118.96967931168508,113257.06715939194,113257.06715939194,113257.06715939194,113257.06715939194
1787420406405,1.0,7777777.0,7777777.0,7777777.0,7777777.0,0.0,0.0,0.0,0.0,78.2801956158398,78.2801956158398,78.2801956158398,78.2801956158398,112858.85261516087,112858.85261516087,112858.85261516087,112858.85261516087
1787420406496,1.0,7777777.0,7777777.0,7777777.0,7777777.0,0.0,0.0,0.0,0.0,323.08018449341995,323.08018449341995,323.08018449341995,323.08018449341995,109488.3752027154,109488.3752027154,109488.3752027154,109488.3752027154
1787420406586,1.0,7777777.0,7777777.0,7777777.0,7777777.0,0.0,0.0,0.0,0.0,120.93049654302258,120.93049654302258,120.93049654302258,120.93049654302258,108259.78830270469,108259.78830270469,108259.78830270469,108259.78830270469
1787420406670,1.0,7777777.0,7777777.0,7777777.0,7777777.0,0.0,0.0,0.0,0.0,148.1962023552632,148.1962023552632,148.1962023552632,148.1962023552632,107626.91733283363,107626.91733283363,107626.91733283363,107626.91733283363
1787420406760,1.0,7777777.0,7777777.0,7777777.0,7777777.0,0.0,0.0,0.0,0.0,172.6210669634744,172.6210669634744,172.6210669634744,172.6210669634744,106875.50381965935,106875.50381965935,106875.50381965935,106875.50381965935
1787420406851,2.0,143.699749745206,143.699749745206,143.699749745206,143.699749745206,94.25924775345628,94.25924775345628,94.25924775345628,94.25924775345628,9.425924775345628,47.12962387672814,84.83332297811066,94.25924775345628,98549.96010088138,101835.81798700057,105121.67587311976,105943.14034464955
1787420406934,2.0,145.57386314057143,145.57386314057143,145.57386314057143,145.57386314057143,34.90176461741234,34.90176461741234,34.90176461741234,34.90176461741234,3.6987259855519268,17.451677437964474,31.20462889037702,34.642866753480156,98541.19623409957,101738.88039710373,104936.56456010789,105735.98560085893
1787420407025,2.0,149.3963196169549,149.3963196169549,149.3963196169549,149.3963196169549,60.05708273616271,60.05708273616271,60.05708273616271,60.05708273616271,11.832040180611367,35.560509780089845,59.288979379568325,65.22109677943794,97614.9934298208,100640.77856346499,103666.56369710919,104423.00998052023
1787420407116,2.0,144.1518451884278,144.1518451884278,144.1518451884278,144.1518451884278,74.036550446208,74.036550446208,74.036550446208,74.036550446208,29.41459131456245,58.76478667954248,88.11498204452252,95.45253088576753,96019.58702742364,98516.05138602387,101012.5157446241,101636.63183427416
1787420407197,2.0,155.38262205513152,155.38262205513152,155.38262205513152,155.38262205513152,196.1660413480609,196.1660413480609,196.1660413480609,196.1660413480609,33.077619257027656,110.40599455914791,187.7343698612682,207.06646368679824,97001.57533622324,97397.83012287761,97794.08490953199,97893.14860619558
1787420407271,2.0,158.43168350804552,158.43168350804552,158.43168350804552,158.43168350804552,58.255490026061594,58.255490026061594,58.255490026061594,58.255490026061594,11.079782804604188,33.889718943515796,56.699655082427405,62.40213911715531,95622.68470681747,96431.20563219069,97239.7265575639,97441.8567889072
1787420407363,2.0,161.79716286989648,161.79716286989648,161.79716286989648,161.79716286989648,36.58267809906055,36.58267809906055,36.58267809906055,36.58267809906055,13.233666960425252,21.313635744730412,29.393604529035574,31.413596725111866,94009.67291505123,94359.74536426412,94709.81781347701,94797.33592578024
1787420407453,2.0,163.04577211570543,163.04577211570543,163.04577211570543,163.04577211570543,18.27179788386121,18.27179788386121,18.27179788386121,18.27179788386121,8.01853563820903,15.061520036866169,22.104504435523307,23.86525053518759,93299.28349240831,94110.39056969993,94921.49764699154,95124.27441631444
1787420407526,3.0,0.46948742479504374,33.22409536907147,164.24252714617717,164.2886011542924,9.575144019718062,13.750305357582999,16.473515695206814,17.154318279612767,1.7062707370503656,8.531353685251828,12.706515023116765,13.750305357582999,92670.50869712382,94008.5089947097,95700.18617394194,96123.10546875
1787420407606,3.0,0.7080166710924204,33.50669421248429,164.70140437805176,164.8482327787435,4.765445032060024,7.538264577414679,8.345543874445998,8.547363698703828,1.6278237958201587,2.8153274751945436,6.387755570064395,7.280862593781857,92306.37031029686,93703.40235817432,95743.49297163487,96253.515625
1787420407697,1.0,7777777.0,7777777.0,7777777.0,7777777.0,0.0,0.0,0.0,0.0,16.275757712777217,16.275757712777217,16.275757712777217,16.275757712777217,93281.50984130614,93281.50984130614,93281.50984130614,93281.50984130614
1787420407787,2.0,161.7871731194664,161.7871731194664,161.7871731194664,161.7871731194664,30.16266727316489,30.16266727316489,30.16266727316489,30.16266727316489,6.981504302421106,16.384821280340134,25.78813825825916,28.138967502738918,94971.992386413,95079.37544307299,95186.75849973298,95213.60426389799
1787420407869,3.0,1.332424729715184,31.127809956075748,150.30935086151797,150.6512754675922,49.9912346056065,167.17547989569562,175.17970148311082,177.1807568799646,4.139034656616844,20.69517328308422,145.88364016058853,177.1807568799646,96178.8035573274,97592.69696186483,98216.11751737297,98371.97265625
1787420407941,3.0,1.9352250656860197,30.45616340173908,144.5399167459513,145.1968060559658,26.71498511087061,99.31340647503134,99.86966970683426,100.00873551478499,2.479994041273833,7.376776801215279,81.07051925846375,99.49395487277586,96148.83588028439,98384.59688588418,98965.57562717683,99110.8203125
1787420408033,1.0,7777777.0,7777777.0,7777777.0,7777777.0,0.0,0.0,0.0,0.0,54.03863444640409,54.03863444640409,54.03863444640409,54.03863444640409,98363.99317906797,98363.99317906797,98363.99317906797,98363.99317906797
1787420408124,2.0,147.4259697601839,147.4259697601839,147.4259697601839,147.4259697601839,41.88929848440308,41.88929848440308,41.88929848440308,41.88929848440308,13.315350339402945,27.08269865960254,40.85004697980213,44.29188405985203,96234.59067349881,98860.13712655753,101485.68357961625,102142.07019288093
1787420408198,3.0,1.0284883573766304,30.78013243710116,149.78670875599926,150.60400365720747,13.992769183327429,33.62575972986736,40.87010421197171,42.68119033249779,1.8169043093384893,9.084521546692446,35.961856575336725,42.68119033249779,95381.57915226743,96056.65040790662,101659.53603000865,103060.25743553415
1787420408290,1.0,7777777.0,7777777.0,7777777.0,7777777.0,0.0,0.0,0.0,0.0,133.49657696970905,133.49657696970905,133.49657696970905,133.49657696970905,106325.77017731778,106325.77017731778,106325.77017731778,106325.77017731778
1787420408382,2.0,138.58195387143252,138.58195387143252,138.58195387143252,138.58195387143252,41.38674444125075,41.38674444125075,41.38674444125075,41.38674444125075,13.926270034372111,30.185663046678222,46.445056058984335,50.50990431206086,96081.83809474576,101414.12110915128,106746.4041235568,108079.47487715818
1787420408474,2.0,132.803685166902,132.803685166902,132.803685166902,132.803685166902,85.69131875633799,85.69131875633799,85.69131875633799,85.69131875633799,20.270015028291382,43.92368343691089,67.5773518455304,73.49076894768528,97926.76778948028,103303.54493717197,108680.32208486367,110024.5163717866
1787420408564,2.0,130.88134740168306,130.88134740168306,130.88134740168306,130.88134740168306,45.3250709742797,45.3250709742797,45.3250709742797,45.3250709742797,17.5892600911488,35.17147064568802,52.753681200227234,57.14923383886204,97852.09840660953,105691.55798196606,113531.0175573226,115490.88245116174
1787420408656,1.0,7777777.0,7777777.0,7777777.0,7777777.0,0.0,0.0,0.0,0.0,29.2170682971432,29.2170682971432,29.2170682971432,29.2170682971432,118055.88742565364,118055.88742565364,118055.88742565364,118055.88742565364
1787420408748,1.0,7777777.0,7777777.0,7777777.0,7777777.0,0.0,0.0,0.0,0.0,12.043933892706281,12.043933892706281,12.043933892706281,12.043933892706281,119203.82289650291,119203.82289650291,119203.82289650291,119203.82289650291
1787420408840,1.0,7777777.0,7777777.0,7777777.0,7777777.0,0.0,0.0,0.0,0.0,29.84472786125412,29.84472786125412,29.84472786125412,29.84472786125412,119282.52270188183,119282.52270188183,119282.52270188183,119282.52270188183
1787420408936,1.0,7777777.0,7777777.0,7777777.0,7777777.0,0.0,0.0,0.0,0.0,11.732676655994851,11.732676655994851,11.732676655994851,11.732676655994851,117382.68546692282,117382.68546692282,117382.68546692282,117382.68546692282
1787420409023,1.0,7777777.0,7777777.0,7777777.0,7777777.0,0.0,0.0,0.0,0.0,38.31253292964555,38.31253292964555,38.31253292964555,38.31253292964555,117470.22731836885,117470.22731836885,117470.22731836885,117470.22731836885
1787420409106,1.0,7777777.0,7777777.0,7777777.0,7777777.0,0.0,0.0,0.0,0.0,69.78665782239747,69.78665782239747,69.78665782239747,69.78665782239747,118368.98174774274,118368.98174774274,118368.98174774274,118368.98174774274
1787420409197,1.0,7777777.0,7777777.0,7777777.0,7777777.0,0.0,0.0,0.0,0.0,23.3211563541958,23.3211563541958,23.3211563541958,23.3211563541958,118738.80485838652,118738.80485838652,118738.80485838652,118738.80485838652
1787420409270,1.0,7777777.0,7777777.0,7777777.0,7777777.0,0.0,0.0,0.0,0.0,99.28498473751489,99.28498473751489,99.28498473751489,99.28498473751489,118181.30643490702,118181.30643490702,118181.30643490702,118181.30643490702
1787420409361,1.0,7777777.0,7777777.0,7777777.0,7777777.0,0.0,0.0,0.0,0.0,159.41570171438522,159.41570171438522,159.41570171438522,159.41570171438522,118945.72551846504,118945.72551846504,118945.72551846504,118945.72551846504
1787420409452,1.0,7777777.0,7777777.0,7777777.0,7777777.0,0.0,0.0,0.0,0.0,86.48522737997105,86.48522737997105,86.48522737997105,86.48522737997105,119669.48646409437,119669.48646409437,119669.48646409437,119669.48646409437
1787420409535,1.0,7777777.0,7777777.0,7777777.0,7777777.0,0.0,0.0,0.0,0.0,36.81072050370563,36.81072050370563,36.81072050370563,36.81072050370563,120133.36449007131,120133.36449007131,120133.36449007131,120133.36449007131
1787420409607,1.0,7777777.0,7777777.0,7777777.0,7777777.0,0.0,0.0,0.0,0.0,511.030900981732,511.030900981732,511.030900981732,511.030900981732,118775.7210920006,118775.7210920006,118775.7210920006,118775.7210920006
1787420409699,1.0,7777777.0,7777777.0,7777777.0,7777777.0,0.0,0.0,0.0,0.0,260.5817487061462,260.5817487061462,260.5817487061462,260.5817487061462,118406.6820526477,118406.6820526477,118406.6820526477,118406.6820526477
1787420409798,1.0,7777777.0,7777777.0,7777777.0,7777777.0,0.0,0.0,0.0,0.0,94.3309166640332,94.3309166640332,94.3309166640332,94.3309166640332,117542.44404347241,117542.44404347241,117542.44404347241,117542.44404347241
1787420409880,1.0,7777777.0,7777777.0,7777777.0,7777777.0,0.0,0.0,0.0,0.0,39.563478651554725,39.563478651554725,39.563478651554725,39.563478651554725,117172.36404463649,117172.36404463649,117172.36404463649,117172.36404463649
1787420409972,1.0,7777777.0,7777777.0,7777777.0,7777777.0,0.0,0.0,0.0,0.0,49.22404452815516,49.22404452815516,49.22404452815516,49.22404452815516,119154.82110375911,119154.82110375911,119154.82110375911,119154.82110375911
1787420410073,1.0,7777777.0,7777777.0,7777777.0,7777777.0,0.0,0.0,0.0,0.0,176.71811139041682,176.71811139041682,176.71811139041682,176.71811139041682,119733.24070771784,119733.24070771784,119733.24070771784,119733.24070771784
1787420410165,1.0,7777777.0,7777777.0,7777777.0,7777777.0,0.0,0.0,0.0,0.0,241.9003127230449,241.9003127230449,241.9003127230449,241.9003127230449,120371.66749584675,120371.66749584675,120371.66749584675,120371.66749584675
1787420410266,1.0,7777777.0,7777777.0,7777777.0,7777777.0,0.0,0.0,0.0,0.0,124.21571402236935,124.21571402236935,124.21571402236935,124.21571402236935,119994.82594653592,119994.82594653592,119994.82594653592,119994.82594653592
1787420410339,1.0,7777777.0,7777777.0,7777777.0,7777777.0,0.0,0.0,0.0,0.0,60.322965066183265,60.322965066183265,60.322965066183265,60.322965066183265,119290.53039489128,119290.53039489128,119290.53039489128,119290.53039489128
1787420410430,1.0,7777777.0,7777777.0,7777777.0,7777777.0,0.0,0.0,0.0,0.0,101.79916821412648,101.79916821412648,101.79916821412648,101.79916821412648,118391.50097337551,118391.50097337551,118391.50097337551,118391.50097337551
1787420410521,2.0,208.33173204497152,208.33173204497152,208.33173204497152,208.33173204497152,230.2965589952507,230.2965589952507,230.2965589952507,230.2965589952507,23.02965589952507,115.14827949762535,207.26690309572564,230.2965589952507,27268.475429555867,66730.1270885882,106191.77874762053,116057.19166237861
1787420410603,2.0,215.1175499035828,215.1175499035828,215.1175499035828,215.1175499035828,84.06608983273965,84.06608983273965,84.06608983273965,84.06608983273965,41.360055956653206,74.44356965086388,107.52708334507456,115.79796176862723,27328.525887017793,65919.75549488561,104510.98510275343,114158.79250472039
1787420410684,2.0,217.37385210535854,217.37385210535854,217.37385210535854,217.37385210535854,28.309047295073636,28.309047295073636,28.309047295073636,28.309047295073636,14.085332500800423,25.23086774733776,36.376402993875104,39.162786805509434,27352.240204576403,65501.3026891835,103650.3651737906,113187.63079494238
1787420410767,1.0,7777777.0,7777777.0,7777777.0,7777777.0,0.0,0.0,0.0,0.0,123.50340736286509,123.50340736286509,123.50340736286509,123.50340736286509,116522.17322991323,116522.17322991323,116522.17322991323,116522.17322991323
1787420410858,2.0,217.99535448677472,217.99535448677472,217.99535448677472,217.99535448677472,84.72816015151592,84.72816015151592,84.72816015151592,84.72816015151592,8.472816015151592,42.36408007575796,76.25534413636433,84.72816015151592,12782.720126583894,58296.16496039415,103809.6097942044,115187.97100265697
1787420410960,2.0,215.66323345825504,215.66323345825504,215.66323345825504,215.66323345825504,37.191038826126196,37.191038826126196,37.191038826126196,37.191038826126196,10.125350067397342,22.087913709204244,34.050477351011146,37.04111826146287,12578.509468659271,57468.90229829622,102359.29512793318,113581.8933353424
1787420411042,2.0,212.61917627259896,212.61917627259896,212.61917627259896,212.61917627259896,38.68395605198277,38.68395605198277,38.68395605198277,38.68395605198277,21.107637446408805,23.42366037814697,25.739683309885134,26.318689042819674,12696.73562126623,57475.32358008053,102253.91153889483,113448.5585285984
1787420411133,2.0,211.32251775027314,211.32251775027314,211.32251775027314,211.32251775027314,14.347837078126615,14.347837078126615,14.347837078126615,14.347837078126615,7.683914149463856,8.755338187455248,9.826762225446638,10.094618234944486,12715.461451850122,57388.89538697031,102062.3293220905,113230.68780587055
1787420411206,2.0,210.00498745796895,210.00498745796895,210.00498745796895,210.00498745796895,18.218079319503136,18.218079319503136,18.218079319503136,18.218079319503136,3.1567640926086753,9.60044310312028,16.044122113631886,17.655041866259786,12704.37323504626,57189.87074882421,101675.36826260216,112796.74264104664
1787420411297,2.0,209.34309701919224,209.34309701919224,209.34309701919224,209.34309701919224,7.302105357820852,7.302105357820852,7.302105357820852,7.302105357820852,7.163878698054746,9.920906977480982,12.677935256907219,13.367192326763778,12614.609515447635,56984.47000955278,101354.33050365793,112446.79562718421
1787420411389,2.0,209.106406358789,209.106406358789,209.106406358789,209.106406358789,7.705391089089894,7.705391089089894,7.705391089089894,7.705391089089894,8.119954011755734,8.28047915629627,8.441004300836807,8.481135586971941,12559.047778961098,56879.07705395174,101199.10632894239,112279.11364769004
1787420411479,2.0,208.8610653610451,208.8610653610451,208.8610653610451,208.8610653610451,4.475637799737668,4.475637799737668,4.475637799737668,4.475637799737668,3.5245637356366095,4.2680687914983055,5.011573847360002,5.197450111325426,12524.307619579406,56779.53140188189,101034.75518418438,112098.56112976
1787420411570,2.0,208.1751989008426,208.1751989008426,208.1751989008426,208.1751989008426,15.524717577712996,15.524717577712996,15.524717577712996,15.524717577712996,5.27086659406137,7.773466921459146,10.276067248856922,10.901717330706367,12547.153989510158,56811.843202917895,101076.53241632563,112142.70471967757
1787420411661,2.0,207.08818556133235,207.08818556133235,207.08818556133235,207.08818556133235,13.925028451546774,13.925028451546774,13.925028451546774,13.925028451546774,3.6024330116958394,8.337429579078703,13.072426146461568,14.256175288307285,12359.211087062973,55890.06099452576,99420.91090198855,110303.62337885424
1787420411734,2.0,207.1787506331178,207.1787506331178,207.1787506331178,207.1787506331178,8.382630965091067,8.382630965091067,8.382630965091067,8.382630965091067,1.901345565888755,4.229209689892071,6.557073813895387,7.139039844896216,12329.123078550841,55704.80326455028,99080.48345054973,109924.40349704958
1787420411820,2.0,207.20959120990702,207.20959120990702,207.20959120990702,207.20959120990702,2.6725235969685257,2.6725235969685257,2.6725235969685257,2.6725235969685257,0.7484285161807249,1.3558623566638939,1.963296197147063,2.1151546572678552,12313.00902057859,55623.59998253759,98934.1909444966,109761.83868498635
1787420411911,2.0,211.39566331904774,211.39566331904774,211.39566331904774,211.39566331904774,46.15179785651667,46.15179785651667,46.15179785651667,46.15179785651667,16.991758682160523,26.385776241766052,35.77979380137158,38.12829819127296,12199.241890512687,55543.25599463051,98887.27009874834,109723.2736247778
1787420412001,2.0,215.53977889470258,215.53977889470258,215.53977889470258,215.53977889470258,46.72253511890854,46.72253511890854,46.72253511890854,46.72253511890854,19.2475379390904,30.853612762797937,42.459687586505474,45.36120629243236,12123.286292650562,55644.9098894443,99166.53348623804,110046.93938543648
1787420412091,2.0,223.6241301514206,223.6241301514206,223.6241301514206,223.6241301514206,100.31813934157802,100.31813934157802,100.31813934157802,100.31813934157802,12.872891170278487,50.838683633406184,88.80447609653389,98.29592421231581,11979.122238931386,55093.359158929205,98207.59607892703,108986.15530892648
1787420412182,2.0,230.42881517112323,230.42881517112323,230.42881517112323,230.42881517112323,88.57219500844396,88.57219500844396,88.57219500844396,88.57219500844396,13.944109177976973,47.837487838721295,81.73086649946562,90.2042111646517,11850.19281329323,54613.50856201659,97376.82431073996,108067.6532479208
1787420412272,2.0,233.00148988890544,233.00148988890544,233.00148988890544,233.00148988890544,33.706853248098675,33.706853248098675,33.706853248098675,33.706853248098675,5.1419372819926945,18.10110166666801,31.060266051343326,34.300057147512156,11823.02369222899,54513.29679012773,97203.56988802647,107876.13816250116
1787420412362,2.0,235.85660341926805,235.85660341926805,235.85660341926805,235.85660341926805,32.09531841259496,32.09531841259496,32.09531841259496,32.09531841259496,7.45165820342574,16.433465632319606,25.415273061213473,27.660724918436937,11877.791396519693,54667.75955675385,97457.72771698801,108155.21975704655
1787420412452,3.0,216.19223098967024,221.62955430554177,243.3788475690279,389.49055633780745,34.72647297568991,97.31911988122495,100.9500308521297,101.8577585948559,7.76234748460674,16.58503571583121,85.1896141923,102.34075881141719,4352.488979823702,16521.397043690085,90419.7562796697,108894.3460886646
1787420412534,3.0,211.4598661017089,219.1399154344073,249.8601127652009,392.59979612397535,35.412615965968456,58.835071520139486,79.86650711285398,85.1243660110326,10.923270410947412,23.6426588470169,69.69116973832153,81.20329746114768,4339.167860423773,16694.140306647867,91357.33340484202,110023.13167939056
1787420412616,3.0,209.65911246461786,218.1775620271195,252.2513602771261,393.680436090566,12.43265397207296,22.50036312163892,29.502890727012435,31.253522628355814,3.9760323851116164,7.499175888611385,25.210065870050464,29.63778836541023,4316.124467119947,16673.905783915892,91835.06970220395,110625.36068177596
1787420412708,2.0,198.55371897657014,198.55371897657014,198.55371897657014,198.55371897657014,125.07023207254677,125.07023207254677,125.07023207254677,125.07023207254677,22.42976521317837,71.77964250280564,121.12951979243293,133.46698911483975,26078.156866068766,63573.72724783979,101069.29762961082,110443.19022505358
1787420412799,2.0,269.922633594585,269.922633594585,269.922633594585,269.922633594585,94.7449207731981,94.7449207731981,94.7449207731981,94.7449207731981,17.328819900059496,52.47860220415504,87.62838450825058,96.41583008427446,12198.546624162142,55479.159342654515,98759.7720611469,109579.92524076998
1787420412874,1.0,7777777.0,7777777.0,7777777.0,7777777.0,0.0,0.0,0.0,0.0,100.99093976568174,100.99093976568174,100.99093976568174,100.99093976568174,110593.00214906782,110593.00214906782,110593.00214906782,110593.00214906782
1787420412965,1.0,7777777.0,7777777.0,7777777.0,7777777.0,0.0,0.0,0.0,0.0,175.56327231240522,175.56327231240522,175.56327231240522,175.56327231240522,109819.21923853643,109819.21923853643,109819.21923853643,109819.21923853643
1787420413057,2.0,258.08172353330895,258.08172353330895,258.08172353330895,258.08172353330895,63.66582272909731,63.66582272909731,63.66582272909731,63.66582272909731,6.366582272909731,31.832911364548654,57.299240456187576,63.66582272909731,15691.445858005156,57361.58915879065,99031.73245957615,109449.26828477252
1787420413140,1.0,7777777.0,7777777.0,7777777.0,7777777.0,0.0,0.0,0.0,0.0,76.29184323329169,76.29184323329169,76.29184323329169,76.29184323329169,110542.98791410588,110542.98791410588,110542.98791410588,110542.98791410588
1787420413230,1.0,7777777.0,7777777.0,7777777.0,7777777.0,0.0,0.0,0.0,0.0,200.95717313323087,200.95717313323087,200.95717313323087,200.95717313323087,111055.04122826736,111055.04122826736,111055.04122826736,111055.04122826736
1787420413321,1.0,7777777.0,7777777.0,7777777.0,7777777.0,0.0,0.0,0.0,0.0,100.83572352490114,100.83572352490114,100.83572352490114,100.83572352490114,109032.84592859447,109032.84592859447,109032.84592859447,109032.84592859447
1787420413410,1.0,7777777.0,7777777.0,7777777.0,7777777.0,0.0,0.0,0.0,0.0,35.57920489028009,35.57920489028009,35.57920489028009,35.57920489028009,108732.7938581258,108732.7938581258,108732.7938581258,108732.7938581258
1787420413501,1.0,7777777.0,7777777.0,7777777.0,7777777.0,0.0,0.0,0.0,0.0,48.36294917865442,48.36294917865442,48.36294917865442,48.36294917865442,107208.87801568955,107208.87801568955,107208.87801568955,107208.87801568955
1787420413594,1.0,7777777.0,7777777.0,7777777.0,7777777.0,0.0,0.0,0.0,0.0,324.3749449929907,324.3749449929907,324.3749449929907,324.3749449929907,105722.14758552611,105722.14758552611,105722.14758552611,105722.14758552611
1787420413677,1.0,7777777.0,7777777.0,7777777.0,7777777.0,0.0,0.0,0.0,0.0,166.3393449526035,166.3393449526035,166.3393449526035,166.3393449526035,104707.4922804609,104707.4922804609,104707.4922804609,104707.4922804609
1787420413750,1.0,7777777.0,7777777.0,7777777.0,7777777.0,0.0,0.0,0.0,0.0,65.7614809707858,65.7614809707858,65.7614809707858,65.7614809707858,104403.47252458334,104403.47252458334,104403.47252458334,104403.47252458334
1787420413832,1.0,7777777.0,7777777.0,7777777.0,7777777.0,0.0,0.0,0.0,0.0,125.09715470097605,125.09715470097605,125.09715470097605,125.09715470097605,104566.8476507999,104566.8476507999,104566.8476507999,104566.8476507999
1787420413915,1.0,7777777.0,7777777.0,7777777.0,7777777.0,0.0,0.0,0.0,0.0,169.4660476965248,169.4660476965248,169.4660476965248,169.4660476965248,104434.69023085572,104434.69023085572,104434.69023085572,104434.69023085572
1787420414006,1.0,7777777.0,7777777.0,7777777.0,7777777.0,0.0,0.0,0.0,0.0,31.94569911373758,31.94569911373758,31.94569911373758,31.94569911373758,104144.7529090643,104144.7529090643,104144.7529090643,104144.7529090643
1787420414098,1.0,7777777.0,7777777.0,7777777.0,7777777.0,0.0,0.0,0.0,0.0,4.844572054065983,4.844572054065983,4.844572054065983,4.844572054065983,104763.05244321004,104763.05244321004,104763.05244321004,104763.05244321004
1787420414190,1.0,7777777.0,7777777.0,7777777.0,7777777.0,0.0,0.0,0.0,0.0,2.9241405755601986,2.9241405755601986,2.9241405755601986,2.9241405755601986,105276.48599313572,105276.48599313572,105276.48599313572,105276.48599313572
1787420414280,1.0,7777777.0,7777777.0,7777777.0,7777777.0,0.0,0.0,0.0,0.0,30.685317662960536,30.685317662960536,30.685317662960536,30.685317662960536,104120.78837079182,104120.78837079182,104120.78837079182,104120.78837079182
1787420414362,1.0,7777777.0,7777777.0,7777777.0,7777777.0,0.0,0.0,0.0,0.0,40.18405597056476,40.18405597056476,40.18405597056476,40.18405597056476,99672.00863298029,99672.00863298029,99672.00863298029,99672.00863298029
1787420414451,2.0,130.35516931182434,130.35516931182434,130.35516931182434,130.35516931182434,23.69539108473697,23.69539108473697,23.69539108473697,23.69539108473697,2.3695391084736968,11.847695542368484,21.325851976263273,23.69539108473697,95753.62358984668,96403.98931492958,97054.35504001248,97216.94647128321
1787420414544,2.0,130.39340558984944,130.39340558984944,130.39340558984944,130.39340558984944,6.653308565565157,6.653308565565157,6.653308565565157,6.653308565565157,1.0955295144161545,3.3844575494100186,5.673385584403883,6.245617593152349,95652.03812173866,96123.53984776698,96595.0415737953,96712.91700530238
1787420414635,2.0,137.1368307418339,137.1368307418339,137.1368307418339,137.1368307418339,103.29456994300241,103.29456994300241,103.29456994300241,103.29456994300241,14.821058526745809,51.70394102837059,88.58682352999537,97.80754415540157,94824.08149410943,94828.45522382157,94832.82895353371,94833.92238596175
1787420414725,2.0,139.61321023724398,139.61321023724398,139.61321023724398,139.61321023724398,50.29525164795757,50.29525164795757,50.29525164795757,50.29525164795757,8.566828654955952,28.68427891741449,48.80172917987303,53.83109174548766,91863.30173683837,92984.35843003169,94105.415123225,94385.67929652333
1787420414807,2.0,142.10570550365932,142.10570550365932,142.10570550365932,142.10570550365932,61.49559187556708,61.49559187556708,61.49559187556708,61.49559187556708,28.78818624940917,52.2139764950509,75.63976674069264,81.49621430210307,89377.18374280259,92119.35316851363,94861.52259422466,95547.06495065242
1787420414897,3.0,0.8858870568665739,29.54047752988137,144.15883942194057,144.68962367609822,17.272653556252337,62.63728359937396,65.02705021111953,65.62449186405593,1.1862992090943867,5.931496045471933,53.68589270033913,65.62449186405593,87101.38570257723,95290.92028698698,96085.7873108305,96284.50406679139
1787420414988,3.0,0.8974328363562272,29.764029891090328,145.2304181100267,145.62836679022743,6.135411675583379,20.124153294991974,20.545863333832745,20.651290843542938,1.704129125401509,1.89393350368208,17.560950283787253,21.477704478813546,85924.83628926464,94934.19379402138,96228.31785125918,96551.84886556864
1787420415079,3.0,1.154919690285741,30.48359341178362,147.79828829777512,148.42548674896548,10.385723190275264,38.95809561528678,41.390740086729735,41.998901204590474,3.0548475391090144,4.046639884065367,33.0741718472946,40.331054838101906,84164.81390415877,94297.70607975125,95524.71334565878,95831.46516213566
1787420415170,3.0,0.9652001508390569,31.54129375868186,153.84566819005306,154.60462593544656,33.58573366073649,78.91528863998958,96.39253319811844,100.76184433765066,10.634986297174471,12.115641013760017,73.73031019382447,89.13397748884057,82596.73386295288,94357.06245108694,95294.8264330998,95529.26742860302
1787420415260,3.0,0.7928785269245862,32.07479729816629,157.20247238313308,157.7015985521106,23.301747348264925,40.77479267072352,54.859909792131845,58.38118907248392,9.34331664923207,9.923286321389012,40.89924540038999,48.64323517014022,81670.43412974066,94693.94842975773,95561.26481627114,95778.0939128995
1787420415351,3.0,1.4148101733408442,32.72368968388994,157.9592077260863,158.93191199536273,8.134445213858962,12.751311094677595,17.93734779787485,19.233856973674165,3.3662324004074935,3.7913300643831627,13.169171651263882,15.513632047984062,81293.46549021565,94854.09862563945,95677.40752636976,95883.23475155234
1787420415443,3.0,1.417434758991048,33.180898206523516,160.2347519966534,161.3114070890184,7.900464736964196,26.410901800388682,26.779734895617942,26.871943169425258,3.304346442225018,5.418173746027187,20.374555653499574,24.11365113036767,80578.85222172775,94407.62252035551,94720.5642351117,94798.79966380075
1787420415536,3.0,0.9556012646764706,33.190502284086904,162.13010636172865,162.8569602204603,7.185626299822099,16.06414033705161,20.021513566230528,21.010856873525256,7.754581786968256,9.3872552018325,13.200507992348367,14.153821189977334,79722.7134978231,93598.9133696258,93724.52238480747,93755.92463860288
1787420415608,3.0,0.8316916530510384,33.00840866578237,161.7152767167077,162.37502543936,8.728085498959405,18.626343733883207,23.499353831249614,24.717606355591215,2.6847615999989203,4.152409268487242,18.773832693156052,22.429188549323253,79755.18910314291,93519.98327174038,94334.7022208497,94538.38195812702
1787420415689,3.0,1.4826006024568366,33.40821113798211,161.1106532800832,162.27884999645656,1.934940061736388,7.759891129935696,7.998289493094023,8.057889083883605,0.4731402210326204,0.6359411251122674,6.069262815457437,7.427593238043729,79751.88249223083,93560.12309536338,94597.96901673079,94857.43049707264
1787420415773,3.0,1.976500834381377,33.62713799558763,160.22968664041264,161.71591767300646,6.876437773935105,7.048443583509219,12.467727571589768,13.822548568609903,2.7408633763142083,4.56515084948726,10.143255703178074,11.537781916600776,79899.54212572798,94128.8655978255,94728.87543032393,94878.87788844854
1787420415865,3.0,1.9358656973835437,33.31493867736127,158.83123059727217,160.26472713151992,4.675352145718501,20.103640628390025,20.263540622780845,20.303515621378548,0.48550978621504354,1.11001573175668,16.117638790610894,19.869544555324445,79610.46490674614,94522.37551238202,94869.10903502963,94955.79241569154
1787420415966,3.0,0.3315201640537752,31.558905101688925,156.46844485222954,156.68899565503003,19.043384817485173,24.94602843409584,38.84362871665604,42.31802878729609,6.989789890078301,12.542333086023053,26.34863395097858,29.800209167217464,80204.72304810435,94655.00195682049,95466.97107230723,95669.96335117891
1787420416057,3.0,1.4303806401758021,31.858646573649235,153.57171030754296,154.66822358577093,16.099758731884247,25.909900354271436,36.66682004028847,39.35604996179273,5.565014222616347,9.013129784808717,29.525077728965805,34.65306471500507,80450.97484210916,94084.96485659853,95185.35929157212,95460.45790031552
1787420416147,3.0,1.885324738146787,31.9986960820765,152.45218145779535,153.87127807573032,6.212932465283376,10.508000044427302,14.557185776894627,15.56948221001146,2.0801697982342446,3.4208913784548702,11.74377252782573,13.824492815168444,80617.37959955633,93935.01908206381,95101.3481597025,95392.93042911217
1787420416339,1.0,7777777.0,7777777.0,7777777.0,7777777.0,0.0,0.0,0.0,0.0,27.40530936761557,27.40530936761557,27.40530936761557,27.40530936761557,78715.58119101077,78715.58119101077,78715.58119101077,78715.58119101077
1787420416473,2.0,146.76504952282582,146.76504952282582,146.76504952282582,146.76504952282582,24.08329721156587,24.08329721156587,24.08329721156587,24.08329721156587,6.092364514266576,15.725551160205017,25.35873780614346,27.76703446762807,83279.57417595689,89258.78252830938,95237.99088066188,96732.79296875
1787420416555,3.0,0.7598253204605999,29.751784157390414,145.71961950510968,145.90722634358437,4.503146213188224,16.51939912996551,17.013955185619793,17.137594199533364,0.2998165967987805,1.4990829839939024,14.009891956425474,17.137594199533364,85575.17818295509,96033.50412921607,96743.65395084322,96921.19140625
1787420416646,3.0,0.6900536465446578,28.444961555897226,139.4645931933075,139.50999845706173,20.92427742635052,92.94886606759148,94.88667835465809,95.37113142642474,2.5359356056275777,2.9301502122038228,77.21311075875555,95.78385089539347,88310.2742288351,96258.31163028069,96918.05295105613,97082.98828125
1787420416737,3.0,0.531219482421875,28.066984081530343,138.2100424779642,138.45208771459727,7.736480107902402,23.56975290949605,26.496667174175393,27.228395740345228,1.598220215310112,4.092899668583526,22.94685471207795,27.660343472951556,91255.21768477261,96555.859375,97058.46875,97184.12109375
1787420416828,3.0,0.43780517578125,27.905655131516482,137.7770549544574,137.98190366012443,6.533743211558417,28.562592688973403,29.1408285364286,29.2853874982924,0.3441443810096154,0.7951338212568682,23.138152944921615,28.723907725837797,92241.68358974085,96689.140625,96947.859375,97012.5390625
1787420416919,3.0,0.430023193359375,28.464784791400774,140.60383118356637,140.8033875644737,6.529002521887451,32.30294744803616,32.3256506077225,32.331326397644084,1.7140147450206045,1.7824277773008241,26.70475753073427,32.93533996909263,94334.89768594205,96871.03515625,97042.55078125,97085.4296875
1787420417010,3.0,0.43359375,28.68896497108139,141.71044985540695,141.9109765907468,2.5777270053698773,12.731687482206528,12.741477615662284,12.743925149026222,0.5803034855769231,0.6116929945054945,10.470094269859747,12.93469458869831,95117.78714944534,96927.4609375,97073.5546875,97110.078125
1787420417102,3.0,0.31951904296875,28.247889110311213,139.96136937968106,140.11228159580588,7.00488639868418,30.064662122496987,30.31180059104835,30.37358520818619,0.8221833602241848,1.8141373344089675,24.788943871934258,30.53264550631558,95925.87333088368,97162.36328125,97217.83203125,97231.69921875
1787420417193,1.0,7777777.0,7777777.0,7777777.0,7777777.0,0.0,0.0,0.0,0.0,136.1368388261831,136.1368388261831,136.1368388261831,136.1368388261831,98840.47480528057,98840.47480528057,98840.47480528057,98840.47480528057
1787420417285,1.0,7777777.0,7777777.0,7777777.0,7777777.0,0.0,0.0,0.0,0.0,32.556086210466695,32.556086210466695,32.556086210466695,32.556086210466695,101565.26222767308,101565.26222767308,101565.26222767308,101565.26222767308
1787420417349,1.0,7777777.0,7777777.0,7777777.0,7777777.0,0.0,0.0,0.0,0.0,16.66027832422599,16.66027832422599,16.66027832422599,16.66027832422599,103018.72749781795,103018.72749781795,103018.72749781795,103018.72749781795
1787420417440,1.0,7777777.0,7777777.0,7777777.0,7777777.0,0.0,0.0,0.0,0.0,28.471608184497317,28.471608184497317,28.471608184497317,28.471608184497317,108648.16801025532,108648.16801025532,108648.16801025532,108648.16801025532
1787420417532,1.0,7777777.0,7777777.0,7777777.0,7777777.0,0.0,0.0,0.0,0.0,105.86764312877766,105.86764312877766,105.86764312877766,105.86764312877766,120921.70315551758,120921.70315551758,120921.70315551758,120921.70315551758
1787420417623,1.0,7777777.0,7777777.0,7777777.0,7777777.0,0.0,0.0,0.0,0.0,95.77928282966819,95.77928282966819,95.77928282966819,95.77928282966819,131953.34477516636,131953.34477516636,131953.34477516636,131953.34477516636
1787420417715,1.0,7777777.0,7777777.0,7777777.0,7777777.0,0.0,0.0,0.0,0.0,160.62622893378554,160.62622893378554,160.62622893378554,160.62622893378554,146131.06620194763,146131.06620194763,146131.06620194763,146131.06620194763
1787420417806,1.0,7777777.0,7777777.0,7777777.0,7777777.0,0.0,0.0,0.0,0.0,60.6591306163595,60.6591306163595,60.6591306163595,60.6591306163595,151617.36838030815,151617.36838030815,151617.36838030815,151617.36838030815
1787420417878,1.0,7777777.0,7777777.0,7777777.0,7777777.0,0.0,0.0,0.0,0.0,188.56966083184852,188.56966083184852,188.56966083184852,188.56966083184852,169212.7644091472,169212.7644091472,169212.7644091472,169212.7644091472
1787420417971,1.0,7777777.0,7777777.0,7777777.0,7777777.0,0.0,0.0,0.0,0.0,204.45337219778057,204.45337219778057,204.45337219778057,204.45337219778057,189673.55158072896,189673.55158072896,189673.55158072896,189673.55158072896
1787420418062,1.0,7777777.0,7777777.0,7777777.0,7777777.0,0.0,0.0,0.0,0.0,109.04903657815603,109.04903657815603,109.04903657815603,109.04903657815603,202254.34690743126,202254.34690743126,202254.34690743126,202254.34690743126
1787420418153,1.0,7777777.0,7777777.0,7777777.0,7777777.0,0.0,0.0,0.0,0.0,38.19560443215058,38.19560443215058,38.19560443215058,38.19560443215058,206171.0791476071,206171.0791476071,206171.0791476071,206171.0791476071
1787420418254,1.0,7777777.0,7777777.0,7777777.0,7777777.0,0.0,0.0,0.0,0.0,96.26708906032192,96.26708906032192,96.26708906032192,96.26708906032192,220573.8637068104,220573.8637068104,220573.8637068104,220573.8637068104
1787420418345,1.0,7777777.0,7777777.0,7777777.0,7777777.0,0.0,0.0,0.0,0.0,99.90925761290404,99.90925761290404,99.90925761290404,99.90925761290404,231733.43701390177,231733.43701390177,231733.43701390177,231733.43701390177
1787420418426,1.0,7777777.0,7777777.0,7777777.0,7777777.0,0.0,0.0,0.0,0.0,73.23861280033216,73.23861280033216,73.23861280033216,73.23861280033216,246885.84435303137,246885.84435303137,246885.84435303137,246885.84435303137
1787420418517,1.0,7777777.0,7777777.0,7777777.0,7777777.0,0.0,0.0,0.0,0.0,43.00726050680764,43.00726050680764,43.00726050680764,43.00726050680764,252212.8129645493,252212.8129645493,252212.8129645493,252212.8129645493
1787420418608,1.0,7777777.0,7777777.0,7777777.0,7777777.0,0.0,0.0,0.0,0.0,15.310968122770582,15.310968122770582,15.310968122770582,15.310968122770582,250984.97550372034,250984.97550372034,250984.97550372034,250984.97550372034
1787420418699,1.0,7777777.0,7777777.0,7777777.0,7777777.0,0.0,0.0,0.0,0.0,57.25755686024355,57.25755686024355,57.25755686024355,57.25755686024355,243696.38959430158,243696.38959430158,243696.38959430158,243696.38959430158
1787420418790,1.0,7777777.0,7777777.0,7777777.0,7777777.0,0.0,0.0,0.0,0.0,22.794148240867422,22.794148240867422,22.794148240867422,22.794148240867422,245774.8191161435,245774.8191161435,245774.8191161435,245774.8191161435
1787420418882,1.0,7777777.0,7777777.0,7777777.0,7777777.0,0.0,0.0,0.0,0.0,29.737436770615385,29.737436770615385,29.737436770615385,29.737436770615385,242190.15276360512,242190.15276360512,242190.15276360512,242190.15276360512
1787420418972,1.0,7777777.0,7777777.0,7777777.0,7777777.0,0.0,0.0,0.0,0.0,12.690912903548359,12.690912903548359,12.690912903548359,12.690912903548359,242229.10997446626,242229.10997446626,242229.10997446626,242229.10997446626
1787420419063,1.0,7777777.0,7777777.0,7777777.0,7777777.0,0.0,0.0,0.0,0.0,15.003734183434592,15.003734183434592,15.003734183434592,15.003734183434592,241357.8617878016,241357.8617878016,241357.8617878016,241357.8617878016
1787420419155,1.0,7777777.0,7777777.0,7777777.0,7777777.0,0.0,0.0,0.0,0.0,22.73657470669412,22.73657470669412,22.73657470669412,22.73657470669412,243368.4421970751,243368.4421970751,243368.4421970751,243368.4421970751
1787420419245,1.0,7777777.0,7777777.0,7777777.0,7777777.0,0.0,0.0,0.0,0.0,24.42397212080119,24.42397212080119,24.42397212080119,24.42397212080119,240555.76791834086,240555.76791834086,240555.76791834086,240555.76791834086
1787420419337,1.0,7777777.0,7777777.0,7777777.0,7777777.0,0.0,0.0,0.0,0.0,16.941292078377334,16.941292078377334,16.941292078377334,16.941292078377334,238798.49617540836,238798.49617540836,238798.49617540836,238798.49617540836
1787420419419,1.0,7777777.0,7777777.0,7777777.0,7777777.0,0.0,0.0,0.0,0.0,36.269912047107155,36.269912047107155,36.269912047107155,36.269912047107155,234884.16287945956,234884.16287945956,234884.16287945956,234884.16287945956
1787420419510,1.0,7777777.0,7777777.0,7777777.0,7777777.0,0.0,0.0,0.0,0.0,13.984537190811746,13.984537190811746,13.984537190811746,13.984537190811746,233734.86664096266,233734.86664096266,233734.86664096266,233734.86664096266
1787420419591,1.0,7777777.0,7777777.0,7777777.0,7777777.0,0.0,0.0,0.0,0.0,14.783819736094669,14.783819736094669,14.783819736094669,14.783819736094669,232480.19360846654,232480.19360846654,232480.19360846654,232480.19360846654
1787420419683,1.0,7777777.0,7777777.0,7777777.0,7777777.0,0.0,0.0,0.0,0.0,23.589690483526095,23.589690483526095,23.589690483526095,23.589690483526095,229658.16900512204,229658.16900512204,229658.16900512204,229658.16900512204
1787420419774,1.0,7777777.0,7777777.0,7777777.0,7777777.0,0.0,0.0,0.0,0.0,8.852076398302465,8.852076398302465,8.852076398302465,8.852076398302465,228694.28992872313,228694.28992872313,228694.28992872313,228694.28992872313
1787420419864,1.0,7777777.0,7777777.0,7777777.0,7777777.0,0.0,0.0,0.0,0.0,7.143475766758112,7.143475766758112,7.143475766758112,7.143475766758112,228032.0498612076,228032.0498612076,228032.0498612076,228032.0498612076
1787420419955,1.0,7777777.0,7777777.0,7777777.0,7777777.0,0.0,0.0,0.0,0.0,28.35286951697077,28.35286951697077,28.35286951697077,28.35286951697077,224539.2506013885,224539.2506013885,224539.2506013885,224539.2506013885
1787420420046,1.0,7777777.0,7777777.0,7777777.0,7777777.0,0.0,0.0,0.0,0.0,8.287906386595418,8.287906386595418,8.287906386595418,8.287906386595418,224972.08182942867,224972.08182942867,224972.08182942867,224972.08182942867
1787420420137,1.0,7777777.0,7777777.0,7777777.0,7777777.0,0.0,0.0,0.0,0.0,5.042661036628996,5.042661036628996,5.042661036628996,5.042661036628996,224928.80166255683,224928.80166255683,224928.80166255683,224928.80166255683
1787420420267,1.0,7777777.0,7777777.0,7777777.0,7777777.0,0.0,0.0,0.0,0.0,2.9907959642421194,2.9907959642421194,2.9907959642421194,2.9907959642421194,225100.86336409673,225100.86336409673,225100.86336409673,225100.86336409673
1787420420376,1.0,7777777.0,7777777.0,7777777.0,7777777.0,0.0,0.0,0.0,0.0,2.91316594858284,2.91316594858284,2.91316594858284,2.91316594858284,224989.05975870788,224989.05975870788,224989.05975870788,224989.05975870788
1787420420485,1.0,7777777.0,7777777.0,7777777.0,7777777.0,0.0,0.0,0.0,0.0,1.7180928691055501,1.7180928691055501,1.7180928691055501,1.7180928691055501,225058.01845420152,225058.01845420152,225058.01845420152,225058.01845420152
1787420420595,1.0,7777777.0,7777777.0,7777777.0,7777777.0,0.0,0.0,0.0,0.0,6.135930223292884,6.135930223292884,6.135930223292884,6.135930223292884,225741.68901129067,225741.68901129067,225741.68901129067,225741.68901129067
1787420420706,1.0,7777777.0,7777777.0,7777777.0,7777777.0,0.0,0.0,0.0,0.0,4.442750818530164,4.442750818530164,4.442750818530164,4.442750818530164,225646.24300879054,225646.24300879054,225646.24300879054,225646.24300879054
1787420420817,1.0,7777777.0,7777777.0,7777777.0,7777777.0,0.0,0.0,0.0,0.0,14.901240890239032,14.901240890239032,14.901240890239032,14.901240890239032,223424.49926697277,223424.49926697277,223424.49926697277,223424.49926697277
1787420420927,1.0,7777777.0,7777777.0,7777777.0,7777777.0,0.0,0.0,0.0,0.0,7.476359193937111,7.476359193937111,7.476359193937111,7.476359193937111,224371.2940651998,224371.2940651998,224371.2940651998,224371.2940651998
1787420421022,1.0,7777777.0,7777777.0,7777777.0,7777777.0,0.0,0.0,0.0,0.0,4.640584882961488,4.640584882961488,4.640584882961488,4.640584882961488,224464.830817217,224464.830817217,224464.830817217,224464.830817217
1787420421133,1.0,7777777.0,7777777.0,7777777.0,7777777.0,0.0,0.0,0.0,0.0,9.131570267435368,9.131570267435368,9.131570267435368,9.131570267435368,225768.52399403416,225768.52399403416,225768.52399403416,225768.52399403416
1787420421229,1.0,7777777.0,7777777.0,7777777.0,7777777.0,0.0,0.0,0.0,0.0,12.083589657063293,12.083589657063293,12.083589657063293,12.083589657063293,227256.26317773014,227256.26317773014,227256.26317773014,227256.26317773014
1787420421340,1.0,7777777.0,7777777.0,7777777.0,7777777.0,0.0,0.0,0.0,0.0,17.699253650534548,17.699253650534548,17.699253650534548,17.699253650534548,224654.82639671676,224654.82639671676,224654.82639671676,224654.82639671676
1787420421419,1.0,7777777.0,7777777.0,7777777.0,7777777.0,0.0,0.0,0.0,0.0,29.68052120431478,29.68052120431478,29.68052120431478,29.68052120431478,227679.25087115355,227679.25087115355,227679.25087115355,227679.25087115355
1787420421499,1.0,7777777.0,7777777.0,7777777.0,7777777.0,0.0,0.0,0.0,0.0,8.810195956629093,8.810195956629093,8.810195956629093,8.810195956629093,227126.32103367895,227126.32103367895,227126.32103367895,227126.32103367895
1787420421610,1.0,7777777.0,7777777.0,7777777.0,7777777.0,0.0,0.0,0.0,0.0,22.69130415274028,22.69130415274028,22.69130415274028,22.69130415274028,219119.10155612975,219119.10155612975,219119.10155612975,219119.10155612975
1787420421704,1.0,7777777.0,7777777.0,7777777.0,7777777.0,0.0,0.0,0.0,0.0,28.08536237627054,28.08536237627054,28.08536237627054,28.08536237627054,205168.27678577974,205168.27678577974,205168.27678577974,205168.27678577974
1787420421813,1.0,7777777.0,7777777.0,7777777.0,7777777.0,0.0,0.0,0.0,0.0,52.37163717768724,52.37163717768724,52.37163717768724,52.37163717768724,199334.79714414384,199334.79714414384,199334.79714414384,199334.79714414384
1787420421907,1.0,7777777.0,7777777.0,7777777.0,7777777.0,0.0,0.0,0.0,0.0,42.900472350097715,42.900472350097715,42.900472350097715,42.900472350097715,180265.60312848352,180265.60312848352,180265.60312848352,180265.60312848352
1787420422018,1.0,7777777.0,7777777.0,7777777.0,7777777.0,0.0,0.0,0.0,0.0,93.21579228939214,93.21579228939214,93.21579228939214,93.21579228939214,170405.58944064006,170405.58944064006,170405.58944064006,170405.58944064006
1787420422129,1.0,7777777.0,7777777.0,7777777.0,7777777.0,0.0,0.0,0.0,0.0,109.343513979901,109.343513979901,109.343513979901,109.343513979901,157204.8744721962,157204.8744721962,157204.8744721962,157204.8744721962
1787420422222,1.0,7777777.0,7777777.0,7777777.0,7777777.0,0.0,0.0,0.0,0.0,90.05246539532335,90.05246539532335,90.05246539532335,90.05246539532335,148385.6825215593,148385.6825215593,148385.6825215593,148385.6825215593
1787420422331,1.0,7777777.0,7777777.0,7777777.0,7777777.0,0.0,0.0,0.0,0.0,105.36466754830172,105.36466754830172,105.36466754830172,105.36466754830172,128881.2111783959,128881.2111783959,128881.2111783959,128881.2111783959
1787420422428,1.0,7777777.0,7777777.0,7777777.0,7777777.0,0.0,0.0,0.0,0.0,91.28681178979967,91.28681178979967,91.28681178979967,91.28681178979967,116966.27647714317,116966.27647714317,116966.27647714317,116966.27647714317
1787420422538,1.0,7777777.0,7777777.0,7777777.0,7777777.0,0.0,0.0,0.0,0.0,118.30103488114692,118.30103488114692,118.30103488114692,118.30103488114692,108638.58183682524,108638.58183682524,108638.58183682524,108638.58183682524
1787420422649,1.0,7777777.0,7777777.0,7777777.0,7777777.0,0.0,0.0,0.0,0.0,99.60719692346959,99.60719692346959,99.60719692346959,99.60719692346959,100189.4696582295,100189.4696582295,100189.4696582295,100189.4696582295
1787420422760,1.0,7777777.0,7777777.0,7777777.0,7777777.0,0.0,0.0,0.0,0.0,104.55177666160421,104.55177666160421,104.55177666160421,104.55177666160421,97941.00517907366,97941.00517907366,97941.00517907366,97941.00517907366
1787420422869,1.0,7777777.0,7777777.0,7777777.0,7777777.0,0.0,0.0,0.0,0.0,42.36958531779348,42.36958531779348,42.36958531779348,42.36958531779348,95080.14032525569,95080.14032525569,95080.14032525569,95080.14032525569
1787420422964,1.0,7777777.0,7777777.0,7777777.0,7777777.0,0.0,0.0,0.0,0.0,14.37961925870765,14.37961925870765,14.37961925870765,14.37961925870765,95333.55029913783,95333.55029913783,95333.55029913783,95333.55029913783
1787420423073,1.0,7777777.0,7777777.0,7777777.0,7777777.0,0.0,0.0,0.0,0.0,62.85938094218668,62.85938094218668,62.85938094218668,62.85938094218668,92062.4868041426,92062.4868041426,92062.4868041426,92062.4868041426
1787420423166,1.0,7777777.0,7777777.0,7777777.0,7777777.0,0.0,0.0,0.0,0.0,18.973427532357633,18.973427532357633,18.973427532357633,18.973427532357633,91522.14154751971,91522.14154751971,91522.14154751971,91522.14154751971
1787420423278,1.0,7777777.0,7777777.0,7777777.0,7777777.0,0.0,0.0,0.0,0.0,18.54270566260501,18.54270566260501,18.54270566260501,18.54270566260501,92379.96149101574,92379.96149101574,92379.96149101574,92379.96149101574
1787420423356,1.0,7777777.0,7777777.0,7777777.0,7777777.0,0.0,0.0,0.0,0.0,31.808474628865817,31.808474628865817,31.808474628865817,31.808474628865817,94228.4710513847,94228.4710513847,94228.4710513847,94228.4710513847
1787420423435,1.0,7777777.0,7777777.0,7777777.0,7777777.0,0.0,0.0,0.0,0.0,21.61375850200582,21.61375850200582,21.61375850200582,21.61375850200582,96174.09284002054,96174.09284002054,96174.09284002054,96174.09284002054
1787420423547,1.0,7777777.0,7777777.0,7777777.0,7777777.0,0.0,0.0,0.0,0.0,7.836964241803094,7.836964241803094,7.836964241803094,7.836964241803094,97555.12954476662,97555.12954476662,97555.12954476662,97555.12954476662
1787420423638,1.0,7777777.0,7777777.0,7777777.0,7777777.0,0.0,0.0,0.0,0.0,18.832148129304155,18.832148129304155,18.832148129304155,18.832148129304155,98253.12707935553,98253.12707935553,98253.12707935553,98253.12707935553
1787420423749,1.0,7777777.0,7777777.0,7777777.0,7777777.0,0.0,0.0,0.0,0.0,9.276681463732656,9.276681463732656,9.276681463732656,9.276681463732656,99071.63850875432,99071.63850875432,99071.63850875432,99071.63850875432
1787420423843,1.0,7777777.0,7777777.0,7777777.0,7777777.0,0.0,0.0,0.0,0.0,20.003912874943918,20.003912874943918,20.003912874943918,20.003912874943918,99294.98821460549,99294.98821460549,99294.98821460549,99294.98821460549
1787420423953,1.0,7777777.0,7777777.0,7777777.0,7777777.0,0.0,0.0,0.0,0.0,6.026457283848327,6.026457283848327,6.026457283848327,6.026457283848327,100275.67922732234,100275.67922732234,100275.67922732234,100275.67922732234
1787420424063,1.0,7777777.0,7777777.0,7777777.0,7777777.0,0.0,0.0,0.0,0.0,12.310862593059262,12.310862593059262,12.310862593059262,12.310862593059262,101377.45497141266,101377.45497141266,101377.45497141266,101377.45497141266
1787420424157,1.0,7777777.0,7777777.0,7777777.0,7777777.0,0.0,0.0,0.0,0.0,5.504621466163728,5.504621466163728,5.504621466163728,5.504621466163728,102159.80079364032,102159.80079364032,102159.80079364032,102159.80079364032
1787420424269,1.0,7777777.0,7777777.0,7777777.0,7777777.0,0.0,0.0,0.0,0.0,21.687721941435576,21.687721941435576,21.687721941435576,21.687721941435576,102599.9313504193,102599.9313504193,102599.9313504193,102599.9313504193
1787420424364,1.0,7777777.0,7777777.0,7777777.0,7777777.0,0.0,0.0,0.0,0.0,41.51527133811959,41.51527133811959,41.51527133811959,41.51527133811959,104192.18840724975,104192.18840724975,104192.18840724975,104192.18840724975
1787420424473,1.0,7777777.0,7777777.0,7777777.0,7777777.0,0.0,0.0,0.0,0.0,15.01944465856092,15.01944465856092,15.01944465856092,15.01944465856092,104906.80397449154,104906.80397449154,104906.80397449154,104906.80397449154
1787420424584,1.0,7777777.0,7777777.0,7777777.0,7777777.0,0.0,0.0,0.0,0.0,23.03411178767259,23.03411178767259,23.03411178767259,23.03411178767259,103935.24398161657,103935.24398161657,103935.24398161657,103935.24398161657
1787420424694,1.0,7777777.0,7777777.0,7777777.0,7777777.0,0.0,0.0,0.0,0.0,20.779865394309585,20.779865394309585,20.779865394309585,20.779865394309585,100660.37647266872,100660.37647266872,100660.37647266872,100660.37647266872
1787420424803,1.0,7777777.0,7777777.0,7777777.0,7777777.0,0.0,0.0,0.0,0.0,25.5548184638047,25.5548184638047,25.5548184638047,25.5548184638047,97711.21529306751,97711.21529306751,97711.21529306751,97711.21529306751
1787420424898,1.0,7777777.0,7777777.0,7777777.0,7777777.0,0.0,0.0,0.0,0.0,10.592185337282125,10.592185337282125,10.592185337282125,10.592185337282125,96994.62640163023,96994.62640163023,96994.62640163023,96994.62640163023
1787420425009,1.0,7777777.0,7777777.0,7777777.0,7777777.0,0.0,0.0,0.0,0.0,151.21521382941373,151.21521382941373,151.21521382941373,151.21521382941373,92810.96022227313,92810.96022227313,92810.96022227313,92810.96022227313
1787420425103,2.0,209.8528648753299,209.8528648753299,209.8528648753299,209.8528648753299,128.96713874942654,128.96713874942654,128.96713874942654,128.96713874942654,12.896713874942655,64.48356937471327,116.07042487448389,128.96713874942654,21804.837192322593,52664.72990309587,83524.62261386914,91239.59579156246
1787420425214,1.0,7777777.0,7777777.0,7777777.0,7777777.0,0.0,0.0,0.0,0.0,109.022417105272,109.022417105272,109.022417105272,109.022417105272,86114.88595688716,86114.88595688716,86114.88595688716,86114.88595688716
1787420425292,1.0,7777777.0,7777777.0,7777777.0,7777777.0,0.0,0.0,0.0,0.0,125.7332836280668,125.7332836280668,125.7332836280668,125.7332836280668,83198.90395534784,83198.90395534784,83198.90395534784,83198.90395534784
1787420425387,1.0,7777777.0,7777777.0,7777777.0,7777777.0,0.0,0.0,0.0,0.0,36.0499362111113,36.0499362111113,36.0499362111113,36.0499362111113,81953.75609804597,81953.75609804597,81953.75609804597,81953.75609804597
1787420425498,1.0,7777777.0,7777777.0,7777777.0,7777777.0,0.0,0.0,0.0,0.0,222.74207732972263,222.74207732972263,222.74207732972263,222.74207732972263,82898.70929937065,82898.70929937065,82898.70929937065,82898.70929937065
1787420425608,1.0,7777777.0,7777777.0,7777777.0,7777777.0,0.0,0.0,0.0,0.0,83.59806436123287,83.59806436123287,83.59806436123287,83.59806436123287,82067.27273435425,82067.27273435425,82067.27273435425,82067.27273435425
1787420425703,1.0,7777777.0,7777777.0,7777777.0,7777777.0,0.0,0.0,0.0,0.0,141.9460738405338,141.9460738405338,141.9460738405338,141.9460738405338,82900.3701053001,82900.3701053001,82900.3701053001,82900.3701053001
1787420425812,1.0,7777777.0,7777777.0,7777777.0,7777777.0,0.0,0.0,0.0,0.0,65.58103827126442,65.58103827126442,65.58103827126442,65.58103827126442,82549.66391295753,82549.66391295753,82549.66391295753,82549.66391295753
1787420425906,1.0,7777777.0,7777777.0,7777777.0,7777777.0,0.0,0.0,0.0,0.0,55.22424757386273,55.22424757386273,55.22424757386273,55.22424757386273,81965.45520698838,81965.45520698838,81965.45520698838,81965.45520698838
1787420426016,1.0,7777777.0,7777777.0,7777777.0,7777777.0,0.0,0.0,0.0,0.0,29.9126213536664,29.9126213536664,29.9126213536664,29.9126213536664,83313.1318101883,83313.1318101883,83313.1318101883,83313.1318101883
1787420426111,1.0,7777777.0,7777777.0,7777777.0,7777777.0,0.0,0.0,0.0,0.0,10.389438508414402,10.389438508414402,10.389438508414402,10.389438508414402,83592.60557093471,83592.60557093471,83592.60557093471,83592.60557093471
1787420426222,1.0,7777777.0,7777777.0,7777777.0,7777777.0,0.0,0.0,0.0,0.0,33.891072548216805,33.891072548216805,33.891072548216805,33.891072548216805,86437.12234994397,86437.12234994397,86437.12234994397,86437.12234994397
1787420426300,2.0,160.0925905093485,160.0925905093485,160.0925905093485,160.0925905093485,44.2065550628695,44.2065550628695,44.2065550628695,44.2065550628695,4.42065550628695,22.10327753143475,39.78589955658255,44.2065550628695,26627.878690340185,55262.98297091108,83898.08725148198,91056.8633216247
1787420426409,2.0,173.8059428274247,173.8059428274247,173.8059428274247,173.8059428274247,136.62987641156522,136.62987641156522,136.62987641156522,136.62987641156522,76.4240971039573,85.23884222858871,94.05358735322011,96.25727363437797,27518.218545358723,60319.803845864255,93121.3891463698,101321.78547149617
1787420426520,1.0,7777777.0,7777777.0,7777777.0,7777777.0,0.0,0.0,0.0,0.0,49.67373204588101,49.67373204588101,49.67373204588101,49.67373204588101,105283.96219598595,105283.96219598595,105283.96219598595,105283.96219598595
1787420426630,1.0,7777777.0,7777777.0,7777777.0,7777777.0,0.0,0.0,0.0,0.0,63.19803315668626,63.19803315668626,63.19803315668626,63.19803315668626,105909.84999594092,105909.84999594092,105909.84999594092,105909.84999594092
1787420426741,1.0,7777777.0,7777777.0,7777777.0,7777777.0,0.0,0.0,0.0,0.0,33.79968397202127,33.79968397202127,33.79968397202127,33.79968397202127,106447.10878870636,106447.10878870636,106447.10878870636,106447.10878870636
1787420426836,2.0,124.8431674928505,124.8431674928505,124.8431674928505,124.8431674928505,17.287462956003576,17.287462956003576,17.287462956003576,17.287462956003576,1.7287462956003576,8.643731478001788,15.558716660403219,17.287462956003576,32837.777234514244,65542.73659775499,98247.69596099574,106423.93580180593
1787420426946,1.0,7777777.0,7777777.0,7777777.0,7777777.0,0.0,0.0,0.0,0.0,245.70978005270433,245.70978005270433,245.70978005270433,245.70978005270433,94512.16886171978,94512.16886171978,94512.16886171978,94512.16886171978
1787420427041,1.0,7777777.0,7777777.0,7777777.0,7777777.0,0.0,0.0,0.0,0.0,338.2283628676927,338.2283628676927,338.2283628676927,338.2283628676927,85607.29134231806,85607.29134231806,85607.29134231806,85607.29134231806
1787420427151,1.0,7777777.0,7777777.0,7777777.0,7777777.0,0.0,0.0,0.0,0.0,316.5812282929392,316.5812282929392,316.5812282929392,316.5812282929392,76428.76491847448,76428.76491847448,76428.76491847448,76428.76491847448
1787420427262,1.0,7777777.0,7777777.0,7777777.0,7777777.0,0.0,0.0,0.0,0.0,227.15481800296718,227.15481800296718,227.15481800296718,227.15481800296718,75638.45535976533,75638.45535976533,75638.45535976533,75638.45535976533
1787420427348,1.0,7777777.0,7777777.0,7777777.0,7777777.0,0.0,0.0,0.0,0.0,154.5207827139949,154.5207827139949,154.5207827139949,154.5207827139949,75663.482415732,75663.482415732,75663.482415732,75663.482415732
1787420427431,1.0,7777777.0,7777777.0,7777777.0,7777777.0,0.0,0.0,0.0,0.0,86.29310775074048,86.29310775074048,86.29310775074048,86.29310775074048,82000.36987603549,82000.36987603549,82000.36987603549,82000.36987603549
1787420427523,2.0,166.02365453510896,166.02365453510896,166.02365453510896,166.02365453510896,84.18441192212185,84.18441192212185,84.18441192212185,84.18441192212185,13.560723277684396,43.76712167225002,73.97352006681565,81.52511966545705,16742.729899917544,45613.86863666028,74485.00737340302,81702.7920575887
1787420427614,1.0,7777777.0,7777777.0,7777777.0,7777777.0,0.0,0.0,0.0,0.0,143.9895105263613,143.9895105263613,143.9895105263613,143.9895105263613,87275.96422013827,87275.96422013827,87275.96422013827,87275.96422013827
1787420427704,2.0,151.0101462099363,151.0101462099363,151.0101462099363,151.0101462099363,108.36524425094227,108.36524425094227,108.36524425094227,108.36524425094227,10.836524425094227,54.182622125471134,97.52871982584804,108.36524425094227,93921.11675989325,94191.45801557018,94461.79927124712,94529.38458516635
1787420427796,2.0,155.70249252096372,155.70249252096372,155.70249252096372,155.70249252096372,86.84273220544068,86.84273220544068,86.84273220544068,86.84273220544068,20.637603512942164,50.7576245493917,80.87764558584124,88.40765084495362,95089.14794267267,98705.24116853625,102321.33439439982,103225.35770086572
1787420427889,2.0,157.62104721737327,157.62104721737327,157.62104721737327,157.62104721737327,32.82323502171808,32.82323502171808,32.82323502171808,32.82323502171808,7.190914779981524,18.74884344606697,30.306772112152423,33.196254278673784,95258.77215059195,99950.32633627672,104641.88052196149,105814.76906838268
1787420427962,2.0,160.0960417361529,160.0960417361529,160.0960417361529,160.0960417361529,67.51600588950943,67.51600588950943,67.51600588950943,67.51600588950943,17.710683951994163,41.86839325846215,66.02610256493014,72.06552989154713,96289.17045784071,103073.49111602083,109857.81177420095,111553.89193874598
1787420428044,1.0,7777777.0,7777777.0,7777777.0,7777777.0,0.0,0.0,0.0,0.0,42.118134696024136,42.118134696024136,42.118134696024136,42.118134696024136,113571.72719243914,113571.72719243914,113571.72719243914,113571.72719243914
1787420428135,2.0,162.88840970490642,162.88840970490642,162.88840970490642,162.88840970490642,35.326113893086784,35.326113893086784,35.326113893086784,35.326113893086784,20.582339971944858,27.308211497750975,34.03408302355709,35.71555090500862,97014.79586382284,105485.02604313567,113955.2562224485,116072.8137672767
1787420428227,2.0,164.26784971994124,164.26784971994124,164.26784971994124,164.26784971994124,15.260322973242879,15.260322973242879,15.260322973242879,15.260322973242879,8.748797603298476,14.169907073477596,19.591016543656714,20.946293911201494,97130.290362514,105624.6815918358,114119.0728211576,116242.67062848806
1787420428318,1.0,7777777.0,7777777.0,7777777.0,7777777.0,0.0,0.0,0.0,0.0,32.19816978596538,32.19816978596538,32.19816978596538,32.19816978596538,115085.7252657935,115085.7252657935,115085.7252657935,115085.7252657935
1787420428407,2.0,162.53530005775298,162.53530005775298,162.53530005775298,162.53530005775298,20.11053314954837,20.11053314954837,20.11053314954837,20.11053314954837,3.191448293032834,10.06956363845145,16.947678983870066,18.66720782022472,96826.14677079767,104224.41088896245,111622.67500712723,113472.24103666842
1787420428499,2.0,163.27384590924035,163.27384590924035,163.27384590924035,163.27384590924035,8.701379709719184,8.701379709719184,8.701379709719184,8.701379709719184,12.77080022186316,15.763065027286704,18.755329832710245,19.50339603406613,96343.24266767669,102967.58205223177,109591.92143678684,111248.0062829256
1787420428590,3.0,0.5498509836439246,33.78607877016888,166.7309899162687,166.97017046069973,15.577868340849367,51.49016469838813,56.723113215543016,58.031350344831736,1.3199588502929358,6.599794251464679,42.51209060900344,51.49016469838813,94943.54442542791,96123.41796875,106490.30438055992,109082.0259835124
1787420428680,3.0,0.7764137026209751,34.19568209841671,167.87275568159964,168.26441987385368,5.801946054786952,18.53250102873206,20.605285118125003,21.12348114047324,0.5554720665222738,2.6227379367780355,15.352919559367198,18.535464965014487,94996.74700649083,96188.0078125,104766.4434678264,106911.052381658
1787420428761,3.0,1.0763007509151172,34.708756955843484,169.23858177555695,169.9193646931725,7.480994431955207,19.465266727295127,22.869062170093805,23.720011030793476,1.742321064286051,4.561810113320406,16.824156414711833,19.88974299005969,94661.11460077763,96098.93315456808,103022.98034841343,104753.99214687478
1787420428842,3.0,0.8588056959849556,34.60727576338582,169.60115603298928,170.21609971498242,5.562606934424094,13.81050913849357,16.60743913675012,17.306671636314256,1.5081710214179205,3.0509282923623218,13.961467007430663,16.68910168619775,94638.86981863827,96191.2892768085,101922.01158563941,103354.69216284715
1787420428934,3.0,1.5191226059783458,35.23489497982927,170.09798447523295,171.0906738118076,7.115629458694114,7.435357479181859,13.043119246241698,14.445059688006658,3.9310364252839736,4.270163053853516,9.62377508158371,10.962178088516259,94444.40441853106,95841.02452484518,100739.73820899279,101964.41663002968
1787420429027,3.0,1.7689982871094112,35.45234054951259,170.1857095991253,171.32133608103885,1.8281216342521418,2.724852632036835,3.999591138617258,4.318275765262364,1.4747799939950024,1.4834803872443327,2.7379363575567006,3.0515503501347925,94427.53538841083,95719.60843329504,99568.19641376808,100530.34340888634
1787420429118,3.0,1.999255891533553,35.716526951743774,170.58561119258465,171.86636528600033,3.4282347181343304,7.007267818157996,9.004713463564814,9.504074874916519,2.58986765560496,4.5667482441001,4.863249388070606,4.937374674063232,94772.55848014801,95885.80096073449,98703.52103642598,99407.95105534885
1787420429210,3.0,1.9542682286857809,35.748647980284055,170.92616698667712,172.23238216804663,1.855845270105104,3.7114801964562427,4.098658283189724,4.195452804873094,0.6765870863385263,1.6646221148000506,3.5447450352705734,4.014775765388204,94701.33872159645,96023.57369270548,97317.12792204767,97640.51647938322
1787420429300,3.0,1.8088153897437158,35.66726384329319,171.1010576574911,172.28029324321267,2.7069180628946605,6.266034017478912,6.677731975863458,6.780656465459595,0.9332290792695443,1.2922966470754007,5.084869807429657,6.033013097518221,94922.48745264113,96061.12268127501,97020.40150213242,97260.22120734677
1787420429392,3.0,1.3529181809787565,35.188021839088044,170.5284364715252,171.37474116266947,6.762597282265002,13.728003936520777,17.194827699510345,18.061533640257736,2.204347742646957,4.709381831993803,12.988003261422364,15.057658618779502,95152.23602244258,95348.8688492775,96067.6892058149,96247.39429494925
1787420429483,3.0,1.2262266167649345,35.02320289633504,170.2111080146155,170.95818910516226,2.451862219300356,6.453709296448605,7.449539395489424,7.698496920249629,0.7650814201519366,1.7863523507903711,5.538073944901554,6.4760043434293495,94211.26395626254,95632.47941220738,96169.39326504059,96303.6217282489
1787420429555,3.0,2.388278471833105,35.28628776153392,166.87832492033718,168.76897539742188,26.768749245377634,49.62550734686222,56.58707025016388,58.3274609759893,13.040442940164143,18.190451048706993,52.419965014480546,60.97734350592393,95247.77290139868,95696.17569977418,97243.03201495484,97629.74609375
1787420429637,1.0,7777777.0,7777777.0,7777777.0,7777777.0,0.0,0.0,0.0,0.0,54.97759970882891,54.97759970882891,54.97759970882891,54.97759970882891,95827.93408152461,95827.93408152461,95827.93408152461,95827.93408152461
1787420429729,1.0,7777777.0,7777777.0,7777777.0,7777777.0,0.0,0.0,0.0,0.0,89.55768264843843,89.55768264843843,89.55768264843843,89.55768264843843,96486.29355398938,96486.29355398938,96486.29355398938,96486.29355398938
1787420429819,1.0,7777777.0,7777777.0,7777777.0,7777777.0,0.0,0.0,0.0,0.0,34.72268518993562,34.72268518993562,34.72268518993562,34.72268518993562,96414.4800319951,96414.4800319951,96414.4800319951,96414.4800319951
1787420429902,1.0,7777777.0,7777777.0,7777777.0,7777777.0,0.0,0.0,0.0,0.0,61.46492760847124,61.46492760847124,61.46492760847124,61.46492760847124,97385.73708417453,97385.73708417453,97385.73708417453,97385.73708417453
1787420429975,2.0,156.04376542438845,156.04376542438845,156.04376542438845,156.04376542438845,62.944336564472756,62.944336564472756,62.944336564472756,62.944336564472756,10.91034731794809,36.085683201524525,61.26101908510096,67.55485305599507,95129.42306650049,95961.57498508273,96793.72690366497,97001.76488331053
1787420430076,1.0,7777777.0,7777777.0,7777777.0,7777777.0,0.0,0.0,0.0,0.0,72.37862589207808,72.37862589207808,72.37862589207808,72.37862589207808,94327.98201534059,94327.98201534059,94327.98201534059,94327.98201534059
1787420430176,1.0,7777777.0,7777777.0,7777777.0,7777777.0,0.0,0.0,0.0,0.0,27.10784050971188,27.10784050971188,27.10784050971188,27.10784050971188,93067.78354857583,93067.78354857583,93067.78354857583,93067.78354857583
1787420430266,1.0,7777777.0,7777777.0,7777777.0,7777777.0,0.0,0.0,0.0,0.0,287.3786366561774,287.3786366561774,287.3786366561774,287.3786366561774,91749.20280613936,91749.20280613936,91749.20280613936,91749.20280613936
1787420430358,2.0,125.90431243382055,125.90431243382055,125.90431243382055,125.90431243382055,59.33882254693338,59.33882254693338,59.33882254693338,59.33882254693338,6.7325786301291135,30.193382875838758,53.654187121548404,59.51938818297581,90276.80507367756,92640.08062713873,95003.35618059989,95594.17506896518
1787420430439,1.0,7777777.0,7777777.0,7777777.0,7777777.0,0.0,0.0,0.0,0.0,24.074937276522064,24.074937276522064,24.074937276522064,24.074937276522064,89871.14629840851,89871.14629840851,89871.14629840851,89871.14629840851
1787420430530,1.0,7777777.0,7777777.0,7777777.0,7777777.0,0.0,0.0,0.0,0.0,48.26918387981754,48.26918387981754,48.26918387981754,48.26918387981754,91045.38057776727,91045.38057776727,91045.38057776727,91045.38057776727
1787420430620,1.0,7777777.0,7777777.0,7777777.0,7777777.0,0.0,0.0,0.0,0.0,19.83445569405153,19.83445569405153,19.83445569405153,19.83445569405153,92260.24404207617,92260.24404207617,92260.24404207617,92260.24404207617
1787420430693,1.0,7777777.0,7777777.0,7777777.0,7777777.0,0.0,0.0,0.0,0.0,16.54466646837978,16.54466646837978,16.54466646837978,16.54466646837978,92254.81747165509,92254.81747165509,92254.81747165509,92254.81747165509
1787420430775,1.0,7777777.0,7777777.0,7777777.0,7777777.0,0.0,0.0,0.0,0.0,19.218694688189164,19.218694688189164,19.218694688189164,19.218694688189164,91061.54891851544,91061.54891851544,91061.54891851544,91061.54891851544
1787420430864,1.0,7777777.0,7777777.0,7777777.0,7777777.0,0.0,0.0,0.0,0.0,52.49596802325163,52.49596802325163,52.49596802325163,52.49596802325163,92929.28220409155,92929.28220409155,92929.28220409155,92929.28220409155
1787420430964,1.0,7777777.0,7777777.0,7777777.0,7777777.0,0.0,0.0,0.0,0.0,17.002891372765447,17.002891372765447,17.002891372765447,17.002891372765447,93801.71236688644,93801.71236688644,93801.71236688644,93801.71236688644
1787420431055,2.0,129.95367476905062,129.95367476905062,129.95367476905062,129.95367476905062,86.43622824122741,86.43622824122741,86.43622824122741,86.43622824122741,8.830044388302438,43.356122150461964,77.8821999126215,86.51371935316138,94335.73522627987,94972.88414742239,95610.03306856491,95769.32029885054
1787420431146,1.0,7777777.0,7777777.0,7777777.0,7777777.0,0.0,0.0,0.0,0.0,130.57934398958673,130.57934398958673,130.57934398958673,130.57934398958673,98328.02088322956,98328.02088322956,98328.02088322956,98328.02088322956
1787420431237,1.0,7777777.0,7777777.0,7777777.0,7777777.0,0.0,0.0,0.0,0.0,91.80690089873464,91.80690089873464,91.80690089873464,91.80690089873464,101424.27359603718,101424.27359603718,101424.27359603718,101424.27359603718
1787420431534,1.0,7777777.0,7777777.0,7777777.0,7777777.0,0.0,0.0,0.0,0.0,87.14682200305558,87.14682200305558,87.14682200305558,87.14682200305558,101057.06082264334,101057.06082264334,101057.06082264334,101057.06082264334
1787420431633,1.0,7777777.0,7777777.0,7777777.0,7777777.0,0.0,0.0,0.0,0.0,98.75358785984949,98.75358785984949,98.75358785984949,98.75358785984949,100314.30996078253,100314.30996078253,100314.30996078253,100314.30996078253
1787420431741,1.0,7777777.0,7777777.0,7777777.0,7777777.0,0.0,0.0,0.0,0.0,186.19289278982768,186.19289278982768,186.19289278982768,186.19289278982768,98290.8260005787,98290.8260005787,98290.8260005787,98290.8260005787
1787420431859,1.0,7777777.0,7777777.0,7777777.0,7777777.0,0.0,0.0,0.0,0.0,131.15949864296365,131.15949864296365,131.15949864296365,131.15949864296365,99452.12639471237,99452.12639471237,99452.12639471237,99452.12639471237
1787420431959,1.0,7777777.0,7777777.0,7777777.0,7777777.0,0.0,0.0,0.0,0.0,219.84594133816958,219.84594133816958,219.84594133816958,219.84594133816958,100942.58773347735,100942.58773347735,100942.58773347735,100942.58773347735
1787420432041,1.0,7777777.0,7777777.0,7777777.0,7777777.0,0.0,0.0,0.0,0.0,149.23016682849197,149.23016682849197,149.23016682849197,149.23016682849197,101666.87630948983,101666.87630948983,101666.87630948983,101666.87630948983
1787420432132,1.0,7777777.0,7777777.0,7777777.0,7777777.0,0.0,0.0,0.0,0.0,137.3323685481222,137.3323685481222,137.3323685481222,137.3323685481222,102297.56651022937,102297.56651022937,102297.56651022937,102297.56651022937
1787420432221,1.0,7777777.0,7777777.0,7777777.0,7777777.0,0.0,0.0,0.0,0.0,49.3095687522731,49.3095687522731,49.3095687522731,49.3095687522731,101807.86725220084,101807.86725220084,101807.86725220084,101807.86725220084
1787420432311,1.0,7777777.0,7777777.0,7777777.0,7777777.0,0.0,0.0,0.0,0.0,82.01232868262849,82.01232868262849,82.01232868262849,82.01232868262849,101913.895131886,101913.895131886,101913.895131886,101913.895131886
1787420432402,1.0,7777777.0,7777777.0,7777777.0,7777777.0,0.0,0.0,0.0,0.0,114.81352767477911,114.81352767477911,114.81352767477911,114.81352767477911,103383.87881946191,103383.87881946191,103383.87881946191,103383.87881946191
1787420432485,1.0,7777777.0,7777777.0,7777777.0,7777777.0,0.0,0.0,0.0,0.0,53.96435036212672,53.96435036212672,53.96435036212672,53.96435036212672,103118.17559060175,103118.17559060175,103118.17559060175,103118.17559060175
1787420432566,1.0,7777777.0,7777777.0,7777777.0,7777777.0,0.0,0.0,0.0,0.0,16.546818841912437,16.546818841912437,16.546818841912437,16.546818841912437,102584.34856153931,102584.34856153931,102584.34856153931,102584.34856153931
1787420432658,1.0,7777777.0,7777777.0,7777777.0,7777777.0,0.0,0.0,0.0,0.0,14.120304761611262,14.120304761611262,14.120304761611262,14.120304761611262,104212.68842363358,104212.68842363358,104212.68842363358,104212.68842363358
1787420432748,3.0,184.00606326821065,194.13766053040618,234.66404957918826,330.5339226936195,12.003450498670704,60.01725249335352,60.01725249335352,60.01725249335352,0.0,0.0,48.013801994682815,60.01725249335352,2343.9868063360454,6751.822097478434,87216.4351761695,107332.58844584227
1787420432838,3.0,180.18713319207416,191.81807757594086,238.3418551114077,332.8510067675304,43.75592325565097,48.595265732296696,55.444563568858285,57.15688802799868,17.858454195996607,42.58553036915944,46.09242820711271,46.969152666601026,2054.1156712776515,5769.268453639932,86684.59415434692,106913.42557952367
1787420432928,1.0,7777777.0,7777777.0,7777777.0,7777777.0,0.0,0.0,0.0,0.0,92.24688888958237,92.24688888958237,92.24688888958237,92.24688888958237,104292.42324073613,104292.42324073613,104292.42324073613,104292.42324073613
1787420433020,1.0,7777777.0,7777777.0,7777777.0,7777777.0,0.0,0.0,0.0,0.0,36.52215849399229,36.52215849399229,36.52215849399229,36.52215849399229,103243.84046137892,103243.84046137892,103243.84046137892,103243.84046137892
1787420433109,1.0,7777777.0,7777777.0,7777777.0,7777777.0,0.0,0.0,0.0,0.0,111.63223082536356,111.63223082536356,111.63223082536356,111.63223082536356,104598.61867487896,104598.61867487896,104598.61867487896,104598.61867487896
1787420433191,2.0,276.1567481455333,276.1567481455333,276.1567481455333,276.1567481455333,240.91121698884308,240.91121698884308,240.91121698884308,240.91121698884308,25.609730866479495,121.4619560434276,217.31418122037573,241.27723751461275,12375.056535269065,57808.04895322176,103241.04137117446,114599.28947566263
1787420433282,1.0,7777777.0,7777777.0,7777777.0,7777777.0,0.0,0.0,0.0,0.0,84.90261864304782,84.90261864304782,84.90261864304782,84.90261864304782,117107.84804777056,117107.84804777056,117107.84804777056,117107.84804777056
1787420433364,1.0,7777777.0,7777777.0,7777777.0,7777777.0,0.0,0.0,0.0,0.0,36.168430784556236,36.168430784556236,36.168430784556236,36.168430784556236,118508.08023093641,118508.08023093641,118508.08023093641,118508.08023093641
1787420433444,1.0,7777777.0,7777777.0,7777777.0,7777777.0,0.0,0.0,0.0,0.0,211.81020441339643,211.81020441339643,211.81020441339643,211.81020441339643,133105.94129290804,133105.94129290804,133105.94129290804,133105.94129290804
1787420433539,1.0,7777777.0,7777777.0,7777777.0,7777777.0,0.0,0.0,0.0,0.0,113.44095436653397,113.44095436653397,113.44095436653397,113.44095436653397,154780.59712613001,154780.59712613001,154780.59712613001,154780.59712613001
1787420433628,1.0,7777777.0,7777777.0,7777777.0,7777777.0,0.0,0.0,0.0,0.0,111.90314505444238,111.90314505444238,111.90314505444238,111.90314505444238,182280.7196882218,182280.7196882218,182280.7196882218,182280.7196882218
1787420433732,1.0,7777777.0,7777777.0,7777777.0,7777777.0,0.0,0.0,0.0,0.0,127.7367429879164,127.7367429879164,127.7367429879164,127.7367429879164,190497.58013770916,190497.58013770916,190497.58013770916,190497.58013770916
1787420433845,1.0,7777777.0,7777777.0,7777777.0,7777777.0,0.0,0.0,0.0,0.0,43.733110929399324,43.733110929399324,43.733110929399324,43.733110929399324,191329.84681585617,191329.84681585617,191329.84681585617,191329.84681585617
1787420433950,1.0,7777777.0,7777777.0,7777777.0,7777777.0,0.0,0.0,0.0,0.0,133.4369809788985,133.4369809788985,133.4369809788985,133.4369809788985,190513.50435954332,190513.50435954332,190513.50435954332,190513.50435954332
1787420434054,1.0,7777777.0,7777777.0,7777777.0,7777777.0,0.0,0.0,0.0,0.0,34.31054210065163,34.31054210065163,34.31054210065163,34.31054210065163,184424.21780300327,184424.21780300327,184424.21780300327,184424.21780300327
1787420434162,1.0,7777777.0,7777777.0,7777777.0,7777777.0,0.0,0.0,0.0,0.0,69.11905626444369,69.11905626444369,69.11905626444369,69.11905626444369,189618.33125671372,189618.33125671372,189618.33125671372,189618.33125671372
1787420434253,1.0,7777777.0,7777777.0,7777777.0,7777777.0,0.0,0.0,0.0,0.0,127.95184142258871,127.95184142258871,127.95184142258871,127.95184142258871,197771.6507955026,197771.6507955026,197771.6507955026,197771.6507955026
1787420434384,1.0,7777777.0,7777777.0,7777777.0,7777777.0,0.0,0.0,0.0,0.0,83.30595568688291,83.30595568688291,83.30595568688291,83.30595568688291,200841.8592392467,200841.8592392467,200841.8592392467,200841.8592392467
1787420434494,1.0,7777777.0,7777777.0,7777777.0,7777777.0,0.0,0.0,0.0,0.0,171.25020595360988,171.25020595360988,171.25020595360988,171.25020595360988,196098.62746834662,196098.62746834662,196098.62746834662,196098.62746834662
1787420434595,1.0,7777777.0,7777777.0,7777777.0,7777777.0,0.0,0.0,0.0,0.0,265.68040365422735,265.68040365422735,265.68040365422735,265.68040365422735,197422.975657247,197422.975657247,197422.975657247,197422.975657247
1787420434698,1.0,7777777.0,7777777.0,7777777.0,7777777.0,0.0,0.0,0.0,0.0,96.7188075929844,96.7188075929844,96.7188075929844,96.7188075929844,196770.12600248493,196770.12600248493,196770.12600248493,196770.12600248493
1787420434789,1.0,7777777.0,7777777.0,7777777.0,7777777.0,0.0,0.0,0.0,0.0,77.42664715237892,77.42664715237892,77.42664715237892,77.42664715237892,193470.8835561052,193470.8835561052,193470.8835561052,193470.8835561052
1787420434908,1.0,7777777.0,7777777.0,7777777.0,7777777.0,0.0,0.0,0.0,0.0,87.87470868047215,87.87470868047215,87.87470868047215,87.87470868047215,191430.09652532637,191430.09652532637,191430.09652532637,191430.09652532637
1787420435014,1.0,7777777.0,7777777.0,7777777.0,7777777.0,0.0,0.0,0.0,0.0,149.50611619829635,149.50611619829635,149.50611619829635,149.50611619829635,189744.05730973557,189744.05730973557,189744.05730973557,189744.05730973557
1787420435122,1.0,7777777.0,7777777.0,7777777.0,7777777.0,0.0,0.0,0.0,0.0,80.49642461730822,80.49642461730822,80.49642461730822,80.49642461730822,191119.30357459188,191119.30357459188,191119.30357459188,191119.30357459188
1787420435226,1.0,7777777.0,7777777.0,7777777.0,7777777.0,0.0,0.0,0.0,0.0,61.78670745502933,61.78670745502933,61.78670745502933,61.78670745502933,190923.1139768958,190923.1139768958,190923.1139768958,190923.1139768958
1787420435310,2.0,85.2231099881724,85.2231099881724,85.2231099881724,85.2231099881724,22.394078968663674,22.394078968663674,22.394078968663674,22.394078968663674,2.2394078968663673,11.197039484331837,20.154671071797306,22.394078968663674,114986.71613645219,148211.89858157,181437.08102668784,189743.3766379673
1787420435429,1.0,7777777.0,7777777.0,7777777.0,7777777.0,0.0,0.0,0.0,0.0,16.253114643495035,16.253114643495035,16.253114643495035,16.253114643495035,187105.99531164765,187105.99531164765,187105.99531164765,187105.99531164765
1787420435521,1.0,7777777.0,7777777.0,7777777.0,7777777.0,0.0,0.0,0.0,0.0,59.22920359239486,59.22920359239486,59.22920359239486,59.22920359239486,187119.29623246752,187119.29623246752,187119.29623246752,187119.29623246752
1787420435631,1.0,7777777.0,7777777.0,7777777.0,7777777.0,0.0,0.0,0.0,0.0,47.67460105050226,47.67460105050226,47.67460105050226,47.67460105050226,185383.63076013327,185383.63076013327,185383.63076013327,185383.63076013327
1787420435715,2.0,176.41145756634998,176.41145756634998,176.41145756634998,176.41145756634998,13.170725953487514,13.170725953487514,13.170725953487514,13.170725953487514,1.3170725953487514,6.585362976743757,11.853653358138763,13.170725953487514,158198.20290807384,169832.7787999683,181467.35469186277,184375.9986648364
1787420435820,1.0,7777777.0,7777777.0,7777777.0,7777777.0,0.0,0.0,0.0,0.0,49.35740885602015,49.35740885602015,49.35740885602015,49.35740885602015,188872.54424147867,188872.54424147867,188872.54424147867,188872.54424147867
1787420435918,1.0,7777777.0,7777777.0,7777777.0,7777777.0,0.0,0.0,0.0,0.0,20.698070431101236,20.698070431101236,20.698070431101236,20.698070431101236,190101.2894556122,190101.2894556122,190101.2894556122,190101.2894556122
1787420436025,1.0,7777777.0,7777777.0,7777777.0,7777777.0,0.0,0.0,0.0,0.0,69.00557793000688,69.00557793000688,69.00557793000688,69.00557793000688,184114.0156537369,184114.0156537369,184114.0156537369,184114.0156537369
1787420436108,1.0,7777777.0,7777777.0,7777777.0,7777777.0,0.0,0.0,0.0,0.0,273.0619398424955,273.0619398424955,273.0619398424955,273.0619398424955,184137.1670269966,184137.1670269966,184137.1670269966,184137.1670269966
1787420436189,1.0,7777777.0,7777777.0,7777777.0,7777777.0,0.0,0.0,0.0,0.0,87.99572242564938,87.99572242564938,87.99572242564938,87.99572242564938,181493.23882327974,181493.23882327974,181493.23882327974,181493.23882327974
1787420436297,1.0,7777777.0,7777777.0,7777777.0,7777777.0,0.0,0.0,0.0,0.0,177.34625815931642,177.34625815931642,177.34625815931642,177.34625815931642,181742.14199790359,181742.14199790359,181742.14199790359,181742.14199790359
1787420436425,1.0,7777777.0,7777777.0,7777777.0,7777777.0,0.0,0.0,0.0,0.0,134.95343167694492,134.95343167694492,134.95343167694492,134.95343167694492,174067.2217781078,174067.2217781078,174067.2217781078,174067.2217781078
1787420436519,1.0,7777777.0,7777777.0,7777777.0,7777777.0,0.0,0.0,0.0,0.0,68.74178148890678,68.74178148890678,68.74178148890678,68.74178148890678,171315.93171809614,171315.93171809614,171315.93171809614,171315.93171809614
1787420436630,1.0,7777777.0,7777777.0,7777777.0,7777777.0,0.0,0.0,0.0,0.0,131.19691434090458,131.19691434090458,131.19691434090458,131.19691434090458,170730.21176047996,170730.21176047996,170730.21176047996,170730.21176047996
1787420436724,1.0,7777777.0,7777777.0,7777777.0,7777777.0,0.0,0.0,0.0,0.0,199.0575989706452,199.0575989706452,199.0575989706452,199.0575989706452,177203.8563874066,177203.8563874066,177203.8563874066,177203.8563874066
1787420436833,1.0,7777777.0,7777777.0,7777777.0,7777777.0,0.0,0.0,0.0,0.0,138.3414695476008,138.3414695476008,138.3414695476008,138.3414695476008,178222.2302107364,178222.2302107364,178222.2302107364,178222.2302107364
1787420436943,1.0,7777777.0,7777777.0,7777777.0,7777777.0,0.0,0.0,0.0,0.0,46.37691940470104,46.37691940470104,46.37691940470104,46.37691940470104,178219.89106218144,178219.89106218144,178219.89106218144,178219.89106218144
1787420437053,1.0,7777777.0,7777777.0,7777777.0,7777777.0,0.0,0.0,0.0,0.0,114.39153997059728,114.39153997059728,114.39153997059728,114.39153997059728,176525.60775791295,176525.60775791295,176525.60775791295,176525.60775791295
1787420437162,1.0,7777777.0,7777777.0,7777777.0,7777777.0,0.0,0.0,0.0,0.0,114.43638681624702,114.43638681624702,114.43638681624702,114.43638681624702,173978.00070006773,173978.00070006773,173978.00070006773,173978.00070006773
1787420437257,2.0,224.73586821292506,224.73586821292506,224.73586821292506,224.73586821292506,47.130783734276406,47.130783734276406,47.130783734276406,47.130783734276406,4.713078373427641,23.565391867138203,42.417705360848764,47.130783734276406,61906.04638433922,111567.3036432499,161228.5609021606,173643.87521688826
1787420437369,2.0,225.4515868941917,225.4515868941917,225.4515868941917,225.4515868941917,232.00233217973386,232.00233217973386,232.00233217973386,232.00233217973386,96.99401520334509,116.12928730138552,135.26455939942596,140.04837742393607,60021.80090050706,111014.61971872346,162007.43853693985,174755.64324149396
1787420437465,1.0,7777777.0,7777777.0,7777777.0,7777777.0,0.0,0.0,0.0,0.0,65.31440417759178,65.31440417759178,65.31440417759178,65.31440417759178,177018.08425438963,177018.08425438963,177018.08425438963,177018.08425438963
1787420437575,1.0,7777777.0,7777777.0,7777777.0,7777777.0,0.0,0.0,0.0,0.0,9.661078097247277,9.661078097247277,9.661078097247277,9.661078097247277,176551.3816471845,176551.3816471845,176551.3816471845,176551.3816471845
1787420437686,1.0,7777777.0,7777777.0,7777777.0,7777777.0,0.0,0.0,0.0,0.0,70.26381949617604,70.26381949617604,70.26381949617604,70.26381949617604,180228.65571353585,180228.65571353585,180228.65571353585,180228.65571353585
1787420437795,1.0,7777777.0,7777777.0,7777777.0,7777777.0,0.0,0.0,0.0,0.0,83.43575657735688,83.43575657735688,83.43575657735688,83.43575657735688,178847.79328644276,178847.79328644276,178847.79328644276,178847.79328644276
1787420437907,2.0,222.37744402921348,222.37744402921348,222.37744402921348,222.37744402921348,71.68662236369389,71.68662236369389,71.68662236369389,71.68662236369389,62.58105840607439,90.42459925709909,118.26814010812379,125.22902532087996,53122.55271011498,100204.50592015963,147286.45913020428,159056.94743271545
1787420438018,2.0,203.0726630999925,203.0726630999925,203.0726630999925,203.0726630999925,184.37519867988783,184.37519867988783,184.37519867988783,184.37519867988783,24.548773361872513,95.9456965035561,167.3426196452397,185.1918504306606,49754.831754288825,82685.07929660752,115615.32683892622,123847.8887245059
1787420438129,3.0,112.15449769199968,113.42568294119354,118.51042393796901,180.59776513973472,22.27375732253317,63.669786427145624,66.42764484280644,67.11710944672166,2.384950009276011,11.924750046380055,56.07863756665334,67.11710944672166,41243.93133217059,41401.45947104506,98660.21725856625,112974.90670544654
1787420438255,1.0,7777777.0,7777777.0,7777777.0,7777777.0,0.0,0.0,0.0,0.0,100.63828939635827,100.63828939635827,100.63828939635827,100.63828939635827,105483.17521946505,105483.17521946505,105483.17521946505,105483.17521946505
1787420438381,3.0,98.73819464562284,99.03922693361918,100.24335608560452,166.72612185883014,41.44876991297448,78.00544551061567,103.0931784688798,109.36511170844582,16.796719510105582,17.165428600839196,79.19881269133458,94.70715871395842,37859.89786011726,40340.482576824725,89989.19556268677,102401.37380915228
1787420438492,2.0,172.7476657794916,172.7476657794916,172.7476657794916,172.7476657794916,99.98884253598123,99.98884253598123,99.98884253598123,99.98884253598123,13.878974606221961,53.45427524501533,93.0295758838087,102.92340104350704,45699.12129820175,68130.3998385761,90561.67837895043,96169.49801404402
1787420438587,1.0,7777777.0,7777777.0,7777777.0,7777777.0,0.0,0.0,0.0,0.0,83.9269367849921,83.9269367849921,83.9269367849921,83.9269367849921,90767.58873312548,90767.58873312548,90767.58873312548,90767.58873312548
1787420438698,1.0,7777777.0,7777777.0,7777777.0,7777777.0,0.0,0.0,0.0,0.0,68.98904744505703,68.98904744505703,68.98904744505703,68.98904744505703,88113.16376030445,88113.16376030445,88113.16376030445,88113.16376030445
1787420438793,2.0,269.23323608115874,269.23323608115874,269.23323608115874,269.23323608115874,66.88619395897865,66.88619395897865,66.88619395897865,66.88619395897865,6.688619395897866,33.443096979489326,60.197574563080785,66.88619395897865,13355.14609981319,45261.96495960979,77168.78381940638,85145.48853435554
1787420438904,1.0,7777777.0,7777777.0,7777777.0,7777777.0,0.0,0.0,0.0,0.0,38.877772969543926,38.877772969543926,38.877772969543926,38.877772969543926,81845.16944864765,81845.16944864765,81845.16944864765,81845.16944864765
1787420438998,1.0,7777777.0,7777777.0,7777777.0,7777777.0,0.0,0.0,0.0,0.0,13.720762103501636,13.720762103501636,13.720762103501636,13.720762103501636,81490.39175707847,81490.39175707847,81490.39175707847,81490.39175707847
1787420439109,1.0,7777777.0,7777777.0,7777777.0,7777777.0,0.0,0.0,0.0,0.0,19.218780932813043,19.218780932813043,19.218780932813043,19.218780932813043,80075.48129394092,80075.48129394092,80075.48129394092,80075.48129394092
1787420439218,2.0,271.833405774212,271.833405774212,271.833405774212,271.833405774212,8.278729673187252,8.278729673187252,8.278729673187252,8.278729673187252,1.7164011045528555,4.170285060112253,6.624169015671649,7.237640004561499,12952.765644063802,43239.264435034245,73525.7632260047,81097.3879237473
1787420439329,1.0,7777777.0,7777777.0,7777777.0,7777777.0,0.0,0.0,0.0,0.0,4.227311609113946,4.227311609113946,4.227311609113946,4.227311609113946,82318.48354160786,82318.48354160786,82318.48354160786,82318.48354160786
1787420439439,1.0,7777777.0,7777777.0,7777777.0,7777777.0,0.0,0.0,0.0,0.0,21.500325236321466,21.500325236321466,21.500325236321466,21.500325236321466,83357.80036031641,83357.80036031641,83357.80036031641,83357.80036031641
1787420439518,2.0,95.72298226517954,95.72298226517954,95.72298226517954,95.72298226517954,23.680309176767764,23.680309176767764,23.680309176767764,23.680309176767764,2.3680309176767764,11.840154588383882,21.312278259090988,23.680309176767764,84800.34202950736,98538.07978812931,112275.81754675126,115710.25198640674
1787420439629,1.0,7777777.0,7777777.0,7777777.0,7777777.0,0.0,0.0,0.0,0.0,48.121250911539484,48.121250911539484,48.121250911539484,48.121250911539484,76720.5264845416,76720.5264845416,76720.5264845416,76720.5264845416
1787420439722,3.0,164.7176119232803,187.70302188463523,279.644661730055,391.9799210514781,3.9743663722542113,19.871831861271055,19.871831861271055,19.871831861271055,0.0,0.0,15.897465489016845,19.871831861271055,4822.78774215132,19058.375113487244,64354.82864992023,75678.94203402847
1787420439833,2.0,268.6518354007289,268.6518354007289,268.6518354007289,268.6518354007289,23.260589733014164,23.260589733014164,23.260589733014164,23.260589733014164,2.503296546934396,11.697554207899008,20.891811868863623,23.190376284104776,12756.730685407576,41935.62007079227,71114.50945617697,78409.23180252314
1787420439928,2.0,159.92764277105465,159.92764277105465,159.92764277105465,159.92764277105465,25.46515284727151,25.46515284727151,25.46515284727151,25.46515284727151,25.704533156363176,31.608442360796055,37.51235156522894,38.988328866337156,24334.486018393094,47058.891889605206,69783.29776081731,75464.39922862034
1787420440039,2.0,158.62306956866013,158.62306956866013,158.62306956866013,158.62306956866013,16.21436845468149,16.21436845468149,16.21436845468149,16.21436845468149,15.576496443241458,21.94771582179461,28.31893520034776,29.911740044986047,23993.12544238679,47054.12754387222,70115.12964535765,75880.38017072901
1787420440133,2.0,271.5760882651046,271.5760882651046,271.5760882651046,271.5760882651046,9.465778153235423,9.465778153235423,9.465778153235423,9.465778153235423,1.3525609436635941,4.9463764097484875,8.540191875833381,9.438645742354604,12640.687274419422,41704.73271731613,70768.77816021284,78034.78952093702
1787420440242,1.0,7777777.0,7777777.0,7777777.0,7777777.0,0.0,0.0,0.0,0.0,40.877038116459694,40.877038116459694,40.877038116459694,40.877038116459694,79882.22048084345,79882.22048084345,79882.22048084345,79882.22048084345
1787420440351,1.0,7777777.0,7777777.0,7777777.0,7777777.0,0.0,0.0,0.0,0.0,3.7717094716117647,3.7717094716117647,3.7717094716117647,3.7717094716117647,81028.36125704646,81028.36125704646,81028.36125704646,81028.36125704646
1787420440461,1.0,7777777.0,7777777.0,7777777.0,7777777.0,0.0,0.0,0.0,0.0,1.9422826228090977,1.9422826228090977,1.9422826228090977,1.9422826228090977,81819.44289447367,81819.44289447367,81819.44289447367,81819.44289447367
1787420440572,1.0,7777777.0,7777777.0,7777777.0,7777777.0,0.0,0.0,0.0,0.0,6.262397411936417,6.262397411936417,6.262397411936417,6.262397411936417,82339.4479578305,82339.4479578305,82339.4479578305,82339.4479578305
1787420440652,3.0,112.97591824010203,122.96999363294489,162.94629520431636,252.84718665765604,2.597792599664435,11.662065456810438,11.903959298187479,11.96443275853174,0.9166343163696999,1.161942556766182,10.254829235360507,12.528050905009087,7919.20102410689,18252.03340996802,68656.87527662143,81258.08574328478
1787420440763,2.0,161.73301479816212,161.73301479816212,161.73301479816212,161.73301479816212,15.413948627570466,15.413948627570466,15.413948627570466,15.413948627570466,21.960480930933034,25.571901084450896,29.18332123796876,30.086176276348223,24528.63248826773,49157.56548141246,73786.49847455719,79943.73172284337
1787420440873,1.0,7777777.0,7777777.0,7777777.0,7777777.0,0.0,0.0,0.0,0.0,6.5351758885863385,6.5351758885863385,6.5351758885863385,6.5351758885863385,78908.34755942598,78908.34755942598,78908.34755942598,78908.34755942598
1787420440983,2.0,270.7544994325805,270.7544994325805,270.7544994325805,270.7544994325805,7.033955841772994,7.033955841772994,7.033955841772994,7.033955841772994,0.8728424467286509,3.5172188891161595,6.161595331503668,6.822689442100545,12771.760992788059,42516.275123694446,72260.78925460084,79696.91778732743
1787420441094,3.0,101.82880251643554,114.92482678044084,167.30892383646204,248.58452276232686,16.4960262494404,25.64528491514143,27.629221881412658,28.125206122980465,6.321326285347345,26.243856398988992,27.68070826961512,28.039921237271653,7841.4307209596045,17734.32650602609,68231.07368418165,80855.26047872053
1787420441204,3.0,100.45058619313687,113.95969750661006,167.99614276050278,248.18154643642973,7.422315194059175,9.810789231441866,12.495844463034466,13.167108270932616,2.3750753726558353,10.026497220389771,12.521731347533004,13.145539879318813,7802.85175406728,17523.953738101758,68596.68271286656,81364.86495655775
1787420441314,3.0,97.65440665864718,112.62104659564926,172.48760634365757,250.35236516807203,33.38164142393648,58.57427256042422,60.07395173497294,60.44887152861011,7.461153949174726,23.777499664989055,51.79371445951903,58.79776815815153,7698.9506641147655,17394.37071058061,74707.3400785027,89035.58242048323
1787420441424,2.0,174.47764859787912,174.47764859787912,174.47764859787912,174.47764859787912,20.00621175901588,20.00621175901588,20.00621175901588,20.00621175901588,15.47264105238761,15.784271526869722,16.09590200135183,16.17380961997236,25119.565835694968,55085.36248823255,85051.15914077013,92542.60830390453
1787420441520,3.0,94.86050369228661,110.98682081333206,175.49208929751387,251.13443645660942,12.9497664743604,13.754937661811745,15.647351347005447,16.120454768303873,3.493101009304513,11.811841441076073,15.53096567826043,16.46074673755652,7734.080460860208,17573.823758700863,78627.8968238663,93891.41509015765
1787420441629,1.0,7777777.0,7777777.0,7777777.0,7777777.0,0.0,0.0,0.0,0.0,11.868328958171643,11.868328958171643,11.868328958171643,11.868328958171643,93810.61488018371,93810.61488018371,93810.61488018371,93810.61488018371
1787420441724,2.0,271.19949711809335,271.19949711809335,271.19949711809335,271.19949711809335,5.757904581847895,5.757904581847895,5.757904581847895,5.757904581847895,0.8702281473820819,3.1689152842671446,5.467602421152208,6.042274205373473,14026.544362495095,49266.78370734677,84507.02305219843,93317.08288841136
1787420441834,2.0,175.4974304669317,175.4974304669317,175.4974304669317,175.4974304669317,9.994814952394416,9.994814952394416,9.994814952394416,9.994814952394416,3.1177619872540236,5.148522054245632,7.1792821212372395,7.6869721379851415,25324.699080829694,55742.5390071813,86160.3789335329,93764.83891512081
1787420441930,2.0,174.9816964580954,174.9816964580954,174.9816964580954,174.9816964580954,5.749641641416958,5.749641641416958,5.749641641416958,5.749641641416958,2.5128069290986796,2.929161832860869,3.3455167366230576,3.449605462563605,25200.61884690132,55691.24651342165,86181.87417994198,93804.53109657206
1787420442039,2.0,273.11846144488294,273.11846144488294,273.11846144488294,273.11846144488294,24.672506458207003,24.672506458207003,24.672506458207003,24.672506458207003,3.7026098652678163,12.392456699892948,21.082303534518083,23.254765243174365,14006.71004864797,48558.057068448514,83109.40408824905,91747.2408431992
1787420442134,1.0,7777777.0,7777777.0,7777777.0,7777777.0,0.0,0.0,0.0,0.0,45.237744165568195,45.237744165568195,45.237744165568195,45.237744165568195,95271.40529588796,95271.40529588796,95271.40529588796,95271.40529588796
1787420442244,2.0,283.33212061155746,283.33212061155746,283.33212061155746,283.33212061155746,85.04561739052394,85.04561739052394,85.04561739052394,85.04561739052394,9.020064793239275,42.9088754554467,76.79768611765412,85.26988878320599,15120.84107006509,54386.5284231687,93652.2157762723,103468.6376145482
1787420442353,1.0,7777777.0,7777777.0,7777777.0,7777777.0,0.0,0.0,0.0,0.0,95.14291566502865,95.14291566502865,95.14291566502865,95.14291566502865,112179.35390864313,112179.35390864313,112179.35390864313,112179.35390864313
1787420442462,2.0,288.3667378617873,288.3667378617873,288.3667378617873,288.3667378617873,68.87521222949378,68.87521222949378,68.87521222949378,68.87521222949378,8.500788919854239,34.994549348505295,61.488309777156346,68.11174988431911,17142.329434440937,64452.37787223188,111762.42631002283,123589.93841947056
1787420442572,1.0,7777777.0,7777777.0,7777777.0,7777777.0,0.0,0.0,0.0,0.0,108.70059424244177,108.70059424244177,108.70059424244177,108.70059424244177,142050.78787694033,142050.78787694033,142050.78787694033,142050.78787694033
1787420442665,1.0,7777777.0,7777777.0,7777777.0,7777777.0,0.0,0.0,0.0,0.0,49.942735697630084,49.942735697630084,49.942735697630084,49.942735697630084,149036.2260855576,149036.2260855576,149036.2260855576,149036.2260855576
1787420442774,1.0,7777777.0,7777777.0,7777777.0,7777777.0,0.0,0.0,0.0,0.0,127.91646246617606,127.91646246617606,127.91646246617606,127.91646246617606,174572.9417858813,174572.9417858813,174572.9417858813,174572.9417858813
1787420442867,1.0,7777777.0,7777777.0,7777777.0,7777777.0,0.0,0.0,0.0,0.0,207.76917209853943,207.76917209853943,207.76917209853943,207.76917209853943,206814.93310051225,206814.93310051225,206814.93310051225,206814.93310051225
1787420442975,1.0,7777777.0,7777777.0,7777777.0,7777777.0,0.0,0.0,0.0,0.0,100.62499359578827,100.62499359578827,100.62499359578827,100.62499359578827,214941.63683673367,214941.63683673367,214941.63683673367,214941.63683673367
1787420443054,1.0,7777777.0,7777777.0,7777777.0,7777777.0,0.0,0.0,0.0,0.0,90.2019934388514,90.2019934388514,90.2019934388514,90.2019934388514,211725.426383432,211725.426383432,211725.426383432,211725.426383432
1787420443132,1.0,7777777.0,7777777.0,7777777.0,7777777.0,0.0,0.0,0.0,0.0,33.2250038105913,33.2250038105913,33.2250038105913,33.2250038105913,207862.08998254314,207862.08998254314,207862.08998254314,207862.08998254314
1787420443241,1.0,7777777.0,7777777.0,7777777.0,7777777.0,0.0,0.0,0.0,0.0,135.20302302121408,135.20302302121408,135.20302302121408,135.20302302121408,201982.5811744444,201982.5811744444,201982.5811744444,201982.5811744444
1787420443337,1.0,7777777.0,7777777.0,7777777.0,7777777.0,0.0,0.0,0.0,0.0,72.95862403481533,72.95862403481533,72.95862403481533,72.95862403481533,195955.10858653113,195955.10858653113,195955.10858653113,195955.10858653113
1787420443443,2.0,263.9056054743102,263.9056054743102,263.9056054743102,263.9056054743102,43.93166933991056,43.93166933991056,43.93166933991056,43.93166933991056,6.084932417928987,22.501566294058737,38.91820017018849,43.022358639220926,36263.00546701896,106293.90088672796,176324.79630643697,193832.52016136423
1787420443542,3.0,271.52082833735835,271.816695233709,273.0001628191118,401.5726677832518,36.31852591734674,46.18515767006079,72.67404596015537,79.29626803267901,6.770373595833646,33.851867979168226,43.718499731882275,46.18515767006079,4674.674821443483,17953.095396617427,154406.10068004916,188519.35200090706
1787420443660,2.0,268.4119090948911,268.4119090948911,268.4119090948911,268.4119090948911,46.26139735851657,46.26139735851657,46.26139735851657,46.26139735851657,8.953841549662322,25.380473037748555,41.80710452583479,45.913762397856345,19620.646313270187,92730.58601453694,165840.5257158037,184118.01064112037
1787420443765,2.0,260.74940022197694,260.74940022197694,260.74940022197694,260.74940022197694,74.10314885739908,74.10314885739908,74.10314885739908,74.10314885739908,23.121980580516947,40.343992778840075,57.5660049771632,61.87150802674398,19416.551926716103,91116.41356217471,162816.2751976333,180741.24060649797
1787420443856,2.0,257.1684065745967,257.1684065745967,257.1684065745967,257.1684065745967,41.90913086994372,41.90913086994372,41.90913086994372,41.90913086994372,9.84311027023751,22.604210444257774,35.36531061827803,38.5555856617831,19233.177575873862,90017.25607775291,160801.33457963198,178497.35420510173
1787420443966,2.0,244.3171702448019,244.3171702448019,244.3171702448019,244.3171702448019,243.51695805168083,243.51695805168083,243.51695805168083,243.51695805168083,42.0955028362245,133.15973815730496,224.22397347838543,246.99003230865554,16334.280195275533,76389.61658275325,136444.95297023098,151458.7870671004
1787420444066,1.0,7777777.0,7777777.0,7777777.0,7777777.0,0.0,0.0,0.0,0.0,0.0,0.0,0.0,0.0,65633.87929201126,65633.87929201126,65633.87929201126,65633.87929201126
1787420444166,2.0,238.88653430338812,238.88653430338812,238.88653430338812,238.88653430338812,572.2961300932725,572.2961300932725,572.2961300932725,572.2961300932725,63.08662355738149,291.6618990699858,520.2371745825901,577.3809934607411,11635.703788431805,53402.6883176727,95169.6728469136,105611.41897922382
1787420444252,2.0,224.3487181618453,224.3487181618453,224.3487181618453,224.3487181618453,209.35755546510862,209.35755546510862,209.35755546510862,209.35755546510862,21.761154373730644,104.8330582795824,187.90496218543416,208.6729381618971,12778.676738028247,59010.05898617706,105241.44123432587,116799.28679636307
1787420444339,3.0,218.40339733361134,219.597189417629,224.37235775369973,284.55783313976576,24.276861214639425,120.11348876928098,120.25343582945017,120.28842259449247,0.06354086519580761,0.317704325979038,96.15433188062059,120.11348876928098,8251.587161841477,36337.112431526184,95389.69065193534,110152.83520703763
1787420444458,1.0,7777777.0,7777777.0,7777777.0,7777777.0,0.0,0.0,0.0,0.0,7.417508148595243,7.417508148595243,7.417508148595243,7.417508148595243,1307.234728612937,1307.234728612937,1307.234728612937,1307.234728612937
1787420444561,1.0,7777777.0,7777777.0,7777777.0,7777777.0,0.0,0.0,0.0,0.0,88.37451537961303,88.37451537961303,88.37451537961303,88.37451537961303,93709.68589744298,93709.68589744298,93709.68589744298,93709.68589744298
1787420444672,1.0,7777777.0,7777777.0,7777777.0,7777777.0,0.0,0.0,0.0,0.0,76.64263929779734,76.64263929779734,76.64263929779734,76.64263929779734,88091.79473624565,88091.79473624565,88091.79473624565,88091.79473624565
1787420444779,1.0,7777777.0,7777777.0,7777777.0,7777777.0,0.0,0.0,0.0,0.0,49.56604836708292,49.56604836708292,49.56604836708292,49.56604836708292,84234.76748125535,84234.76748125535,84234.76748125535,84234.76748125535
1787420444872,1.0,7777777.0,7777777.0,7777777.0,7777777.0,0.0,0.0,0.0,0.0,48.171360792300746,48.171360792300746,48.171360792300746,48.171360792300746,80722.92641921574,80722.92641921574,80722.92641921574,80722.92641921574
1787420444974,1.0,7777777.0,7777777.0,7777777.0,7777777.0,0.0,0.0,0.0,0.0,17.27013404530216,17.27013404530216,17.27013404530216,17.27013404530216,79217.58231338672,79217.58231338672,79217.58231338672,79217.58231338672
1787420445071,1.0,7777777.0,7777777.0,7777777.0,7777777.0,0.0,0.0,0.0,0.0,24.74919978020496,24.74919978020496,24.74919978020496,24.74919978020496,77226.15097012371,77226.15097012371,77226.15097012371,77226.15097012371
1787420445179,1.0,7777777.0,7777777.0,7777777.0,7777777.0,0.0,0.0,0.0,0.0,51.46919058229296,51.46919058229296,51.46919058229296,51.46919058229296,72421.17392394785,72421.17392394785,72421.17392394785,72421.17392394785
1787420445268,1.0,7777777.0,7777777.0,7777777.0,7777777.0,0.0,0.0,0.0,0.0,67.80306199273828,67.80306199273828,67.80306199273828,67.80306199273828,67289.58207335696,67289.58207335696,67289.58207335696,67289.58207335696
1787420445629,1.0,7777777.0,7777777.0,7777777.0,7777777.0,0.0,0.0,0.0,0.0,0.1088800782323692,0.1088800782323692,0.1088800782323692,0.1088800782323692,5384.691980117932,5384.691980117932,5384.691980117932,5384.691980117932
1787420449338,2.0,64.078078593531,64.078078593531,64.078078593531,64.078078593531,0.0,0.0,0.0,0.0,0.0,0.0,0.0,0.0,19652.247805065905,20734.957117612765,21817.666430159625,22088.343758296338
1787420449444,2.0,50.249342352883936,50.249342352883936,50.249342352883936,50.249342352883936,130.88197328722174,130.88197328722174,130.88197328722174,130.88197328722174,53.11465590035681,86.6052905121788,120.09592512400079,128.46858377695628,22190.806770054296,22599.666365277255,23008.525960500214,23110.74085930595
1787420449532,2.0,45.62235415736907,45.62235415736907,45.62235415736907,45.62235415736907,52.789747632005444,52.789747632005444,52.789747632005444,52.789747632005444,21.67974625098878,35.06099389499812,48.442241539007455,51.78755345000979,22453.29222467404,23357.736586395302,24262.180948116562,24488.292038546875
1787420449643,2.0,37.36309932772195,37.36309932772195,37.36309932772195,37.36309932772195,76.38452802845093,76.38452802845093,76.38452802845093,76.38452802845093,28.007777354919327,47.54004099885908,67.07230464279883,71.95537055378377,22787.956253388616,24613.681520788465,26439.406788188313,26895.838105038274
1787420449736,2.0,40.82862444666983,40.82862444666983,40.82862444666983,40.82862444666983,37.32526273203249,37.32526273203249,37.32526273203249,37.32526273203249,15.765377632725839,28.055029541399623,40.34468145007341,43.41709442724186,23001.471510186464,24335.081812389428,25668.69211459239,26002.09469014313
1787420449839,2.0,38.81665878916383,38.81665878916383,38.81665878916383,38.81665878916383,26.383004597952944,26.383004597952944,26.383004597952944,26.383004597952944,6.2732265240039835,15.34718378762474,24.421141051245495,26.689630367150684,23446.988693932442,24997.202226620167,26547.415759307893,26934.969142479822
1787420449929,2.0,28.94364268095598,28.94364268095598,28.94364268095598,28.94364268095598,120.91771933615372,120.91771933615372,120.91771933615372,120.91771933615372,24.74620223477445,67.10255169572801,109.45890115668159,120.04798852191998,24160.051358753677,27067.78433063929,29975.517302524902,30702.450545496307
1787420450046,1.0,7777777.0,7777777.0,7777777.0,7777777.0,0.0,0.0,0.0,0.0,12.122720202343281,12.122720202343281,12.122720202343281,12.122720202343281,23577.02597808605,23577.02597808605,23577.02597808605,23577.02597808605
1787420450137,1.0,7777777.0,7777777.0,7777777.0,7777777.0,0.0,0.0,0.0,0.0,5.146922949828371,5.146922949828371,5.146922949828371,5.146922949828371,23980.379951631185,23980.379951631185,23980.379951631185,23980.379951631185
1787420450254,1.0,7777777.0,7777777.0,7777777.0,7777777.0,0.0,0.0,0.0,0.0,22.445692552399496,22.445692552399496,22.445692552399496,22.445692552399496,24025.91314039263,24025.91314039263,24025.91314039263,24025.91314039263
1787420450335,2.0,34.18739835763993,34.18739835763993,34.18739835763993,34.18739835763993,20.628922185858134,20.628922185858134,20.628922185858134,20.628922185858134,9.758127818011232,14.35638063521619,18.95463345242115,20.104196656722387,24722.456044622908,26075.136979629402,27427.817914635896,27765.98814838752
1787420450453,1.0,7777777.0,7777777.0,7777777.0,7777777.0,0.0,0.0,0.0,0.0,5.461414096987224,5.461414096987224,5.461414096987224,5.461414096987224,24914.79856220109,24914.79856220109,24914.79856220109,24914.79856220109
1787420450536,2.0,34.812826602768574,34.812826602768574,34.812826602768574,34.812826602768574,4.802315948049439,4.802315948049439,4.802315948049439,4.802315948049439,6.960623137122607,8.871545386710865,10.782467636299124,11.26019819869619,25354.48670583386,26462.00873998832,27569.53077414278,27846.411282681394
1787420450648,2.0,34.2683195945466,34.2683195945466,34.2683195945466,34.2683195945466,4.898770553039613,4.898770553039613,4.898770553039613,4.898770553039613,3.402815390276798,4.995850478376851,6.588885566476905,6.987144338501918,25671.31119865598,26839.443119077478,28007.575039498974,28299.608019604348
1787420450740,2.0,34.11265241432212,34.11265241432212,34.11265241432212,34.11265241432212,1.7112331137122965,1.7112331137122965,1.7112331137122965,1.7112331137122965,1.596335086574719,2.129114601393309,2.661894116211899,2.7950889949165463,25911.935648045466,27063.074474348046,28214.213300650626,28501.99800722627
1787420450851,2.0,35.673443569064396,35.673443569064396,35.673443569064396,35.673443569064396,14.574769988645409,14.574769988645409,14.574769988645409,14.574769988645409,8.284328395690096,12.00342174538531,15.722515095080524,16.652288432504328,26078.99502621917,26993.422627347987,27907.850228476804,28136.457128759008
1787420450940,2.0,36.76332546806015,36.76332546806015,36.76332546806015,36.76332546806015,12.831490444433124,12.831490444433124,12.831490444433124,12.831490444433124,6.525899526914206,11.100350183621936,15.674800840329667,16.818413504506598,26275.931841817615,26979.23599178216,27682.540141746704,27858.36617923784
1787420451042,2.0,41.758718261363555,41.758718261363555,41.758718261363555,41.758718261363555,49.9187850572579,49.9187850572579,49.9187850572579,49.9187850572579,14.169412405237928,26.249144001801916,38.328875598365904,41.3488084975069,26845.573356919293,26885.23178355547,26924.89021019165,26934.804816850694
1787420451129,2.0,40.07601609054709,40.07601609054709,40.07601609054709,40.07601609054709,20.749003262299954,20.749003262299954,20.749003262299954,20.749003262299954,11.17124232043448,18.855702481648187,26.540162642861898,28.461277683165324,27528.64494166793,27673.62444038922,27818.603939110508,27854.848813790828
1787420451245,1.0,7777777.0,7777777.0,7777777.0,7777777.0,0.0,0.0,0.0,0.0,12.271201765802076,12.271201765802076,12.271201765802076,12.271201765802076,27772.185725953896,27772.185725953896,27772.185725953896,27772.185725953896
1787420451334,1.0,7777777.0,7777777.0,7777777.0,7777777.0,0.0,0.0,0.0,0.0,6.220627840150741,6.220627840150741,6.220627840150741,6.220627840150741,27922.98216078058,27922.98216078058,27922.98216078058,27922.98216078058
1787420451437,1.0,7777777.0,7777777.0,7777777.0,7777777.0,0.0,0.0,0.0,0.0,26.50015103992532,26.50015103992532,26.50015103992532,26.50015103992532,26811.040333416313,26811.040333416313,26811.040333416313,26811.040333416313
1787420451530,1.0,7777777.0,7777777.0,7777777.0,7777777.0,0.0,0.0,0.0,0.0,37.917055722120324,37.917055722120324,37.917055722120324,37.917055722120324,23835.051277501043,23835.051277501043,23835.051277501043,23835.051277501043
1787420453744,1.0,7777777.0,7777777.0,7777777.0,7777777.0,0.0,0.0,0.0,0.0,0.0,0.0,0.0,0.0,22665.970738360193,22665.970738360193,22665.970738360193,22665.970738360193
1787420453849,1.0,7777777.0,7777777.0,7777777.0,7777777.0,0.0,0.0,0.0,0.0,113.09416931747839,113.09416931747839,113.09416931747839,113.09416931747839,24095.862928153016,24095.862928153016,24095.862928153016,24095.862928153016
1787420453950,1.0,7777777.0,7777777.0,7777777.0,7777777.0,0.0,0.0,0.0,0.0,36.734082420685006,36.734082420685006,36.734082420685006,36.734082420685006,24834.813276559114,24834.813276559114,24834.813276559114,24834.813276559114
1787420454067,1.0,7777777.0,7777777.0,7777777.0,7777777.0,0.0,0.0,0.0,0.0,74.20420669491574,74.20420669491574,74.20420669491574,74.20420669491574,25688.2770142128,25688.2770142128,25688.2770142128,25688.2770142128
1787420454179,1.0,7777777.0,7777777.0,7777777.0,7777777.0,0.0,0.0,0.0,0.0,39.01526332440823,39.01526332440823,39.01526332440823,39.01526332440823,26797.092014784226,26797.092014784226,26797.092014784226,26797.092014784226
1787420454262,1.0,7777777.0,7777777.0,7777777.0,7777777.0,0.0,0.0,0.0,0.0,31.339917174503938,31.339917174503938,31.339917174503938,31.339917174503938,27604.04946415755,27604.04946415755,27604.04946415755,27604.04946415755
1787420454353,1.0,7777777.0,7777777.0,7777777.0,7777777.0,0.0,0.0,0.0,0.0,24.075724151564025,24.075724151564025,24.075724151564025,24.075724151564025,28649.444730882766,28649.444730882766,28649.444730882766,28649.444730882766
1787420454462,1.0,7777777.0,7777777.0,7777777.0,7777777.0,0.0,0.0,0.0,0.0,42.60216387156444,42.60216387156444,42.60216387156444,42.60216387156444,30660.71233027079,30660.71233027079,30660.71233027079,30660.71233027079
1787420454577,1.0,7777777.0,7777777.0,7777777.0,7777777.0,0.0,0.0,0.0,0.0,52.35909154239428,52.35909154239428,52.35909154239428,52.35909154239428,32854.628328116145,32854.628328116145,32854.628328116145,32854.628328116145
1787420454667,1.0,7777777.0,7777777.0,7777777.0,7777777.0,0.0,0.0,0.0,0.0,22.854948957222653,22.854948957222653,22.854948957222653,22.854948957222653,34960.118925532326,34960.118925532326,34960.118925532326,34960.118925532326
1787420454751,1.0,7777777.0,7777777.0,7777777.0,7777777.0,0.0,0.0,0.0,0.0,124.93577171067622,124.93577171067622,124.93577171067622,124.93577171067622,38011.88528385479,38011.88528385479,38011.88528385479,38011.88528385479
1787420454864,2.0,205.45315602480358,205.45315602480358,205.45315602480358,205.45315602480358,78.41738096587085,78.41738096587085,78.41738096587085,78.41738096587085,7.841738096587085,39.208690482935424,70.57564286928377,78.41738096587085,5185.025148638431,20959.14165468933,36733.25816074023,40676.787287252955
1787420454950,1.0,7777777.0,7777777.0,7777777.0,7777777.0,0.0,0.0,0.0,0.0,70.93629968461583,70.93629968461583,70.93629968461583,70.93629968461583,44781.34690164775,44781.34690164775,44781.34690164775,44781.34690164775
1787420455069,1.0,7777777.0,7777777.0,7777777.0,7777777.0,0.0,0.0,0.0,0.0,107.7394806967989,107.7394806967989,107.7394806967989,107.7394806967989,49377.408402107656,49377.408402107656,49377.408402107656,49377.408402107656
1787420455146,1.0,7777777.0,7777777.0,7777777.0,7777777.0,0.0,0.0,0.0,0.0,59.97995862591521,59.97995862591521,59.97995862591521,59.97995862591521,53553.103095899336,53553.103095899336,53553.103095899336,53553.103095899336
1787420455259,2.0,220.05585911838213,220.05585911838213,220.05585911838213,220.05585911838213,200.09653728764383,200.09653728764383,200.09653728764383,200.09653728764383,27.49879146714749,105.12013574659049,182.7414800260335,202.14681609589425,7475.840184778057,31229.338155136385,54982.836125494716,60921.2106180843
1787420455545,2.0,271.11736637825953,271.11736637825953,271.11736637825953,271.11736637825953,274.84089813978943,274.84089813978943,274.84089813978943,274.84089813978943,30.962722521520146,138.559693875833,246.15666523014588,273.0559080687241,8987.082541718846,39240.944851123495,69494.80716052814,77058.2727378793
1787420455647,1.0,7777777.0,7777777.0,7777777.0,7777777.0,0.0,0.0,0.0,0.0,231.81417223970476,231.81417223970476,231.81417223970476,231.81417223970476,92927.13495742902,92927.13495742902,92927.13495742902,92927.13495742902
1787420455746,1.0,7777777.0,7777777.0,7777777.0,7777777.0,0.0,0.0,0.0,0.0,52.43830956525168,52.43830956525168,52.43830956525168,52.43830956525168,106002.1764076408,106002.1764076408,106002.1764076408,106002.1764076408
1787420455847,1.0,7777777.0,7777777.0,7777777.0,7777777.0,0.0,0.0,0.0,0.0,54.41082428181247,54.41082428181247,54.41082428181247,54.41082428181247,117736.18610727601,117736.18610727601,117736.18610727601,117736.18610727601
1787420455948,1.0,7777777.0,7777777.0,7777777.0,7777777.0,0.0,0.0,0.0,0.0,16.3291338797817,16.3291338797817,16.3291338797817,16.3291338797817,127651.02228994016,127651.02228994016,127651.02228994016,127651.02228994016
1787420456053,1.0,7777777.0,7777777.0,7777777.0,7777777.0,0.0,0.0,0.0,0.0,76.71982995758633,76.71982995758633,76.71982995758633,76.71982995758633,130286.24136852846,130286.24136852846,130286.24136852846,130286.24136852846
1787420456140,1.0,7777777.0,7777777.0,7777777.0,7777777.0,0.0,0.0,0.0,0.0,52.98332147185961,52.98332147185961,52.98332147185961,52.98332147185961,134662.8661409123,134662.8661409123,134662.8661409123,134662.8661409123
1787420456242,1.0,7777777.0,7777777.0,7777777.0,7777777.0,0.0,0.0,0.0,0.0,126.59893745128036,126.59893745128036,126.59893745128036,126.59893745128036,137934.85487531126,137934.85487531126,137934.85487531126,137934.85487531126
1787420456344,1.0,7777777.0,7777777.0,7777777.0,7777777.0,0.0,0.0,0.0,0.0,37.522788542978965,37.522788542978965,37.522788542978965,37.522788542978965,143363.67154715955,143363.67154715955,143363.67154715955,143363.67154715955
1787420456458,1.0,7777777.0,7777777.0,7777777.0,7777777.0,0.0,0.0,0.0,0.0,45.11204376290658,45.11204376290658,45.11204376290658,45.11204376290658,144216.40799422562,144216.40799422562,144216.40799422562,144216.40799422562
1787420456544,1.0,7777777.0,7777777.0,7777777.0,7777777.0,0.0,0.0,0.0,0.0,18.375601746781438,18.375601746781438,18.375601746781438,18.375601746781438,145199.17494449392,145199.17494449392,145199.17494449392,145199.17494449392
1787420456643,1.0,7777777.0,7777777.0,7777777.0,7777777.0,0.0,0.0,0.0,0.0,26.000264523455556,26.000264523455556,26.000264523455556,26.000264523455556,141981.37833652087,141981.37833652087,141981.37833652087,141981.37833652087
1787420456743,1.0,7777777.0,7777777.0,7777777.0,7777777.0,0.0,0.0,0.0,0.0,176.8168382284896,176.8168382284896,176.8168382284896,176.8168382284896,115483.45217191614,115483.45217191614,115483.45217191614,115483.45217191614
1787420456838,1.0,7777777.0,7777777.0,7777777.0,7777777.0,0.0,0.0,0.0,0.0,199.7626719514713,199.7626719514713,199.7626719514713,199.7626719514713,95968.70775455609,95968.70775455609,95968.70775455609,95968.70775455609
1787420456938,2.0,293.74270460488776,293.74270460488776,293.74270460488776,293.74270460488776,98.50688072678264,98.50688072678264,98.50688072678264,98.50688072678264,10.85503609519601,50.251950542748766,89.64886499030152,99.49809360218971,10030.189725561353,44945.22245919451,79860.25519282767,88589.01337623596
1787420457060,2.0,289.01328537756876,289.01328537756876,289.01328537756876,289.01328537756876,91.99199976963106,91.99199976963106,91.99199976963106,91.99199976963106,13.302996894044194,45.99608422802435,78.68917156200452,86.86244339549955,9219.46446899043,40903.53404474433,72587.60362049824,80508.6210144367
1787420457145,2.0,287.4091935725676,287.4091935725676,287.4091935725676,287.4091935725676,42.59813317391795,42.59813317391795,42.59813317391795,42.59813317391795,6.106313649335897,21.314476413623265,36.522639177910634,40.32467986898247,9084.939537326118,40241.97587480844,71399.01221229076,79188.27129666135
1787420457253,1.0,7777777.0,7777777.0,7777777.0,7777777.0,0.0,0.0,0.0,0.0,63.69626965720849,63.69626965720849,63.69626965720849,63.69626965720849,76190.05962324142,76190.05962324142,76190.05962324142,76190.05962324142
1787420457342,2.0,277.14589618914056,277.14589618914056,277.14589618914056,277.14589618914056,83.51454604327182,83.51454604327182,83.51454604327182,83.51454604327182,10.515260242529518,43.867368898503365,77.21947755447722,85.55750471847068,8402.458918019518,36965.691894118645,65528.92487021777,72669.73311424255
1787420457457,2.0,268.4884834400518,268.4884834400518,268.4884834400518,268.4884834400518,77.21441466249738,77.21441466249738,77.21441466249738,77.21441466249738,9.74203236723856,40.17236151835521,70.60269066947185,78.21027295725102,8021.184846236971,35166.936678002094,62312.68850976722,69099.1264677085
1787420457554,2.0,187.78545742342254,187.78545742342254,187.78545742342254,187.78545742342254,20.12802495890117,20.12802495890117,20.12802495890117,20.12802495890117,2.012802495890117,10.064012479450586,18.115222463011055,20.12802495890117,22329.778164520394,43421.912030444946,64514.0458963695,69787.07936285064
1787420457655,1.0,7777777.0,7777777.0,7777777.0,7777777.0,0.0,0.0,0.0,0.0,48.32893184734,48.32893184734,48.32893184734,48.32893184734,70997.0237354748,70997.0237354748,70997.0237354748,70997.0237354748
1787420457739,1.0,7777777.0,7777777.0,7777777.0,7777777.0,0.0,0.0,0.0,0.0,21.238010811324372,21.238010811324372,21.238010811324372,21.238010811324372,72514.00594973564,72514.00594973564,72514.00594973564,72514.00594973564
1787420457826,1.0,7777777.0,7777777.0,7777777.0,7777777.0,0.0,0.0,0.0,0.0,46.48544431709485,46.48544431709485,46.48544431709485,46.48544431709485,74290.66560462862,74290.66560462862,74290.66560462862,74290.66560462862
1787420457930,1.0,7777777.0,7777777.0,7777777.0,7777777.0,0.0,0.0,0.0,0.0,37.24136788782711,37.24136788782711,37.24136788782711,37.24136788782711,78224.20698897913,78224.20698897913,78224.20698897913,78224.20698897913
1787420458020,1.0,7777777.0,7777777.0,7777777.0,7777777.0,0.0,0.0,0.0,0.0,36.03819005833713,36.03819005833713,36.03819005833713,36.03819005833713,82586.66116748936,82586.66116748936,82586.66116748936,82586.66116748936
1787420458124,1.0,7777777.0,7777777.0,7777777.0,7777777.0,0.0,0.0,0.0,0.0,60.68663931888821,60.68663931888821,60.68663931888821,60.68663931888821,87721.85232923366,87721.85232923366,87721.85232923366,87721.85232923366
1787420458229,1.0,7777777.0,7777777.0,7777777.0,7777777.0,0.0,0.0,0.0,0.0,22.561671631986883,22.561671631986883,22.561671631986883,22.561671631986883,90270.28066387959,90270.28066387959,90270.28066387959,90270.28066387959
1787420458327,1.0,7777777.0,7777777.0,7777777.0,7777777.0,0.0,0.0,0.0,0.0,76.15199181383551,76.15199181383551,76.15199181383551,76.15199181383551,95111.32242469117,95111.32242469117,95111.32242469117,95111.32242469117
1787420458418,1.0,7777777.0,7777777.0,7777777.0,7777777.0,0.0,0.0,0.0,0.0,158.6724366670282,158.6724366670282,158.6724366670282,158.6724366670282,102144.24898097292,102144.24898097292,102144.24898097292,102144.24898097292
1787420458520,1.0,7777777.0,7777777.0,7777777.0,7777777.0,0.0,0.0,0.0,0.0,74.84532615804292,74.84532615804292,74.84532615804292,74.84532615804292,104945.86678415816,104945.86678415816,104945.86678415816,104945.86678415816
1787420458618,1.0,7777777.0,7777777.0,7777777.0,7777777.0,0.0,0.0,0.0,0.0,18.120648670684204,18.120648670684204,18.120648670684204,18.120648670684204,104568.25071064755,104568.25071064755,104568.25071064755,104568.25071064755
1787420458731,1.0,7777777.0,7777777.0,7777777.0,7777777.0,0.0,0.0,0.0,0.0,6.831840539688757,6.831840539688757,6.831840539688757,6.831840539688757,104603.72701900546,104603.72701900546,104603.72701900546,104603.72701900546
1787420458816,1.0,7777777.0,7777777.0,7777777.0,7777777.0,0.0,0.0,0.0,0.0,1.925627475177327,1.925627475177327,1.925627475177327,1.925627475177327,105171.21018926427,105171.21018926427,105171.21018926427,105171.21018926427
1787420458931,1.0,7777777.0,7777777.0,7777777.0,7777777.0,0.0,0.0,0.0,0.0,25.4425140067251,25.4425140067251,25.4425140067251,25.4425140067251,103549.0495916605,103549.0495916605,103549.0495916605,103549.0495916605
1787420459020,2.0,268.8305688747173,268.8305688747173,268.8305688747173,268.8305688747173,206.9696608333772,206.9696608333772,206.9696608333772,206.9696608333772,20.69696608333772,103.4848304166886,186.27269475003948,206.9696608333772,15694.966299098824,57094.71305162879,98494.45980415875,108844.39649229124
1787420459121,2.0,303.8452373690162,303.8452373690162,303.8452373690162,303.8452373690162,369.9535808931529,369.9535808931529,369.9535808931529,369.9535808931529,40.64886136451922,188.562501583007,336.4761418014948,373.4545518561167,16886.192646027914,62998.88622943219,109111.57981283647,120639.75320868753
1787420459208,2.0,308.73670549009097,308.73670549009097,308.73670549009097,308.73670549009097,56.52496053734436,56.52496053734436,56.52496053734436,56.52496053734436,7.688295826452648,30.297842969790093,52.90739011312754,58.5597768989619,18034.92867213823,69299.59479546733,120564.26091879644,133380.4274496287
1787420459313,2.0,309.5423722052689,309.5423722052689,309.5423722052689,309.5423722052689,24.15626587630974,24.15626587630974,24.15626587630974,24.15626587630974,6.354585849226655,14.268983189300311,22.18338052937397,24.161979864392382,19116.381739968434,74263.55420108326,129410.72666219808,143197.5197774768
1787420459416,2.0,309.69405242629995,309.69405242629995,309.69405242629995,309.69405242629995,9.619866502081988,9.619866502081988,9.619866502081988,9.619866502081988,2.330246419448544,5.671569352394167,9.01289228533979,9.848223018576196,19670.749343311043,76881.27241414413,134091.79548497722,148394.4262526855
1787420459526,1.0,7777777.0,7777777.0,7777777.0,7777777.0,0.0,0.0,0.0,0.0,39.16621496339229,39.16621496339229,39.16621496339229,39.16621496339229,153513.09626041353,153513.09626041353,153513.09626041353,153513.09626041353
1787420459621,1.0,7777777.0,7777777.0,7777777.0,7777777.0,0.0,0.0,0.0,0.0,101.41009741831486,101.41009741831486,101.41009741831486,101.41009741831486,160270.46913413517,160270.46913413517,160270.46913413517,160270.46913413517
1787420459741,1.0,7777777.0,7777777.0,7777777.0,7777777.0,0.0,0.0,0.0,0.0,57.710068935248195,57.710068935248195,57.710068935248195,57.710068935248195,166741.44553307444,166741.44553307444,166741.44553307444,166741.44553307444
1787420459855,1.0,7777777.0,7777777.0,7777777.0,7777777.0,0.0,0.0,0.0,0.0,41.939440313391195,41.939440313391195,41.939440313391195,41.939440313391195,176555.67153232358,176555.67153232358,176555.67153232358,176555.67153232358
1787420459958,1.0,7777777.0,7777777.0,7777777.0,7777777.0,0.0,0.0,0.0,0.0,23.419171693176228,23.419171693176228,23.419171693176228,23.419171693176228,183815.57553446293,183815.57553446293,183815.57553446293,183815.57553446293
1787420460058,2.0,304.4506985378145,304.4506985378145,304.4506985378145,304.4506985378145,45.42691471809385,45.42691471809385,45.42691471809385,45.42691471809385,7.152303079502818,23.47923284950488,39.806162619506935,43.88789506200745,19582.7343973271,95246.06945488972,170909.40451245234,189825.23827684298
1787420460155,2.0,306.15743504273763,306.15743504273763,306.15743504273763,306.15743504273763,17.634251541886677,17.634251541886677,17.634251541886677,17.634251541886677,2.5680553728789777,9.058389360207716,15.548723347536455,17.17130684436864,19929.340727752668,96820.78488785372,173712.22904795478,192935.09008798003
1787420460258,1.0,7777777.0,7777777.0,7777777.0,7777777.0,0.0,0.0,0.0,0.0,27.21054055703374,27.21054055703374,27.21054055703374,27.21054055703374,192740.87919312716,192740.87919312716,192740.87919312716,192740.87919312716
1787420460344,1.0,7777777.0,7777777.0,7777777.0,7777777.0,0.0,0.0,0.0,0.0,26.34672047732046,26.34672047732046,26.34672047732046,26.34672047732046,193640.28674832545,193640.28674832545,193640.28674832545,193640.28674832545
1787420460463,1.0,7777777.0,7777777.0,7777777.0,7777777.0,0.0,0.0,0.0,0.0,8.053855145012003,8.053855145012003,8.053855145012003,8.053855145012003,194125.6230187565,194125.6230187565,194125.6230187565,194125.6230187565
1787420460562,2.0,250.513047486737,250.513047486737,250.513047486737,250.513047486737,11.479127794487072,11.479127794487072,11.479127794487072,11.479127794487072,1.1479127794487072,5.739563897243536,10.331215015038365,11.479127794487072,29448.981957475564,102859.63143032277,176270.28090316997,194622.94327138178
1787420460679,2.0,249.57529977550942,249.57529977550942,249.57529977550942,249.57529977550942,55.32230697077901,55.32230697077901,55.32230697077901,55.32230697077901,19.01576169115139,30.633504609845673,42.251247528539956,45.15568325821353,28275.568155528046,101689.46707664151,175103.36599775497,193456.84072803333
1787420460784,2.0,250.6925140668061,250.6925140668061,250.6925140668061,250.6925140668061,54.02605860865842,54.02605860865842,54.02605860865842,54.02605860865842,14.421160380494102,30.297792528577656,46.17442467666121,50.1435827136821,27256.208744442323,101042.55909776432,174828.9094510863,193275.4970394168
1787420460874,2.0,250.92062786548223,250.92062786548223,250.92062786548223,250.92062786548223,16.289645848881293,16.289645848881293,16.289645848881293,16.289645848881293,5.498086937940128,9.698552534786241,13.899018131632353,14.949134530843882,27074.79549393989,101064.69956645556,175054.60363897122,193552.07965710014
1787420460962,2.0,251.66681124900364,251.66681124900364,251.66681124900364,251.66681124900364,11.206408395307147,11.206408395307147,11.206408395307147,11.206408395307147,5.524485753135361,5.729142996298578,5.933800239461796,5.9849645502526005,27226.78967818797,101371.94705552293,175517.1044328579,194053.39377719164
1787420461074,2.0,252.23570406227813,252.23570406227813,252.23570406227813,252.23570406227813,12.026977850423219,12.026977850423219,12.026977850423219,12.026977850423219,7.3099307271163205,7.526455332165678,7.742979937215036,7.797111088477376,27067.32154375082,101708.10893217428,176348.89632059773,195009.0931677036
1787420461196,2.0,254.0543810546277,254.0543810546277,254.0543810546277,254.0543810546277,16.61768325069125,16.61768325069125,16.61768325069125,16.61768325069125,3.2457996332160195,8.823268927276432,14.400738221336844,15.795105544851948,27277.285469481536,102510.02501282934,177742.76455617714,196550.9494420141
1787420461301,2.0,252.99446169332714,252.99446169332714,252.99446169332714,252.99446169332714,10.581906817039188,10.581906817039188,10.581906817039188,10.581906817039188,2.9165678234270436,5.475912342657164,8.035256861887284,8.675092991694815,27461.342151999615,103081.09829869377,178700.85444538793,197605.79348206148
1787420461501,1.0,7777777.0,7777777.0,7777777.0,7777777.0,0.0,0.0,0.0,0.0,3.3729401057223036,3.3729401057223036,3.3729401057223036,3.3729401057223036,198758.14923189022,198758.14923189022,198758.14923189022,198758.14923189022
1787420461610,2.0,251.9658710148604,251.9658710148604,251.9658710148604,251.9658710148604,10.987868008579976,10.987868008579976,10.987868008579976,10.987868008579976,4.067924938496133,5.9551402191481575,7.842355499800182,8.314159319963188,27708.407199765137,103795.86483621481,179883.32247266447,198905.1868817769
1787420461701,2.0,250.87400149634763,250.87400149634763,250.87400149634763,250.87400149634763,12.235219444618123,12.235219444618123,12.235219444618123,12.235219444618123,5.826951692338279,6.127574149903731,6.428196607469183,6.503352221860546,27868.891767369958,104229.60427525267,180590.31678313538,199680.49491010606
1787420461818,1.0,7777777.0,7777777.0,7777777.0,7777777.0,0.0,0.0,0.0,0.0,12.895382973255877,12.895382973255877,12.895382973255877,12.895382973255877,201217.90764881298,201217.90764881298,201217.90764881298,201217.90764881298
1787420461926,1.0,7777777.0,7777777.0,7777777.0,7777777.0,0.0,0.0,0.0,0.0,7.038193762255172,7.038193762255172,7.038193762255172,7.038193762255172,201150.50745590776,201150.50745590776,201150.50745590776,201150.50745590776
1787420462008,1.0,7777777.0,7777777.0,7777777.0,7777777.0,0.0,0.0,0.0,0.0,3.4387942742643722,3.4387942742643722,3.4387942742643722,3.4387942742643722,201220.0319524519,201220.0319524519,201220.0319524519,201220.0319524519
1787420462098,2.0,250.3861594730064,250.3861594730064,250.3861594730064,250.3861594730064,7.047875795932471,7.047875795932471,7.047875795932471,7.047875795932471,2.8675854886268493,4.551207863529563,6.234830238432277,6.655735832157955,28633.961400366996,105432.6426916162,182231.3239828654,201430.9943056777
1787420462210,1.0,7777777.0,7777777.0,7777777.0,7777777.0,0.0,0.0,0.0,0.0,4.276768383970844,4.276768383970844,4.276768383970844,4.276768383970844,203058.23970966786,203058.23970966786,203058.23970966786,203058.23970966786
1787420462326,1.0,7777777.0,7777777.0,7777777.0,7777777.0,0.0,0.0,0.0,0.0,10.617260358572524,10.617260358572524,10.617260358572524,10.617260358572524,200506.39914321154,200506.39914321154,200506.39914321154,200506.39914321154
1787420462413,1.0,7777777.0,7777777.0,7777777.0,7777777.0,0.0,0.0,0.0,0.0,6.243537384761105,6.243537384761105,6.243537384761105,6.243537384761105,200684.02239499986,200684.02239499986,200684.02239499986,200684.02239499986
1787420462531,1.0,7777777.0,7777777.0,7777777.0,7777777.0,0.0,0.0,0.0,0.0,6.803923433302705,6.803923433302705,6.803923433302705,6.803923433302705,200902.48507261276,200902.48507261276,200902.48507261276,200902.48507261276
1787420462621,1.0,7777777.0,7777777.0,7777777.0,7777777.0,0.0,0.0,0.0,0.0,3.414616079999936,3.414616079999936,3.414616079999936,3.414616079999936,201057.8498583231,201057.8498583231,201057.8498583231,201057.8498583231
1787420462732,1.0,7777777.0,7777777.0,7777777.0,7777777.0,0.0,0.0,0.0,0.0,11.283377974210893,11.283377974210893,11.283377974210893,11.283377974210893,202436.1316288635,202436.1316288635,202436.1316288635,202436.1316288635
1787420462851,1.0,7777777.0,7777777.0,7777777.0,7777777.0,0.0,0.0,0.0,0.0,1.99063819700364,1.99063819700364,1.99063819700364,1.99063819700364,202362.46164463833,202362.46164463833,202362.46164463833,202362.46164463833
1787420462968,1.0,7777777.0,7777777.0,7777777.0,7777777.0,0.0,0.0,0.0,0.0,3.6517668888582895,3.6517668888582895,3.6517668888582895,3.6517668888582895,202316.83158819005,202316.83158819005,202316.83158819005,202316.83158819005
1787420463087,1.0,7777777.0,7777777.0,7777777.0,7777777.0,0.0,0.0,0.0,0.0,16.51167862194562,16.51167862194562,16.51167862194562,16.51167862194562,201004.738944076,201004.738944076,201004.738944076,201004.738944076
1787420463191,1.0,7777777.0,7777777.0,7777777.0,7777777.0,0.0,0.0,0.0,0.0,17.18566398261325,17.18566398261325,17.18566398261325,17.18566398261325,201458.06631451473,201458.06631451473,201458.06631451473,201458.06631451473
1787420463290,1.0,7777777.0,7777777.0,7777777.0,7777777.0,0.0,0.0,0.0,0.0,11.094890366876461,11.094890366876461,11.094890366876461,11.094890366876461,200380.77004079707,200380.77004079707,200380.77004079707,200380.77004079707
1787420463398,1.0,7777777.0,7777777.0,7777777.0,7777777.0,0.0,0.0,0.0,0.0,7.527270560821157,7.527270560821157,7.527270560821157,7.527270560821157,200240.36555446684,200240.36555446684,200240.36555446684,200240.36555446684
1787420463486,1.0,7777777.0,7777777.0,7777777.0,7777777.0,0.0,0.0,0.0,0.0,3.4039432617764973,3.4039432617764973,3.4039432617764973,3.4039432617764973,200129.47335889563,200129.47335889563,200129.47335889563,200129.47335889563
1787420463598,1.0,7777777.0,7777777.0,7777777.0,7777777.0,0.0,0.0,0.0,0.0,13.617693827685834,13.617693827685834,13.617693827685834,13.617693827685834,201194.78167974204,201194.78167974204,201194.78167974204,201194.78167974204
1787420463691,1.0,7777777.0,7777777.0,7777777.0,7777777.0,0.0,0.0,0.0,0.0,8.700220704411596,8.700220704411596,8.700220704411596,8.700220704411596,200810.09355705976,200810.09355705976,200810.09355705976,200810.09355705976
1787420463808,1.0,7777777.0,7777777.0,7777777.0,7777777.0,0.0,0.0,0.0,0.0,4.444825061017764,4.444825061017764,4.444825061017764,4.444825061017764,199960.85939019918,199960.85939019918,199960.85939019918,199960.85939019918
1787420463914,1.0,7777777.0,7777777.0,7777777.0,7777777.0,0.0,0.0,0.0,0.0,12.126165264261392,12.126165264261392,12.126165264261392,12.126165264261392,199643.07592680305,199643.07592680305,199643.07592680305,199643.07592680305
1787420464019,1.0,7777777.0,7777777.0,7777777.0,7777777.0,0.0,0.0,0.0,0.0,5.147522062972571,5.147522062972571,5.147522062972571,5.147522062972571,199377.76182726957,199377.76182726957,199377.76182726957,199377.76182726957
1787420464122,1.0,7777777.0,7777777.0,7777777.0,7777777.0,0.0,0.0,0.0,0.0,1.3979011327556654,1.3979011327556654,1.3979011327556654,1.3979011327556654,200762.68629437685,200762.68629437685,200762.68629437685,200762.68629437685
1787420464212,1.0,7777777.0,7777777.0,7777777.0,7777777.0,0.0,0.0,0.0,0.0,0.6339202497204122,0.6339202497204122,0.6339202497204122,0.6339202497204122,201243.59358227253,201243.59358227253,201243.59358227253,201243.59358227253
1787420464317,1.0,7777777.0,7777777.0,7777777.0,7777777.0,0.0,0.0,0.0,0.0,74.04857375722507,74.04857375722507,74.04857375722507,74.04857375722507,202148.5793417506,202148.5793417506,202148.5793417506,202148.5793417506
1787420464424,1.0,7777777.0,7777777.0,7777777.0,7777777.0,0.0,0.0,0.0,0.0,47.98132080331982,47.98132080331982,47.98132080331982,47.98132080331982,202002.42557456344,202002.42557456344,202002.42557456344,202002.42557456344
1787420464520,1.0,7777777.0,7777777.0,7777777.0,7777777.0,0.0,0.0,0.0,0.0,25.396631543514182,25.396631543514182,25.396631543514182,25.396631543514182,200737.01328361593,200737.01328361593,200737.01328361593,200737.01328361593
1787420464630,1.0,7777777.0,7777777.0,7777777.0,7777777.0,0.0,0.0,0.0,0.0,11.40451932746712,11.40451932746712,11.40451932746712,11.40451932746712,200260.18435060978,200260.18435060978,200260.18435060978,200260.18435060978
1787420464741,1.0,7777777.0,7777777.0,7777777.0,7777777.0,0.0,0.0,0.0,0.0,36.981377199605156,36.981377199605156,36.981377199605156,36.981377199605156,200895.12852796912,200895.12852796912,200895.12852796912,200895.12852796912
1787420464835,1.0,7777777.0,7777777.0,7777777.0,7777777.0,0.0,0.0,0.0,0.0,16.464685977911465,16.464685977911465,16.464685977911465,16.464685977911465,201162.07423325628,201162.07423325628,201162.07423325628,201162.07423325628
1787420464947,1.0,7777777.0,7777777.0,7777777.0,7777777.0,0.0,0.0,0.0,0.0,33.5952672721428,33.5952672721428,33.5952672721428,33.5952672721428,200578.75756013393,200578.75756013393,200578.75756013393,200578.75756013393
1787420465071,1.0,7777777.0,7777777.0,7777777.0,7777777.0,0.0,0.0,0.0,0.0,37.087915273051514,37.087915273051514,37.087915273051514,37.087915273051514,199400.6875450071,199400.6875450071,199400.6875450071,199400.6875450071
1787420465166,1.0,7777777.0,7777777.0,7777777.0,7777777.0,0.0,0.0,0.0,0.0,36.61600528810559,36.61600528810559,36.61600528810559,36.61600528810559,199875.34991897643,199875.34991897643,199875.34991897643,199875.34991897643
1787420465277,1.0,7777777.0,7777777.0,7777777.0,7777777.0,0.0,0.0,0.0,0.0,15.063261404618439,15.063261404618439,15.063261404618439,15.063261404618439,199784.83904235065,199784.83904235065,199784.83904235065,199784.83904235065
1787420465355,1.0,7777777.0,7777777.0,7777777.0,7777777.0,0.0,0.0,0.0,0.0,8.140585624981107,8.140585624981107,8.140585624981107,8.140585624981107,199774.91690548137,199774.91690548137,199774.91690548137,199774.91690548137
1787420465467,1.0,7777777.0,7777777.0,7777777.0,7777777.0,0.0,0.0,0.0,0.0,4.220972101865969,4.220972101865969,4.220972101865969,4.220972101865969,199718.37950274348,199718.37950274348,199718.37950274348,199718.37950274348
1787420465576,1.0,7777777.0,7777777.0,7777777.0,7777777.0,0.0,0.0,0.0,0.0,1.6376117067980753,1.6376117067980753,1.6376117067980753,1.6376117067980753,199717.43708515912,199717.43708515912,199717.43708515912,199717.43708515912
1787420465685,1.0,7777777.0,7777777.0,7777777.0,7777777.0,0.0,0.0,0.0,0.0,7.655374161125225,7.655374161125225,7.655374161125225,7.655374161125225,198497.45798980817,198497.45798980817,198497.45798980817,198497.45798980817
1787420465795,1.0,7777777.0,7777777.0,7777777.0,7777777.0,0.0,0.0,0.0,0.0,22.647971741891364,22.647971741891364,22.647971741891364,22.647971741891364,201080.82120586932,201080.82120586932,201080.82120586932,201080.82120586932
1787420465888,1.0,7777777.0,7777777.0,7777777.0,7777777.0,0.0,0.0,0.0,0.0,11.892907906935887,11.892907906935887,11.892907906935887,11.892907906935887,199701.12090080604,199701.12090080604,199701.12090080604,199701.12090080604
1787420465999,1.0,7777777.0,7777777.0,7777777.0,7777777.0,0.0,0.0,0.0,0.0,30.438856266962443,30.438856266962443,30.438856266962443,30.438856266962443,200124.4556033034,200124.4556033034,200124.4556033034,200124.4556033034
1787420466094,1.0,7777777.0,7777777.0,7777777.0,7777777.0,0.0,0.0,0.0,0.0,17.578970689029283,17.578970689029283,17.578970689029283,17.578970689029283,201023.17429478467,201023.17429478467,201023.17429478467,201023.17429478467
1787420466203,1.0,7777777.0,7777777.0,7777777.0,7777777.0,0.0,0.0,0.0,0.0,20.483842139354504,20.483842139354504,20.483842139354504,20.483842139354504,201414.20540534705,201414.20540534705,201414.20540534705,201414.20540534705
1787420466282,1.0,7777777.0,7777777.0,7777777.0,7777777.0,0.0,0.0,0.0,0.0,10.760084549778872,10.760084549778872,10.760084549778872,10.760084549778872,201650.48154676706,201650.48154676706,201650.48154676706,201650.48154676706
1787420466376,1.0,7777777.0,7777777.0,7777777.0,7777777.0,0.0,0.0,0.0,0.0,6.730780712082679,6.730780712082679,6.730780712082679,6.730780712082679,199884.54311341792,199884.54311341792,199884.54311341792,199884.54311341792
1787420466502,1.0,7777777.0,7777777.0,7777777.0,7777777.0,0.0,0.0,0.0,0.0,2.9335429209776454,2.9335429209776454,2.9335429209776454,2.9335429209776454,200490.29745602608,200490.29745602608,200490.29745602608,200490.29745602608
1787420466613,1.0,7777777.0,7777777.0,7777777.0,7777777.0,0.0,0.0,0.0,0.0,4.621802990036923,4.621802990036923,4.621802990036923,4.621802990036923,200526.43716828525,200526.43716828525,200526.43716828525,200526.43716828525
1787420466707,1.0,7777777.0,7777777.0,7777777.0,7777777.0,0.0,0.0,0.0,0.0,20.998242555437667,20.998242555437667,20.998242555437667,20.998242555437667,199645.29333858006,199645.29333858006,199645.29333858006,199645.29333858006
1787420466819,1.0,7777777.0,7777777.0,7777777.0,7777777.0,0.0,0.0,0.0,0.0,8.78592915500675,8.78592915500675,8.78592915500675,8.78592915500675,201311.16406615824,201311.16406615824,201311.16406615824,201311.16406615824
1787420466928,1.0,7777777.0,7777777.0,7777777.0,7777777.0,0.0,0.0,0.0,0.0,46.488440608187865,46.488440608187865,46.488440608187865,46.488440608187865,199678.89600759745,199678.89600759745,199678.89600759745,199678.89600759745
1787420467023,1.0,7777777.0,7777777.0,7777777.0,7777777.0,0.0,0.0,0.0,0.0,24.55565096478138,24.55565096478138,24.55565096478138,24.55565096478138,199733.12147637643,199733.12147637643,199733.12147637643,199733.12147637643
1787420467132,1.0,7777777.0,7777777.0,7777777.0,7777777.0,0.0,0.0,0.0,0.0,5.675841773601908,5.675841773601908,5.675841773601908,5.675841773601908,201928.39720811136,201928.39720811136,201928.39720811136,201928.39720811136
1787420467228,1.0,7777777.0,7777777.0,7777777.0,7777777.0,0.0,0.0,0.0,0.0,17.658030964734433,17.658030964734433,17.658030964734433,17.658030964734433,203060.93112347275,203060.93112347275,203060.93112347275,203060.93112347275
1787420467338,1.0,7777777.0,7777777.0,7777777.0,7777777.0,0.0,0.0,0.0,0.0,16.96435559265248,16.96435559265248,16.96435559265248,16.96435559265248,203436.72173640504,203436.72173640504,203436.72173640504,203436.72173640504
1787420467417,1.0,7777777.0,7777777.0,7777777.0,7777777.0,0.0,0.0,0.0,0.0,22.201132604123714,22.201132604123714,22.201132604123714,22.201132604123714,202482.23497173935,202482.23497173935,202482.23497173935,202482.23497173935
1787420467511,1.0,7777777.0,7777777.0,7777777.0,7777777.0,0.0,0.0,0.0,0.0,7.076508946560663,7.076508946560663,7.076508946560663,7.076508946560663,202128.0232862886,202128.0232862886,202128.0232862886,202128.0232862886
1787420467620,1.0,7777777.0,7777777.0,7777777.0,7777777.0,0.0,0.0,0.0,0.0,36.297776861890426,36.297776861890426,36.297776861890426,36.297776861890426,202195.43439530768,202195.43439530768,202195.43439530768,202195.43439530768
1787420467729,1.0,7777777.0,7777777.0,7777777.0,7777777.0,0.0,0.0,0.0,0.0,13.363315961035646,13.363315961035646,13.363315961035646,13.363315961035646,201840.81271346658,201840.81271346658,201840.81271346658,201840.81271346658
1787420467823,1.0,7777777.0,7777777.0,7777777.0,7777777.0,0.0,0.0,0.0,0.0,30.26340899536407,30.26340899536407,30.26340899536407,30.26340899536407,203487.79227938876,203487.79227938876,203487.79227938876,203487.79227938876
1787420467902,1.0,7777777.0,7777777.0,7777777.0,7777777.0,0.0,0.0,0.0,0.0,27.22315581940169,27.22315581940169,27.22315581940169,27.22315581940169,201981.75467095338,201981.75467095338,201981.75467095338,201981.75467095338
1787420468013,1.0,7777777.0,7777777.0,7777777.0,7777777.0,0.0,0.0,0.0,0.0,30.070450041373647,30.070450041373647,30.070450041373647,30.070450041373647,200926.06078787148,200926.06078787148,200926.06078787148,200926.06078787148
1787420468092,1.0,7777777.0,7777777.0,7777777.0,7777777.0,0.0,0.0,0.0,0.0,16.174822475145174,16.174822475145174,16.174822475145174,16.174822475145174,201428.63205411658,201428.63205411658,201428.63205411658,201428.63205411658
1787420468201,1.0,7777777.0,7777777.0,7777777.0,7777777.0,0.0,0.0,0.0,0.0,9.722991804947418,9.722991804947418,9.722991804947418,9.722991804947418,200537.95291987248,200537.95291987248,200537.95291987248,200537.95291987248
1787420468311,1.0,7777777.0,7777777.0,7777777.0,7777777.0,0.0,0.0,0.0,0.0,4.213838004086288,4.213838004086288,4.213838004086288,4.213838004086288,200076.54464162886,200076.54464162886,200076.54464162886,200076.54464162886
1787420468421,1.0,7777777.0,7777777.0,7777777.0,7777777.0,0.0,0.0,0.0,0.0,7.703683389854361,7.703683389854361,7.703683389854361,7.703683389854361,199777.07276075147,199777.07276075147,199777.07276075147,199777.07276075147
1787420468546,1.0,7777777.0,7777777.0,7777777.0,7777777.0,0.0,0.0,0.0,0.0,6.477769793227452,6.477769793227452,6.477769793227452,6.477769793227452,199341.65703677014,199341.65703677014,199341.65703677014,199341.65703677014
1787420468638,1.0,7777777.0,7777777.0,7777777.0,7777777.0,0.0,0.0,0.0,0.0,15.37815318943136,15.37815318943136,15.37815318943136,15.37815318943136,198796.0893381387,198796.0893381387,198796.0893381387,198796.0893381387
1787420468746,1.0,7777777.0,7777777.0,7777777.0,7777777.0,0.0,0.0,0.0,0.0,16.84694876992667,16.84694876992667,16.84694876992667,16.84694876992667,196723.39306945726,196723.39306945726,196723.39306945726,196723.39306945726
1787420468840,1.0,7777777.0,7777777.0,7777777.0,7777777.0,0.0,0.0,0.0,0.0,38.453008058381506,38.453008058381506,38.453008058381506,38.453008058381506,195650.45885127038,195650.45885127038,195650.45885127038,195650.45885127038
1787420468949,1.0,7777777.0,7777777.0,7777777.0,7777777.0,0.0,0.0,0.0,0.0,33.55063880830333,33.55063880830333,33.55063880830333,33.55063880830333,197261.52057318017,197261.52057318017,197261.52057318017,197261.52057318017
1787420469043,1.0,7777777.0,7777777.0,7777777.0,7777777.0,0.0,0.0,0.0,0.0,28.459874872773057,28.459874872773057,28.459874872773057,28.459874872773057,194053.76759886183,194053.76759886183,194053.76759886183,194053.76759886183
1787420469153,1.0,7777777.0,7777777.0,7777777.0,7777777.0,0.0,0.0,0.0,0.0,63.1403386759194,63.1403386759194,63.1403386759194,63.1403386759194,185861.53517422825,185861.53517422825,185861.53517422825,185861.53517422825
1787420469231,1.0,7777777.0,7777777.0,7777777.0,7777777.0,0.0,0.0,0.0,0.0,35.498829716458026,35.498829716458026,35.498829716458026,35.498829716458026,182712.59088005684,182712.59088005684,182712.59088005684,182712.59088005684
1787420469341,1.0,7777777.0,7777777.0,7777777.0,7777777.0,0.0,0.0,0.0,0.0,208.85327067096296,208.85327067096296,208.85327067096296,208.85327067096296,175578.28550722823,175578.28550722823,175578.28550722823,175578.28550722823
1787420469435,1.0,7777777.0,7777777.0,7777777.0,7777777.0,0.0,0.0,0.0,0.0,122.17123967662592,122.17123967662592,122.17123967662592,122.17123967662592,168683.1391001502,168683.1391001502,168683.1391001502,168683.1391001502
1787420469545,1.0,7777777.0,7777777.0,7777777.0,7777777.0,0.0,0.0,0.0,0.0,98.57012468158051,98.57012468158051,98.57012468158051,98.57012468158051,164200.84447237104,164200.84447237104,164200.84447237104,164200.84447237104
1787420469640,1.0,7777777.0,7777777.0,7777777.0,7777777.0,0.0,0.0,0.0,0.0,87.46181154984383,87.46181154984383,87.46181154984383,87.46181154984383,156917.6034854874,156917.6034854874,156917.6034854874,156917.6034854874
1787420469764,1.0,7777777.0,7777777.0,7777777.0,7777777.0,0.0,0.0,0.0,0.0,104.71494230484126,104.71494230484126,104.71494230484126,104.71494230484126,152191.3576413002,152191.3576413002,152191.3576413002,152191.3576413002
1787420469892,1.0,7777777.0,7777777.0,7777777.0,7777777.0,0.0,0.0,0.0,0.0,72.15770101272328,72.15770101272328,72.15770101272328,72.15770101272328,149877.63151239604,149877.63151239604,149877.63151239604,149877.63151239604
1787420470002,1.0,7777777.0,7777777.0,7777777.0,7777777.0,0.0,0.0,0.0,0.0,53.04796182437322,53.04796182437322,53.04796182437322,53.04796182437322,148285.1761366753,148285.1761366753,148285.1761366753,148285.1761366753
1787420470096,1.0,7777777.0,7777777.0,7777777.0,7777777.0,0.0,0.0,0.0,0.0,22.25154650807453,22.25154650807453,22.25154650807453,22.25154650807453,145938.62147837877,145938.62147837877,145938.62147837877,145938.62147837877
1787420470207,1.0,7777777.0,7777777.0,7777777.0,7777777.0,0.0,0.0,0.0,0.0,52.084533778560285,52.084533778560285,52.084533778560285,52.084533778560285,144135.70710908622,144135.70710908622,144135.70710908622,144135.70710908622
1787420470302,1.0,7777777.0,7777777.0,7777777.0,7777777.0,0.0,0.0,0.0,0.0,21.835048825164954,21.835048825164954,21.835048825164954,21.835048825164954,142221.11053316854,142221.11053316854,142221.11053316854,142221.11053316854
1787420470412,1.0,7777777.0,7777777.0,7777777.0,7777777.0,0.0,0.0,0.0,0.0,83.24144616629488,83.24144616629488,83.24144616629488,83.24144616629488,141986.04137707874,141986.04137707874,141986.04137707874,141986.04137707874
1787420470536,2.0,311.9272469055526,311.9272469055526,311.9272469055526,311.9272469055526,59.6984666549956,59.6984666549956,59.6984666549956,59.6984666549956,5.96984666549956,29.8492333274978,53.72861998949604,59.6984666549956,19187.951600458662,74411.3714189278,129634.79123739693,143440.64619201422
1787420470645,2.0,294.5553753079656,294.5553753079656,294.5553753079656,294.5553753079656,198.28896842461657,198.28896842461657,198.28896842461657,198.28896842461657,22.19317834493564,99.83941943322183,177.48566052150804,196.89722079357958,19656.573593284003,76998.85395239946,134341.1343115149,148676.70440129377
1787420470755,2.0,302.14829581323204,302.14829581323204,302.14829581323204,302.14829581323204,69.3068254486012,69.3068254486012,69.3068254486012,69.3068254486012,9.955097274314703,35.92589907645161,61.89670087858851,68.38940132912273,20549.8739412399,81628.7537800381,142707.6336188363,157977.35357853584
1787420470867,1.0,7777777.0,7777777.0,7777777.0,7777777.0,0.0,0.0,0.0,0.0,41.694378999370926,41.694378999370926,41.694378999370926,41.694378999370926,169297.72993643302,169297.72993643302,169297.72993643302,169297.72993643302
1787420470978,1.0,7777777.0,7777777.0,7777777.0,7777777.0,0.0,0.0,0.0,0.0,15.802192622111782,15.802192622111782,15.802192622111782,15.802192622111782,174819.52978661284,174819.52978661284,174819.52978661284,174819.52978661284
1787420471088,1.0,7777777.0,7777777.0,7777777.0,7777777.0,0.0,0.0,0.0,0.0,45.517271318936245,45.517271318936245,45.517271318936245,45.517271318936245,183123.87942066416,183123.87942066416,183123.87942066416,183123.87942066416
1787420471198,1.0,7777777.0,7777777.0,7777777.0,7777777.0,0.0,0.0,0.0,0.0,57.85696453980527,57.85696453980527,57.85696453980527,57.85696453980527,191606.08068454266,191606.08068454266,191606.08068454266,191606.08068454266
1787420471293,1.0,7777777.0,7777777.0,7777777.0,7777777.0,0.0,0.0,0.0,0.0,46.50363740129656,46.50363740129656,46.50363740129656,46.50363740129656,198010.13138424978,198010.13138424978,198010.13138424978,198010.13138424978
1787420471403,1.0,7777777.0,7777777.0,7777777.0,7777777.0,0.0,0.0,0.0,0.0,20.38093830276702,20.38093830276702,20.38093830276702,20.38093830276702,212371.63840323687,212371.63840323687,212371.63840323687,212371.63840323687
1787420471497,2.0,290.267634153771,290.267634153771,290.267634153771,290.267634153771,82.24014624174367,82.24014624174367,82.24014624174367,82.24014624174367,8.224014624174368,41.12007312087184,74.0161316175693,82.24014624174367,26927.461406587347,107623.63158762222,188319.8017686571,208493.84431391582
1787420471608,1.0,7777777.0,7777777.0,7777777.0,7777777.0,0.0,0.0,0.0,0.0,16.23089096423357,16.23089096423357,16.23089096423357,16.23089096423357,211434.30966997147,211434.30966997147,211434.30966997147,211434.30966997147
1787420471703,1.0,7777777.0,7777777.0,7777777.0,7777777.0,0.0,0.0,0.0,0.0,8.046597257022626,8.046597257022626,8.046597257022626,8.046597257022626,213644.0110163018,213644.0110163018,213644.0110163018,213644.0110163018
1787420471813,2.0,285.38097385775166,285.38097385775166,285.38097385775166,285.38097385775166,6.7889155732110025,6.7889155732110025,6.7889155732110025,6.7889155732110025,5.534086216803348,7.080601251056442,8.627116285309537,9.01374504387281,27915.14494443273,112064.2232372117,196213.30152999068,217250.57110318542
1787420471909,2.0,285.11567980584044,285.11567980584044,285.11567980584044,285.11567980584044,12.741470027402016,12.741470027402016,12.741470027402016,12.741470027402016,6.278162381584919,6.382078125429336,6.485993869273754,6.511972805234858,28254.180258944307,112465.0721969048,196675.9641348653,217728.68711935543
1787420472018,2.0,283.71533270914983,283.71533270914983,283.71533270914983,283.71533270914983,14.143886563005543,14.143886563005543,14.143886563005543,14.143886563005543,3.5470482254402884,7.148290296742713,10.74953236804514,11.649842885870745,28390.75718498195,113808.41428990394,199226.07139482594,220580.48567105643
1787420472145,1.0,7777777.0,7777777.0,7777777.0,7777777.0,0.0,0.0,0.0,0.0,10.000833776021851,10.000833776021851,10.000833776021851,10.000833776021851,219565.47259217314,219565.47259217314,219565.47259217314,219565.47259217314
1787420472239,1.0,7777777.0,7777777.0,7777777.0,7777777.0,0.0,0.0,0.0,0.0,18.582936151617623,18.582936151617623,18.582936151617623,18.582936151617623,221532.80677890778,221532.80677890778,221532.80677890778,221532.80677890778
1787420472351,2.0,285.34174169245404,285.34174169245404,285.34174169245404,285.34174169245404,9.332016525030426,9.332016525030426,9.332016525030426,9.332016525030426,3.8585652876706704,6.010089814810019,8.161614341949367,8.699495473734205,28572.855076450112,114796.85716331005,201020.85925017,222576.85977188498
1787420472462,2.0,285.44762273467535,285.44762273467535,285.44762273467535,285.44762273467535,2.9786848243337056,2.9786848243337056,2.9786848243337056,2.9786848243337056,2.814789921372054,3.7029546678318335,4.5911194142916125,4.813160600906557,28879.332884630283,115243.91866629804,201608.5044479658,223199.65089338273
1787420472572,2.0,285.43166431925385,285.43166431925385,285.43166431925385,285.43166431925385,0.9831007790998723,0.9831007790998723,0.9831007790998723,0.9831007790998723,1.3582490658081325,1.4730017972994576,1.5877545287907824,1.6164427116636135,29048.34805771131,115676.42367983703,202304.49930196276,223961.51820749417
1787420472681,2.0,286.4297162573486,286.4297162573486,286.4297162573486,286.4297162573486,9.161728429107452,9.161728429107452,9.161728429107452,9.161728429107452,3.906626479951302,4.7511053234394645,5.595584166927628,5.806703877799668,29020.878611896143,115287.23090082197,201553.58318974782,223120.17126197927
1787420472752,2.0,286.1257964827565,286.1257964827565,286.1257964827565,286.1257964827565,9.599343980405921,9.599343980405921,9.599343980405921,9.599343980405921,8.018822613570714,9.40812216721142,10.797421720852125,11.1447466092623,29003.780162771793,115994.607016135,202985.43386949823,224733.14058283903
1787420472818,2.0,286.10682659076394,286.10682659076394,286.10682659076394,286.10682659076394,8.620872732101198,8.620872732101198,8.620872732101198,8.620872732101198,1.7464269925889653,4.460003658179928,7.17358032377089,7.851974490168631,29423.554384253268,118147.61860440718,206871.6828245611,229052.69887959957
1787420472897,2.0,285.6489035994162,285.6489035994162,285.6489035994162,285.6489035994162,16.622267842135763,16.622267842135763,16.622267842135763,16.622267842135763,5.112609168681087,11.75915631344133,18.40570345820157,20.067340244391634,29248.090223259736,117754.0986397512,206260.10705624268,228386.60916036554
1787420472961,2.0,287.90950353498437,287.90950353498437,287.90950353498437,287.90950353498437,41.64866012660875,41.64866012660875,41.64866012660875,41.64866012660875,19.481533643854924,24.35731588597073,29.23309812808654,30.45204368861549,29281.68003702108,116548.82458056975,203815.96912411842,225632.7552600056
1787420473024,2.0,288.73863187977236,288.73863187977236,288.73863187977236,288.73863187977236,15.673316758608152,15.673316758608152,15.673316758608152,15.673316758608152,7.424725737634864,9.190142076475848,10.955558415316833,11.39691250002708,29309.85286942581,116192.91116585257,203075.96946227932,224796.734036386
1787420473096,2.0,287.4382888519157,287.4382888519157,287.4382888519157,287.4382888519157,19.007149297654205,19.007149297654205,19.007149297654205,19.007149297654205,3.5672256930942288,10.984556147613908,18.401886602133587,20.256219215763508,29389.487472556462,117613.66125759727,205837.8350426381,227893.87848889828
1787420473167,2.0,286.92771862272684,286.92771862272684,286.92771862272684,286.92771862272684,7.516699762497,7.516699762497,7.516699762497,7.516699762497,1.4146871291741483,4.335154955640388,7.255622782106628,7.985739738723188,29441.49496373496,118235.05429087806,207028.61361802116,229227.00344980694
1787420473229,2.0,284.52726050243416,284.52726050243416,284.52726050243416,284.52726050243416,47.17911647894231,47.17911647894231,47.17911647894231,47.17911647894231,10.68320170589407,24.35948431784268,38.035766929791286,41.45483758277844,29442.78123195564,118237.7194156503,207032.65759934497,229231.39214526862
1787420473294,2.0,285.00801932376254,285.00801932376254,285.00801932376254,285.00801932376254,13.235659278266647,13.235659278266647,13.235659278266647,13.235659278266647,5.449741973745728,7.3748078858652875,9.299873797984848,9.781140276014737,29264.344106915036,116849.69249518681,204435.0408834586,226331.37798052654
1787420473357,2.0,285.20875424332974,285.20875424332974,285.20875424332974,285.20875424332974,6.500219079181138,6.500219079181138,6.500219079181138,6.500219079181138,10.727582302819076,12.177627566825722,13.627672830832367,13.990184146834029,29054.15156467017,116412.6469040541,203771.14224343802,225610.766078284
1787420473422,2.0,285.27910325705426,285.27910325705426,285.27910325705426,285.27910325705426,2.4130531609575834,2.4130531609575834,2.4130531609575834,2.4130531609575834,3.925517183671834,4.42244262203897,4.919368060406106,5.04359941999789,29014.89331660427,116356.14805713051,203697.40279765677,225532.71648278832
1787420473560,1.0,7777777.0,7777777.0,7777777.0,7777777.0,0.0,0.0,0.0,0.0,13.337480334380915,13.337480334380915,13.337480334380915,13.337480334380915,228008.1416549217,228008.1416549217,228008.1416549217,228008.1416549217
1787420473687,2.0,280.25129199596927,280.25129199596927,280.25129199596927,280.25129199596927,27.562161277602176,27.562161277602176,27.562161277602176,27.562161277602176,10.316623089830959,16.694586199536317,23.07254930924168,24.66704008666802,28193.7159152012,117849.97329005162,207506.23066490205,229920.29500861466
1787420473754,2.0,279.67322291152874,279.67322291152874,279.67322291152874,279.67322291152874,24.270248664803987,24.270248664803987,24.270248664803987,24.270248664803987,7.864393367506897,14.284065858737103,20.70373834996731,22.30865647277486,28107.375617064492,118189.42506330623,208271.474509548,230791.9868711084
1787420473822,2.0,278.6517556839419,278.6517556839419,278.6517556839419,278.6517556839419,21.40693929210788,21.40693929210788,21.40693929210788,21.40693929210788,8.574604768849914,11.685706958952052,14.796809149054189,15.574584696579723,28214.161296120823,118268.17354362074,208322.18579112066,230835.68885299563
1787420473892,2.0,278.7886359990523,278.7886359990523,278.7886359990523,278.7886359990523,24.090571116159943,24.090571116159943,24.090571116159943,24.090571116159943,6.529618851034601,12.390163612923903,18.250708374813204,19.71584456528553,28173.155757932484,117548.4001830552,206923.6446081779,229267.4557144586
1787420473966,2.0,279.2476944798633,279.2476944798633,279.2476944798633,279.2476944798633,12.740235475229982,12.740235475229982,12.740235475229982,12.740235475229982,2.5826844052450384,6.373521979734147,10.164359554223257,11.112068947845534,28468.16064184634,118674.6161086089,208881.07157537146,231432.6854420621
1787420474036,2.0,279.43793763304734,279.43793763304734,279.43793763304734,279.43793763304734,4.937516837521251,4.937516837521251,4.937516837521251,4.937516837521251,1.0332948349322524,2.542584178556251,4.05187352218025,4.429195858086249,28633.06838436369,119149.33552678395,209665.6026692042,232294.66945480928
1787420474099,2.0,278.6955564373658,278.6955564373658,278.6955564373658,278.6955564373658,38.323085488026685,38.323085488026685,38.323085488026685,38.323085488026685,20.50307958174601,22.871785151434604,25.240490721123198,25.832667113545348,28903.589823670685,119081.42445737869,209259.2590910867,231803.7177495137
1787420474163,2.0,277.8799346995693,277.8799346995693,277.8799346995693,277.8799346995693,13.878587141687182,13.878587141687182,13.878587141687182,13.878587141687182,13.371053723079873,16.465571648627023,19.560089574174174,20.333719055560962,28715.878519308197,118493.05873586051,208270.23895241282,230714.5340065509
1787420474225,2.0,277.58634406846227,277.58634406846227,277.58634406846227,277.58634406846227,5.22466857998191,5.22466857998191,5.22466857998191,5.22466857998191,5.061115772858103,6.297804278008359,7.534492783158614,7.8436649094461774,28688.714422098175,118340.86200697906,207993.00959185997,230406.04648808017
1787420474287,2.0,279.57716218338527,279.57716218338527,279.57716218338527,279.57716218338527,37.08282266108147,37.08282266108147,37.08282266108147,37.08282266108147,12.454084555134857,24.54927696650777,36.644469377880675,39.668267480723905,28974.613021784884,119105.99078271282,209237.36854364077,231770.21298387274
1787420474351,2.0,280.0772551447291,280.0772551447291,280.0772551447291,280.0772551447291,24.994258716836857,24.994258716836857,24.994258716836857,24.994258716836857,3.478546966787565,13.111954376132251,22.745361785476938,25.15371363781311,29238.46757952138,118963.68129220861,208688.89500489584,231120.19843306765
1787420474414,2.0,280.2688260759555,280.2688260759555,280.2688260759555,280.2688260759555,9.600007372559787,9.600007372559787,9.600007372559787,9.600007372559787,1.3713903494228943,5.0638220511342755,8.756253752845657,9.679361678273501,29356.778851437895,118943.54989295057,208530.32093446326,230927.01369484141
1787420474475,2.0,279.9162938172519,279.9162938172519,279.9162938172519,279.9162938172519,35.78663143065613,35.78663143065613,35.78663143065613,35.78663143065613,16.04031665539966,18.058400096505586,20.07648353761151,20.58100439788799,29343.727398247647,119995.42731422745,210647.12723020726,233310.0522092022
1787420474536,2.0,279.7865572366981,279.7865572366981,279.7865572366981,279.7865572366981,13.646869643951884,13.646869643951884,13.646869643951884,13.646869643951884,6.049737389493235,6.881408178330167,7.7130789671671,7.920996664376332,29353.13000922811,120384.98294484953,211416.83588047096,234174.7991143763
1787420474599,2.0,279.92018947666196,279.92018947666196,279.92018947666196,279.92018947666196,2.2082923076088825,2.2082923076088825,2.2082923076088825,2.2082923076088825,1.9768427821440215,2.101283012452964,2.2257232427619065,2.2568333003391423,29302.81772174975,120569.90642724512,211836.9951327405,234653.76730911434
1787420474660,2.0,280.60170941151716,280.60170941151716,280.60170941151716,280.60170941151716,22.683937824685838,22.683937824685838,22.683937824685838,22.683937824685838,5.783245365755801,11.566229993866523,17.349214621977247,18.794960779004928,29076.216178544146,119177.82908624923,209279.44199395433,231804.84522088058
1787420474725,2.0,280.8613684381998,280.8613684381998,280.8613684381998,280.8613684381998,8.137167435918414,8.137167435918414,8.137167435918414,8.137167435918414,2.0799946468006025,4.141191492202968,6.202388337605334,6.717687548955925,29011.270814081283,118683.31495436653,208355.3590946518,230773.3701297231
1787420474785,2.0,280.785949553863,280.785949553863,280.785949553863,280.785949553863,5.571169330825821,5.571169330825821,5.571169330825821,5.571169330825821,1.4612391447960662,3.665974789136681,5.870710433477296,6.42189434456245,29096.734389080622,119047.55644923146,208998.3785093823,231486.08402442
1787420474847,2.0,281.01890166797546,281.01890166797546,281.01890166797546,281.01890166797546,9.596449794463187,9.596449794463187,9.596449794463187,9.596449794463187,3.1757633677751,4.807567053567627,6.439370739360155,6.847321660808286,29101.172756244778,119044.51973864052,208987.86672103626,231473.7034666352
1787420474911,2.0,281.10485253668685,281.10485253668685,281.10485253668685,281.10485253668685,3.510331617720637,3.510331617720637,3.510331617720637,3.510331617720637,1.1781746486888462,1.760418391357309,2.342662134025772,2.4882230696928875,29113.113421209622,119038.67142412672,208964.2294270438,231445.6189277731
1787420474966,2.0,281.31141276408437,281.31141276408437,281.31141276408437,281.31141276408437,17.564827125138518,17.564827125138518,17.564827125138518,17.564827125138518,4.732301881626167,8.782581800624655,12.832861719623144,13.845431699372766,29083.323605451456,118030.67200863222,206978.020411813,229214.85751260817
1787420475025,2.0,281.05723612825125,281.05723612825125,281.05723612825125,281.05723612825125,31.82697893732438,31.82697893732438,31.82697893732438,31.82697893732438,15.761478503531864,15.920315529584917,16.07915255563797,16.118861812151234,29469.748547784635,119734.59694270522,209999.4453376258,232565.65743635595
1787420475085,2.0,280.9614835290121,280.9614835290121,280.9614835290121,280.9614835290121,11.891192343872083,11.891192343872083,11.891192343872083,11.891192343872083,5.903791338227065,5.947368446357325,5.990945554487586,6.001839831520151,29614.606201376533,120368.81240249122,211123.01860360592,233811.5701538846
1787420475148,2.0,280.68242548136783,280.68242548136783,280.68242548136783,280.68242548136783,14.817806051335722,14.817806051335722,14.817806051335722,14.817806051335722,15.441017889552935,19.851541575530277,24.262065261507622,25.364696183001957,29873.263843571116,120764.56916246423,211655.87448135737,234378.70081108063
1787420475212,2.0,280.5483917793933,280.5483917793933,280.5483917793933,280.5483917793933,5.848195887469179,5.848195887469179,5.848195887469179,5.848195887469179,5.758217249927708,7.433910731840468,9.10960421375323,9.52852758423142,29953.20242116491,120870.08897534118,211786.97552951745,234516.1971680615
1787420475281,2.0,282.7553257141268,282.7553257141268,282.7553257141268,282.7553257141268,34.42967337952075,34.42967337952075,34.42967337952075,34.42967337952075,21.616905696146336,27.334685640942517,33.052465585738695,34.48191057193774,30426.489383902892,121522.50462994131,212618.51987597972,235392.52368748933
1787420475343,2.0,280.553261538375,280.553261538375,280.553261538375,280.553261538375,40.402912927101596,40.402912927101596,40.402912927101596,40.402912927101596,22.30451850887228,29.393108586883933,36.48169866489558,38.2538461843985,30147.342968684134,121511.46790661977,212875.59284455542,235716.62407903932
1787420475404,2.0,279.72068175720227,279.72068175720227,279.72068175720227,279.72068175720227,15.792480217424755,15.792480217424755,15.792480217424755,15.792480217424755,9.134806056802919,11.665906228641129,14.197006400479339,14.829781443438891,30031.68303528561,121489.47694954101,212947.27086379644,235811.71934236027
1787420475460,2.0,281.6208390423265,281.6208390423265,281.6208390423265,281.6208390423265,42.432095529456014,42.432095529456014,42.432095529456014,42.432095529456014,26.546658562781722,27.27013552116631,27.993612479550897,28.174481719147042,29831.34622660191,119853.75208762405,209876.1579486462,232381.75941390172
1787420475524,2.0,280.67676835976147,280.67676835976147,280.67676835976147,280.67676835976147,44.58424683257012,44.58424683257012,44.58424683257012,44.58424683257012,23.089858429154944,31.571414669234976,40.05297090931501,42.17335996933502,30448.992796666527,121140.30891489878,211831.62503313104,234504.4540626891
1787420475587,2.0,280.399381097871,280.399381097871,280.399381097871,280.399381097871,16.275851516376978,16.275851516376978,16.275851516376978,16.275851516376978,8.772735823317342,11.910118026112864,15.047500228908383,15.831845779607264,30671.665688658577,121631.53332859406,212591.40096852955,235331.3678785134
1787420475645,2.0,280.185126324759,280.185126324759,280.185126324759,280.185126324759,11.169981328969394,11.169981328969394,11.169981328969394,11.169981328969394,25.2906264022348,29.560574716269628,33.83052303030446,34.89801010881317,29977.98335814858,119952.47097909497,209926.95860004137,232420.58050527796
1787420475708,2.0,280.4281836483471,280.4281836483471,280.4281836483471,280.4281836483471,7.117308018024061,7.117308018024061,7.117308018024061,7.117308018024061,15.693113288429272,17.53536414126704,19.377614994104807,19.838177707314248,29885.795386330763,120041.34124465368,210196.88710297662,232735.77356755733
1787420475770,2.0,280.5336344919079,280.5336344919079,280.5336344919079,280.5336344919079,2.9447116371809052,2.9447116371809052,2.9447116371809052,2.9447116371809052,5.9764805616312175,6.703860113652893,7.4312396656745685,7.613084553679988,29849.984949532896,120076.46937878802,210302.95380804315,232859.57491535693
1787420475838,2.0,282.50515963388574,282.50515963388574,282.50515963388574,282.50515963388574,29.48893822389911,29.48893822389911,29.48893822389911,29.48893822389911,31.07051823223262,32.748341005557776,34.426163778882945,34.84561947221423,29934.139147361,119168.75735833682,208403.37556931266,230712.0301220566
1787420475903,2.0,282.25546092222885,282.25546092222885,282.25546092222885,282.25546092222885,10.624335906015167,10.624335906015167,10.624335906015167,10.624335906015167,4.512751205689273,7.108356959218529,9.703962712747785,10.352864151130099,29828.46711205719,119373.90562685346,208919.34414164975,231305.7037703488
1787420475965,2.0,282.154791419588,282.154791419588,282.154791419588,282.154791419588,4.547301245238225,4.547301245238225,4.547301245238225,4.547301245238225,1.8817135630357216,3.0163016576639476,4.150889752292175,4.434536775949231,29786.403455413507,119455.16131850146,209123.91918158942,231541.1086473614
1787420476027,2.0,281.78710883065344,281.78710883065344,281.78710883065344,281.78710883065344,8.467026976107462,8.467026976107462,8.467026976107462,8.467026976107462,9.11770864915854,9.253286952143426,9.38886525512831,9.422759830874531,29758.242061448145,119072.17024379806,208386.09842614798,230714.58047173545
1787420476090,2.0,281.66231890932823,281.66231890932823,281.66231890932823,281.66231890932823,2.845645022856684,2.845645022856684,2.845645022856684,2.845645022856684,3.304115692217346,3.4061094354030415,3.508103178588737,3.5336016143851605,29748.51796982568,118950.76594334003,208153.01391685437,230453.57591023296
1787420476156,2.0,281.37226890042325,281.37226890042325,281.37226890042325,281.37226890042325,5.178290121506643,5.178290121506643,5.178290121506643,5.178290121506643,9.073269453869097,10.920505187509626,12.767740921150157,13.22954985456029,29752.96593443118,118544.76963917725,207336.57334392332,229534.52427010983
1787420476222,2.0,280.06554543815537,280.06554543815537,280.06554543815537,280.06554543815537,37.553059977384116,37.553059977384116,37.553059977384116,37.553059977384116,15.515086867364438,22.430367310468956,29.345647753573473,31.0744678643496,29661.112057547783,119673.39640078391,209685.68074402004,232188.75182982907
1787420476284,2.0,279.4884410127317,279.4884410127317,279.4884410127317,279.4884410127317,15.626501667562705,15.626501667562705,15.626501667562705,15.626501667562705,6.210030866873498,9.02113805316792,11.832245239462345,12.53502203603595,29615.686663497265,120096.40356827818,210577.1204730591,233197.29969925433
1787420476345,2.0,280.8626926236139,280.8626926236139,280.8626926236139,280.8626926236139,66.54747727275269,66.54747727275269,66.54747727275269,66.54747727275269,14.850254763478329,36.06877210440636,57.28728944533438,62.59191878056639,30097.944262802648,119595.58277065889,209093.22127851515,231467.6309054792
1787420476409,1.0,7777777.0,7777777.0,7777777.0,7777777.0,0.0,0.0,0.0,0.0,30.542639136455946,30.542639136455946,30.542639136455946,30.542639136455946,230201.508204069,230201.508204069,230201.508204069,230201.508204069
1787420476468,1.0,7777777.0,7777777.0,7777777.0,7777777.0,0.0,0.0,0.0,0.0,12.480393095713033,12.480393095713033,12.480393095713033,12.480393095713033,229791.89271740057,229791.89271740057,229791.89271740057,229791.89271740057
1787420476530,2.0,281.4617065415346,281.4617065415346,281.4617065415346,281.4617065415346,30.087733303305544,30.087733303305544,30.087733303305544,30.087733303305544,11.40086519543046,19.927973587258457,28.45508197908645,30.58685907704345,29580.115289708414,117945.57244310249,206311.02959649658,228402.39388484508
1787420476593,1.0,7777777.0,7777777.0,7777777.0,7777777.0,0.0,0.0,0.0,0.0,27.38919794493133,27.38919794493133,27.38919794493133,27.38919794493133,231065.56000299752,231065.56000299752,231065.56000299752,231065.56000299752
1787420476662,1.0,7777777.0,7777777.0,7777777.0,7777777.0,0.0,0.0,0.0,0.0,9.404472557295195,9.404472557295195,9.404472557295195,9.404472557295195,232049.6724061817,232049.6724061817,232049.6724061817,232049.6724061817
1787420476728,2.0,282.5327808790789,282.5327808790789,282.5327808790789,282.5327808790789,26.31804907680737,26.31804907680737,26.31804907680737,26.31804907680737,8.46512466954189,14.908282054693954,21.35143943984602,22.962228786134034,30298.849887568344,121609.06084527273,212919.27180297713,235746.82454240322
1787420476788,2.0,283.10847032025663,283.10847032025663,283.10847032025663,283.10847032025663,24.989828525034277,24.989828525034277,24.989828525034277,24.989828525034277,8.832054429436003,13.740858728392874,18.649663027349746,19.876864102088962,30431.24091407878,121150.28242777742,211869.32394147606,234549.08431990072
1787420476851,2.0,283.3417102042122,283.3417102042122,283.3417102042122,283.3417102042122,8.884395799946585,8.884395799946585,8.884395799946585,8.884395799946585,2.833986598796653,4.782264674887342,6.730542750978032,7.2176122700007035,30448.319979973883,120905.39812792465,211362.47627587544,233976.7458128631
1787420476926,2.0,284.07358289270206,284.07358289270206,284.07358289270206,284.07358289270206,29.11608205555085,29.11608205555085,29.11608205555085,29.11608205555085,14.217876776268287,15.891503010258226,17.56512924424817,17.983535802745653,29962.02087499921,120028.34430784138,210094.66774068357,232611.2485988941
1787420476994,2.0,283.56199801195027,283.56199801195027,283.56199801195027,283.56199801195027,7.791820969792782,7.791820969792782,7.791820969792782,7.791820969792782,5.403412691687333,7.277747264581062,9.15208183747479,9.620665480698223,29598.878328513354,118579.15819292888,207559.4380573444,229804.5080234483
1787420477059,2.0,283.3606180419708,283.3606180419708,283.3606180419708,283.3606180419708,3.2176652794361607,3.2176652794361607,3.2176652794361607,3.2176652794361607,2.106686353321092,2.9106142861461084,3.714542218971125,3.915524202177379,29468.309846410295,118046.49408410746,206624.67832180462,228769.2243812289
1787420477123,2.0,283.4581382888098,283.4581382888098,283.4581382888098,283.4581382888098,18.983047316568108,18.983047316568108,18.983047316568108,18.983047316568108,10.090873543137157,14.939808075934428,19.7887426087317,21.000976241931017,29081.748523153015,117676.01710232825,206270.28568150348,228418.85282629728
1787420477193,2.0,285.1130067511529,285.1130067511529,285.1130067511529,285.1130067511529,44.769243686910436,44.769243686910436,44.769243686910436,44.769243686910436,15.577995249046515,31.30208476119241,47.026174273338306,50.95719665137478,29658.17661587335,117810.16197619028,205962.14733650722,228000.14367658645
1787420477260,2.0,285.5808177081868,285.5808177081868,285.5808177081868,285.5808177081868,16.501124936553296,16.501124936553296,16.501124936553296,16.501124936553296,6.024434507214145,11.979878826886672,17.935323146559202,19.424184226477333,29817.055484119992,117824.55514366645,205832.05480321293,227833.92971809953
1787420477326,2.0,285.73565228671174,285.73565228671174,285.73565228671174,285.73565228671174,13.870464530724698,13.870464530724698,13.870464530724698,13.870464530724698,17.44324545363079,17.539449636714465,17.635653819798144,17.65970486556906,29773.03838079048,118561.10874163813,207349.1791024858,229546.1966926977
1787420477389,2.0,285.71890231990983,285.71890231990983,285.71890231990983,285.71890231990983,24.01854834306742,24.01854834306742,24.01854834306742,24.01854834306742,27.21495042458637,28.183917880292242,29.152885335998114,29.395127199924584,29653.095211956093,119005.32313374523,208357.55105553436,230695.60803598166
1787420477453,2.0,285.81278392663,285.81278392663,285.81278392663,285.81278392663,8.139624311966724,8.139624311966724,8.139624311966724,8.139624311966724,10.237332969877016,10.978586881449155,11.719840793021294,11.905154270914329,29588.019829364286,119175.52925367828,208763.03867799227,231159.91603407077
1787420477519,2.0,288.3948802190392,288.3948802190392,288.3948802190392,288.3948802190392,39.351835156580776,39.351835156580776,39.351835156580776,39.351835156580776,18.888715338944575,20.350768943328312,21.81282254771205,22.178335948807984,29343.73784452463,119416.11365029262,209488.48945606063,232006.58340750262
1787420477584,2.0,287.91451475171607,287.91451475171607,287.91451475171607,287.91451475171607,7.402752119460042,7.402752119460042,7.402752119460042,7.402752119460042,2.1395421234395218,4.710031994731347,7.280521866023172,7.923144333846128,29331.230133080855,119358.88506744988,209386.5400018189,231893.45373541117
1787420477647,2.0,287.7867534482482,287.7867534482482,287.7867534482482,287.7867534482482,2.1044983085304376,2.1044983085304376,2.1044983085304376,2.1044983085304376,1.2378558612755106,2.0558710700300082,2.873886278784506,3.07839008097313,29312.159555630293,119321.30730706034,209330.4550584904,231832.7419963479
1787420477706,2.0,288.345102905183,288.345102905183,288.345102905183,288.345102905183,11.642991811390186,11.642991811390186,11.642991811390186,11.642991811390186,8.795592169733172,12.389026397204766,15.98246062467636,16.880819181544258,29283.567677498795,118485.32833363581,207687.08898977283,229987.5291538071
1787420477778,2.0,287.714334371368,287.714334371368,287.714334371368,287.714334371368,9.912446865217596,9.912446865217596,9.912446865217596,9.912446865217596,1.7279922839781465,5.587609767431133,9.44722725088412,10.412131621747367,29370.23487132937,118994.1605490148,208618.08622670025,231024.0676461216
1787420477843,2.0,287.51759665307065,287.51759665307065,287.51759665307065,287.51759665307065,3.901630357803351,3.901630357803351,3.901630357803351,3.901630357803351,1.4513663563627566,2.737028765205954,4.022691174049152,4.3441067762599515,29386.71816806174,119150.89449528675,208915.07082251177,231356.114904318
1787420477910,2.0,288.1233412690037,288.1233412690037,288.1233412690037,288.1233412690037,9.943079062695881,9.943079062695881,9.943079062695881,9.943079062695881,4.489971328156891,7.806145601376884,11.122319874596878,11.951363442901876,29332.943936318858,118678.65596865653,208024.3680009942,230360.79600907862
1787420477979,2.0,287.90229129120075,287.90229129120075,287.90229129120075,287.90229129120075,21.417875017803098,21.417875017803098,21.417875017803098,21.417875017803098,7.805328933819944,15.587481786460856,23.36963463910177,25.315172852261995,28979.24970462397,117773.42444424704,206567.5991838701,228766.14286877587
1787420478050,2.0,287.83400245749897,287.83400245749897,287.83400245749897,287.83400245749897,7.586984221703325,7.586984221703325,7.586984221703325,7.586984221703325,3.1227063085250206,5.863712835986805,8.604719363448588,9.289970995314034,28853.896581541852,117488.746183876,206123.59578621018,228282.3081867937
1787420478118,1.0,7777777.0,7777777.0,7777777.0,7777777.0,0.0,0.0,0.0,0.0,20.445011890187633,20.445011890187633,20.445011890187633,20.445011890187633,231765.98262906075,231765.98262906075,231765.98262906075,231765.98262906075
1787420478185,1.0,7777777.0,7777777.0,7777777.0,7777777.0,0.0,0.0,0.0,0.0,19.939843897325805,19.939843897325805,19.939843897325805,19.939843897325805,230689.41024686396,230689.41024686396,230689.41024686396,230689.41024686396
1787420478251,1.0,7777777.0,7777777.0,7777777.0,7777777.0,0.0,0.0,0.0,0.0,7.730715665588091,7.730715665588091,7.730715665588091,7.730715665588091,230268.49982967228,230268.49982967228,230268.49982967228,230268.49982967228
1787420478320,2.0,286.84440188068686,286.84440188068686,286.84440188068686,286.84440188068686,18.301677758672344,18.301677758672344,18.301677758672344,18.301677758672344,10.717295601251887,16.553664040672317,22.390032480092742,23.84912458994785,27894.89287067936,117698.74089938891,207502.58892809847,229953.55093527585
1787420478385,2.0,287.4638691797364,287.4638691797364,287.4638691797364,287.4638691797364,13.361188255546303,13.361188255546303,13.361188255546303,13.361188255546303,4.488104940141434,8.870648654585672,13.253192369029907,14.348828297640967,28032.17893629911,118904.40254432097,209776.62615234283,232494.6820543483
1787420478453,2.0,287.6609035926724,287.6609035926724,287.6609035926724,287.6609035926724,3.9078255900084957,3.9078255900084957,3.9078255900084957,3.9078255900084957,1.5498244808642019,2.7566494434400615,3.963474406015921,4.265180646659886,28093.07789582787,119339.71451709187,210586.35113835588,233398.01029367186
1787420478520,2.0,286.8292756319815,286.8292756319815,286.8292756319815,286.8292756319815,16.1599318808051,16.1599318808051,16.1599318808051,16.1599318808051,8.179228419018743,12.07812469497397,15.9770209709292,16.951745039918006,27855.990596835305,118294.74488537427,208733.49917391324,231343.18774604797
1787420478583,2.0,287.2793918256379,287.2793918256379,287.2793918256379,287.2793918256379,12.93225062719205,12.93225062719205,12.93225062719205,12.93225062719205,5.366719972457288,9.214904752961669,13.063089533466052,14.025135728592147,27920.637934238115,118414.31936002627,208908.00078581445,231531.42114226148
1787420478641,2.0,287.45190260657733,287.45190260657733,287.45190260657733,287.45190260657733,5.091540776963143,5.091540776963143,5.091540776963143,5.091540776963143,2.1132962532367205,3.745253859487304,5.377211465737887,5.785200867300533,27956.24724896079,118470.4965892706,208984.74592958041,231613.30826465786
1787420478700,2.0,287.5576765091076,287.5576765091076,287.5576765091076,287.5576765091076,2.2338252310459645,2.2338252310459645,2.2338252310459645,2.2338252310459645,4.833329685501306,5.682609675665957,6.531889665830608,6.7442096633717705,27818.235283993374,118490.64916843269,209163.06305287202,231831.16652398184
1787420478760,2.0,287.59668690282496,287.59668690282496,287.59668690282496,287.59668690282496,0.6828218901410871,0.6828218901410871,0.6828218901410871,0.6828218901410871,1.9845489199115718,2.1986849109243645,2.412820901937157,2.466354899690355,27783.199954644395,118499.1350488583,209215.0701430722,231894.05391662568
1787420478828,1.0,7777777.0,7777777.0,7777777.0,7777777.0,0.0,0.0,0.0,0.0,17.332543016433863,17.332543016433863,17.332543016433863,17.332543016433863,232912.67382798716,232912.67382798716,232912.67382798716,232912.67382798716
1787420478899,2.0,288.8310080063764,288.8310080063764,288.8310080063764,288.8310080063764,19.804511545660624,19.804511545660624,19.804511545660624,19.804511545660624,4.5126903791308814,9.932869397164124,15.353048415197367,16.708093169705677,27884.235817507608,117409.7779853472,206935.3201531868,229316.7056951467
1787420478969,2.0,289.56924128041845,289.56924128041845,289.56924128041845,289.56924128041845,13.983017613590595,13.983017613590595,13.983017613590595,13.983017613590595,7.490225648231658,8.407968718179333,9.325711788127006,9.555147555613924,27951.730447280104,117890.96889534907,207830.20734341803,230315.01695543528
1787420479040,2.0,289.8391431874164,289.8391431874164,289.8391431874164,289.8391431874164,5.1024358342421925,5.1024358342421925,5.1024358342421925,5.1024358342421925,2.7039188337782547,3.0633720348789315,3.4228252359796083,3.5126885362547773,27981.295876359953,118076.0936656404,208170.89145492084,230694.59090224095
1787420479112,1.0,7777777.0,7777777.0,7777777.0,7777777.0,0.0,0.0,0.0,0.0,17.57087467750089,17.57087467750089,17.57087467750089,17.57087467750089,228833.34797991626,228833.34797991626,228833.34797991626,228833.34797991626
1787420479183,1.0,7777777.0,7777777.0,7777777.0,7777777.0,0.0,0.0,0.0,0.0,9.458271653347927,9.458271653347927,9.458271653347927,9.458271653347927,226685.2771707885,226685.2771707885,226685.2771707885,226685.2771707885
1787420479253,1.0,7777777.0,7777777.0,7777777.0,7777777.0,0.0,0.0,0.0,0.0,3.6083196048995987,3.6083196048995987,3.6083196048995987,3.6083196048995987,225953.9608608205,225953.9608608205,225953.9608608205,225953.9608608205
1787420479326,2.0,290.53652489327965,290.53652489327965,290.53652489327965,290.53652489327965,19.444748906011093,19.444748906011093,19.444748906011093,19.444748906011093,2.3605834115149236,9.722519229267702,17.08445504702048,18.924939001458675,27498.95222965558,116199.13125007064,204899.3102704857,227074.35502558947
1787420479393,2.0,289.74816898645884,289.74816898645884,289.74816898645884,289.74816898645884,15.286970460038741,15.286970460038741,15.286970460038741,15.286970460038741,4.2286116529951,10.243286839362863,16.257962025730627,17.76163082232257,27539.75944741699,116912.395069096,206285.03069077502,228628.18959619477
1787420479465,2.0,289.4864326713917,289.4864326713917,289.4864326713917,289.4864326713917,4.672540159634431,4.672540159634431,4.672540159634431,4.672540159634431,1.338051929048662,3.1889048287857307,5.039757728522799,5.502470953457067,27586.064932295994,117224.61387392896,206863.16281556193,229272.80005097017
1787420479544,2.0,287.9458083675669,287.9458083675669,287.9458083675669,287.9458083675669,30.840871990257156,30.840871990257156,30.840871990257156,30.840871990257156,16.074683750703,18.078871307772165,20.08305886484133,20.584105754108624,27818.146121876805,117374.17466317082,206930.20320446484,229319.21033978835
1787420479630,1.0,7777777.0,7777777.0,7777777.0,7777777.0,0.0,0.0,0.0,0.0,10.974784761989525,10.974784761989525,10.974784761989525,10.974784761989525,228506.51032140478,228506.51032140478,228506.51032140478,228506.51032140478
1787420479706,1.0,7777777.0,7777777.0,7777777.0,7777777.0,0.0,0.0,0.0,0.0,9.59638155025206,9.59638155025206,9.59638155025206,9.59638155025206,227869.51864062622,227869.51864062622,227869.51864062622,227869.51864062622
1787420479775,1.0,7777777.0,7777777.0,7777777.0,7777777.0,0.0,0.0,0.0,0.0,3.9502577521788313,3.9502577521788313,3.9502577521788313,3.9502577521788313,227708.0848693438,227708.0848693438,227708.0848693438,227708.0848693438
1787420479862,2.0,286.69332680620215,286.69332680620215,286.69332680620215,286.69332680620215,19.12145475378621,19.12145475378621,19.12145475378621,19.12145475378621,12.966725483371995,14.811977050111045,16.657228616850094,17.118541508534857,28647.93097908157,117127.65800482756,205607.38503057355,227727.31678701006
1787420479937,2.0,288.7543363544893,288.7543363544893,288.7543363544893,288.7543363544893,30.355045501836063,30.355045501836063,30.355045501836063,30.355045501836063,9.34808829057194,18.753080028238102,28.15807176590426,30.509319700320802,28795.629066626265,117369.63393076649,205943.63879490673,228087.14001094177
1787420480023,2.0,289.5185670869231,289.5185670869231,289.5185670869231,289.5185670869231,9.89402104346814,9.89402104346814,9.89402104346814,9.89402104346814,2.9085837951154017,6.1017477497206265,9.294911704325852,10.093202692977158,28842.326585023107,117455.8262392953,206069.3258935675,228222.70080713555
1787420480090,2.0,289.2775861302645,289.2775861302645,289.2775861302645,289.2775861302645,19.127866330346503,19.127866330346503,19.127866330346503,19.127866330346503,5.18516481849238,9.714035853797979,14.24290688910358,15.37512464792998,28873.858664859694,117578.37895053369,206282.89923620768,228459.0293076262
1787420480165,2.0,288.40556964680843,288.40556964680843,288.40556964680843,288.40556964680843,12.928186248258056,12.928186248258056,12.928186248258056,12.928186248258056,4.336667244962852,9.42150766391627,14.506348082869687,15.777558187608042,28785.633656627408,117199.27115420857,205612.90865178974,227716.31802618504
1787420480245,2.0,284.85981630246505,284.85981630246505,284.85981630246505,284.85981630246505,44.51997520193143,44.51997520193143,44.51997520193143,44.51997520193143,20.091596482860794,23.291211332450626,26.490826182040458,27.290729894437916,29484.99292518245,118583.99624852696,207682.99957187148,229957.7504027076
1787420480319,2.0,283.5470639824517,283.5470639824517,283.5470639824517,283.5470639824517,17.797381979203443,17.797381979203443,17.797381979203443,17.797381979203443,8.019478163669325,9.363831684119184,10.708185204569041,11.044273584681505,29756.916646163518,119152.44553762942,208547.97442909534,230896.8566519618
1787420480392,2.0,281.6983327689001,281.6983327689001,281.6983327689001,281.6983327689001,28.66382553135105,28.66382553135105,28.66382553135105,28.66382553135105,6.8490316183497235,15.53155667935605,24.214081740362378,26.38471300561396,29965.208782274556,119005.35479851952,208045.5008147645,230305.53731882572
1787420480466,2.0,281.0604439029448,281.0604439029448,281.0604439029448,281.0604439029448,26.344826882494235,26.344826882494235,26.344826882494235,26.344826882494235,14.439610452837286,15.87583733853851,17.312064224239734,17.671120945665038,30152.42461900986,119556.5573867939,208960.69015457793,231311.72334652394
1787420480539,2.0,280.83795826980906,280.83795826980906,280.83795826980906,280.83795826980906,10.204959370664737,10.204959370664737,10.204959370664737,10.204959370664737,5.565920684073186,6.133888790285829,6.701856896498472,6.843848923051633,30225.090649840888,119774.41918366356,209323.74771748623,231711.0798509419
1787420480613,2.0,282.1156522767189,282.1156522767189,282.1156522767189,282.1156522767189,17.83556523505925,17.83556523505925,17.83556523505925,17.83556523505925,11.715627706696196,16.492427066118395,21.269226425540598,22.463426265396148,30019.18321596617,118634.52510850923,207249.8670010523,229403.70247418806
1787420480691,2.0,280.99616793850583,280.99616793850583,280.99616793850583,280.99616793850583,15.807536944383742,15.807536944383742,15.807536944383742,15.807536944383742,5.060623150776047,11.37387388332034,17.68712461586463,19.265437299000702,30181.11645264551,119308.32003129646,208435.5236099474,230717.32450461015
1787420480761,2.0,280.5915594204718,280.5915594204718,280.5915594204718,280.5915594204718,6.413189013465244,6.413189013465244,6.413189013465244,6.413189013465244,2.2706349515158752,4.835244770175842,7.399854588835808,8.0410070435008,30241.888167099492,119592.19338073407,208942.49859436866,231280.0748977773
1787420480832,2.0,280.9260465399078,280.9260465399078,280.9260465399078,280.9260465399078,10.681225204576013,10.681225204576013,10.681225204576013,10.681225204576013,4.270541431569141,5.342787638866687,6.415033846164233,6.68309539798862,29827.486517813173,118245.39423254097,206663.30194726877,228767.77887595072
1787420480902,1.0,7777777.0,7777777.0,7777777.0,7777777.0,0.0,0.0,0.0,0.0,10.130239210333057,10.130239210333057,10.130239210333057,10.130239210333057,228714.93220673874,228714.93220673874,228714.93220673874,228714.93220673874
1787420480975,1.0,7777777.0,7777777.0,7777777.0,7777777.0,0.0,0.0,0.0,0.0,6.118755231019416,6.118755231019416,6.118755231019416,6.118755231019416,228651.9274237007,228651.9274237007,228651.9274237007,228651.9274237007
1787420481054,1.0,7777777.0,7777777.0,7777777.0,7777777.0,0.0,0.0,0.0,0.0,2.1793055798639602,2.1793055798639602,2.1793055798639602,2.1793055798639602,228712.10651709326,228712.10651709326,228712.10651709326,228712.10651709326
1787420481127,1.0,7777777.0,7777777.0,7777777.0,7777777.0,0.0,0.0,0.0,0.0,11.980012459763158,11.980012459763158,11.980012459763158,11.980012459763158,229738.70410972834,229738.70410972834,229738.70410972834,229738.70410972834
1787420481198,2.0,281.0617567487906,281.0617567487906,281.0617567487906,281.0617567487906,9.625196796928181,9.625196796928181,9.625196796928181,9.625196796928181,4.071881878936182,7.422737266856731,10.77359265477728,11.611306501757417,29376.089369001824,118173.7600305212,206971.43069204057,229170.84835742041
1787420481269,2.0,280.948187537851,280.948187537851,280.948187537851,280.948187537851,2.9682211950678012,2.9682211950678012,2.9682211950678012,2.9682211950678012,2.2801742307891435,3.1876964610284055,4.095218691267667,4.322099248827483,29312.569093985276,118079.24104090582,206845.91298782636,229037.5809745565
1787420481339,2.0,280.5556524722443,280.5556524722443,280.5556524722443,280.5556524722443,11.358596744375227,11.358596744375227,11.358596744375227,11.358596744375227,3.4694925155462526,6.511487580110073,9.553482644673892,10.313981410814847,29388.50420201265,118585.71813071019,207782.93205940773,230082.2355415821
1787420481402,2.0,280.0601384715442,280.0601384715442,280.0601384715442,280.0601384715442,8.750725760260531,8.750725760260531,8.750725760260531,8.750725760260531,9.675770083114706,12.769558768355214,15.863347453595724,16.63679462490585,29469.794187234205,118778.6436234538,208087.4930596734,230414.7054187283
1787420481469,2.0,279.8856936136778,279.8856936136778,279.8856936136778,279.8856936136778,2.9408267297920125,2.9408267297920125,2.9408267297920125,2.9408267297920125,3.519595039803109,4.546800335449158,5.574005631095208,5.83080695500672,29520.80066653276,118874.6900130366,208228.57935954045,230567.0516961664
1787420481534,2.0,279.21882474460733,279.21882474460733,279.21882474460733,279.21882474460733,15.159857253065153,15.159857253065153,15.159857253065153,15.159857253065153,5.605502412655262,8.800417466060757,11.995332519466253,12.794061282817626,29376.855642390903,118963.56750833942,208550.27937428793,230946.95734077506
1787420481600,2.0,279.90190153611195,279.90190153611195,279.90190153611195,279.90190153611195,10.475584546513204,10.475584546513204,10.475584546513204,10.475584546513204,3.2504021036141393,6.922555357928955,10.594708612243771,11.512746925822475,29287.271540463276,118930.03218662424,208572.79283278523,230983.48299432546
1787420481664,2.0,280.1786694369316,280.1786694369316,280.1786694369316,280.1786694369316,4.388479546837268,4.388479546837268,4.388479546837268,4.388479546837268,1.1542671033613976,2.644018290761553,4.1337694781617085,4.5062072750117474,29269.905257145037,118922.72634371975,208575.54743029448,230988.75270193815
1787420481726,1.0,7777777.0,7777777.0,7777777.0,7777777.0,0.0,0.0,0.0,0.0,14.507390486182064,14.507390486182064,14.507390486182064,14.507390486182064,231656.66886066645,231656.66886066645,231656.66886066645,231656.66886066645
1787420481789,2.0,281.74986822434744,281.74986822434744,281.74986822434744,281.74986822434744,21.109508538477055,21.109508538477055,21.109508538477055,21.109508538477055,9.15703084556658,13.534468549757332,17.911906253948082,19.00626567999577,29290.629355954472,118149.76967944996,207008.91000294546,229223.69508381933
1787420481848,2.0,282.2245687745715,282.2245687745715,282.2245687745715,282.2245687745715,8.867856516163842,8.867856516163842,8.867856516163842,8.867856516163842,4.165219925457343,5.733701488542331,7.302183051627319,7.6943034423985655,29275.289032828485,117747.05572712072,206218.82242141297,228336.76409498602
1787420481914,1.0,7777777.0,7777777.0,7777777.0,7777777.0,0.0,0.0,0.0,0.0,16.998936023136153,16.998936023136153,16.998936023136153,16.998936023136153,230930.74783055857,230930.74783055857,230930.74783055857,230930.74783055857
1787420481982,2.0,278.19570140490737,278.19570140490737,278.19570140490737,278.19570140490737,28.65085274018556,28.65085274018556,28.65085274018556,28.65085274018556,9.88178127722236,14.380049917167753,18.878318557113147,20.002885717099495,29740.671231919947,119440.80452389293,209140.93781586594,231565.97113885917
1787420482054,2.0,277.5516850966728,277.5516850966728,277.5516850966728,277.5516850966728,9.903408116800769,9.903408116800769,9.903408116800769,9.903408116800769,2.3545420433511812,4.970222169542438,7.585902295733694,8.239822327281509,29835.273960539605,119557.1385736498,209279.00318676,231709.46934003755
1787420482122,2.0,278.0217644371019,278.0217644371019,278.0217644371019,278.0217644371019,25.35857818662592,25.35857818662592,25.35857818662592,25.35857818662592,9.251857910050134,12.985986663314971,16.72011541657981,17.65364760489602,30023.3813080424,120077.8656695101,210132.3500309778,232645.97112134472
1787420482184,2.0,277.9574950879271,277.9574950879271,277.9574950879271,277.9574950879271,17.292231476145993,17.292231476145993,17.292231476145993,17.292231476145993,5.7523484105991365,8.78520198268652,11.818055554773904,12.57626894779575,30158.70773679824,120254.93072440592,210351.1537120136,232875.20945891552
1787420482248,2.0,277.9097722042837,277.9097722042837,277.9097722042837,277.9097722042837,6.576484689442944,6.576484689442944,6.576484689442944,6.576484689442944,2.302077844799881,3.2909325859441,4.27978732708832,4.527001012374375,30230.727461418697,120318.12760417257,210405.52774692644,232927.3777826149
1787420482310,2.0,275.85340505841214,275.85340505841214,275.85340505841214,275.85340505841214,33.7238847664775,33.7238847664775,33.7238847664775,33.7238847664775,11.361734505123962,16.91132171996352,22.460908934803076,23.848305738512966,30105.932966047527,119720.56414586306,209335.1953256786,231738.85312063247
1787420482374,2.0,275.90716529623273,275.90716529623273,275.90716529623273,275.90716529623273,11.482927452330543,11.482927452330543,11.482927452330543,11.482927452330543,13.026689408491398,17.463877264241862,21.901065119992325,23.01036208392994,30308.213168481645,120729.02660629107,211149.8400441005,233755.04340355285
1787420482439,2.0,275.88912822962897,275.88912822962897,275.88912822962897,275.88912822962897,3.984542069461112,3.984542069461112,3.984542069461112,3.984542069461112,4.597948324025161,6.098155002008349,7.598361679991537,7.973413349487334,30420.077394016276,121107.66429355834,211795.2511931004,234467.14791798592
1787420482504,2.0,274.6762098409948,274.6762098409948,274.6762098409948,274.6762098409948,45.5567078830104,45.5567078830104,45.5567078830104,45.5567078830104,18.27674505722603,26.722485101112717,35.16822514499941,37.27966015597108,29969.49059283517,119331.40712524334,208693.32365765152,231033.80279075354
1787420482574,2.0,274.3541334408632,274.3541334408632,274.3541334408632,274.3541334408632,14.34640937826761,14.34640937826761,14.34640937826761,14.34640937826761,9.250065717492665,12.04148783476565,14.832909952038635,15.530765481356882,30183.72069118023,120349.60734459758,210515.49399801492,233056.96566136926
1787420482641,2.0,274.3074239258576,274.3074239258576,274.3074239258576,274.3074239258576,5.897920573682938,5.897920573682938,5.897920573682938,5.897920573682938,3.4528687051547053,4.900464587631667,6.3480604701086305,6.709959440727871,30307.087532342553,120717.41806992865,211127.74860751475,233730.33124191128
1787420482705,2.0,274.30372833688574,274.30372833688574,274.30372833688574,274.30372833688574,10.202545628022627,10.202545628022627,10.202545628022627,10.202545628022627,4.98145387816077,7.841986924786719,10.702519971412668,11.417653233069155,30237.31135966182,119742.98724880815,209248.66313795449,231625.08211024106
1787420482958,2.0,277.0791487018483,277.0791487018483,277.0791487018483,277.0791487018483,12.860474770178255,12.860474770178255,12.860474770178255,12.860474770178255,2.6286887600492403,6.4647713386002215,10.300853917151203,11.259874561788948,31204.470653405042,124430.70638333634,217656.94211326764,240963.50104575045
1787420483032,1.0,7777777.0,7777777.0,7777777.0,7777777.0,0.0,0.0,0.0,0.0,5.6469128375984345,5.6469128375984345,5.6469128375984345,5.6469128375984345,243587.76937952638,243587.76937952638,243587.76937952638,243587.76937952638
1787420483105,2.0,274.367081347836,274.367081347836,274.367081347836,274.367081347836,43.5974824495009,43.5974824495009,43.5974824495009,43.5974824495009,4.827610231886073,22.18410778966434,39.54060534744261,43.87972973688717,30830.442464622858,121665.74835060537,212501.0542365879,235209.8807080835
1787420483172,2.0,275.98383941107073,275.98383941107073,275.98383941107073,275.98383941107073,24.409198808701415,24.409198808701415,24.409198808701415,24.409198808701415,5.4249421930717805,15.176327417573928,24.927712642076077,27.365558948201613,31519.38239962687,124720.18558526249,217920.9887708981,241221.189567307
1787420483238,2.0,276.28042127522576,276.28042127522576,276.28042127522576,276.28042127522576,4.536946656185607,4.536946656185607,4.536946656185607,4.536946656185607,1.470922961802324,3.254670335854527,5.03841770990673,5.48435455341978,31770.37706590572,125727.44701974082,219684.51697357593,243173.7844620347
1787420483306,1.0,7777777.0,7777777.0,7777777.0,7777777.0,0.0,0.0,0.0,0.0,37.275810377696295,37.275810377696295,37.275810377696295,37.275810377696295,235618.40481901355,235618.40481901355,235618.40481901355,235618.40481901355
1787420483370,1.0,7777777.0,7777777.0,7777777.0,7777777.0,0.0,0.0,0.0,0.0,0.8753891304228953,0.8753891304228953,0.8753891304228953,0.8753891304228953,232071.23176432773,232071.23176432773,232071.23176432773,232071.23176432773
1787420483433,2.0,275.4680974431404,275.4680974431404,275.4680974431404,275.4680974431404,20.26804614602417,20.26804614602417,20.26804614602417,20.26804614602417,5.1868928187731065,11.189509382165134,17.192125945557166,18.692780086405172,31449.784946306238,123701.06788483355,215952.35082336087,239015.1715579927
1787420483497,2.0,274.5808235666385,274.5808235666385,274.5808235666385,274.5808235666385,17.231463253255576,17.231463253255576,17.231463253255576,17.231463253255576,11.232272588092405,17.673739302289995,24.11520601648759,25.725572695036988,30654.58787603765,120403.8212276462,210153.05457925476,232590.3629171569
1787420483562,2.0,274.8744495716326,274.8744495716326,274.8744495716326,274.8744495716326,4.519236102977549,4.519236102977549,4.519236102977549,4.519236102977549,3.4201596797887266,3.929542578528923,4.43892547726912,4.5662712019541685,30330.820433496126,118946.93061691616,207563.0408003362,229717.0683461912
1787420483631,2.0,275.1111709594545,275.1111709594545,275.1111709594545,275.1111709594545,11.779703235669025,11.779703235669025,11.779703235669025,11.779703235669025,5.488897797648261,7.028181301654145,8.567464805660029,8.9522856816615,30083.814505275994,117408.58391842572,204733.35333157546,226564.54568486288
1787420483698,1.0,7777777.0,7777777.0,7777777.0,7777777.0,0.0,0.0,0.0,0.0,2.912518678682601,2.912518678682601,2.912518678682601,2.912518678682601,225902.43431520462,225902.43431520462,225902.43431520462,225902.43431520462
1787420483763,1.0,7777777.0,7777777.0,7777777.0,7777777.0,0.0,0.0,0.0,0.0,1.0685356389806497,1.0685356389806497,1.0685356389806497,1.0685356389806497,225931.04048081487,225931.04048081487,225931.04048081487,225931.04048081487
1787420483829,2.0,274.59589619741945,274.59589619741945,274.59589619741945,274.59589619741945,13.992848855558183,13.992848855558183,13.992848855558183,13.992848855558183,4.577788167472357,9.632842568302115,14.687896969131874,15.951660569339312,30352.319714204597,118696.11832014285,207039.91692608112,229125.86657756567
1787420483891,2.0,275.3700987182416,275.3700987182416,275.3700987182416,275.3700987182416,15.544378831050935,15.544378831050935,15.544378831050935,15.544378831050935,7.448166982137182,8.971858044211373,10.495549106285562,10.87647187180411,30624.68123980174,119771.17758122506,208917.6739226484,231204.2980080042
1787420483957,2.0,275.64722802368965,275.64722802368965,275.64722802368965,275.64722802368965,5.324344345924304,5.324344345924304,5.324344345924304,5.324344345924304,2.4315863366882264,3.0576968012166645,3.683807265745103,3.8403348818772125,30740.676943429164,120220.77730911493,209700.8776748007,232070.90276622213
1787420484026,2.0,275.5649226758836,275.5649226758836,275.5649226758836,275.5649226758836,1.2289142701499909,1.2289142701499909,1.2289142701499909,1.2289142701499909,9.737304567272751,9.969422388530663,10.201540209788574,10.25956966510305,30304.252948260008,118864.86343029456,207425.47391232912,229565.62653283775
1787420484095,2.0,275.77582630235827,275.77582630235827,275.77582630235827,275.77582630235827,17.501316158715635,17.501316158715635,17.501316158715635,17.501316158715635,8.416171173838519,9.539918972925097,10.663666772011673,10.944603721783318,30266.415421085945,118502.56399171683,206738.71256234773,228797.74970500544
1787420484162,2.0,275.85456438187754,275.85456438187754,275.85456438187754,275.85456438187754,6.733123936611021,6.733123936611021,6.733123936611021,6.733123936611021,3.2276867384870895,3.672320513955844,4.116954289424599,4.228112733291788,30279.301171529667,118448.98634506948,206618.6715186093,228661.09281199425
1787420484227,2.0,275.4176112550074,275.4176112550074,275.4176112550074,275.4176112550074,11.055579587331753,11.055579587331753,11.055579587331753,11.055579587331753,9.205896261160614,13.615794483691241,18.025692706221868,19.128167261854525,30824.940578824073,119956.6555437519,209088.37050867974,231371.29924991168
1787420484292,2.0,275.854157341927,275.854157341927,275.854157341927,275.854157341927,6.768022737461147,6.768022737461147,6.768022737461147,6.768022737461147,7.63917124640688,9.15562212497089,10.672073003534901,11.051185723175903,30705.11661310424,119742.33457254828,208779.55253199232,231038.85702185333
1787420484357,2.0,275.96421113680145,275.96421113680145,275.96421113680145,275.96421113680145,1.693343264732824,1.693343264732824,1.693343264732824,1.693343264732824,2.8365729996625073,3.0998915845769686,3.3632101694914294,3.429039815720045,30646.333301145165,119671.41521273903,208696.4971243329,230952.76760223135
1787420484425,2.0,275.6593279082809,275.6593279082809,275.6593279082809,275.6593279082809,5.153839855992846,5.153839855992846,5.153839855992846,5.153839855992846,9.448452714730637,9.508991695479434,9.569530676228231,9.58466542141543,30397.887101073564,118903.01565068215,207408.14420029076,229534.4263376929
1787420484491,2.0,275.7887625690776,275.7887625690776,275.7887625690776,275.7887625690776,15.032154859726548,15.032154859726548,15.032154859726548,15.032154859726548,2.0746572214348546,7.543873938745843,13.013090656056834,14.38039483538458,30589.837199031634,119579.73681144544,208569.63642385925,230817.1113269627
1787420484557,2.0,275.83719968566686,275.83719968566686,275.83719968566686,275.83719968566686,5.675666316519035,5.675666316519035,5.675666316519035,5.675666316519035,0.7676811348246297,2.8463098737069377,4.924938612589245,5.444595797309822,30667.003691483664,119858.54767039977,209050.09164931587,231347.9776440449
1787420484622,2.0,275.5091499624572,275.5091499624572,275.5091499624572,275.5091499624572,9.100912602134283,9.100912602134283,9.100912602134283,9.100912602134283,3.5136236914468943,7.113895199273818,10.714166707100743,11.614234584057474,30682.11619824814,119644.40739409486,208606.69858994157,230847.27138890326
1787420484689,2.0,275.6086470601078,275.6086470601078,275.6086470601078,275.6086470601078,3.905562210528222,3.905562210528222,3.905562210528222,3.905562210528222,3.359109981405919,4.920918739529007,6.482727497652095,6.873179687182867,30887.811238982904,120203.3201130908,209518.8289871987,231847.70620572567
1787420484753,2.0,275.6705707750425,275.6705707750425,275.6705707750425,275.6705707750425,1.8499680264602931,1.8499680264602931,1.8499680264602931,1.8499680264602931,1.1076127653752732,1.8254335290129025,2.543254292650532,2.7227094835599392,30961.49338747037,120415.78087597794,209870.06836448552,232233.6402366124
1787420484811,2.0,278.0738489534487,278.0738489534487,278.0738489534487,278.0738489534487,41.65409491455068,41.65409491455068,41.65409491455068,41.65409491455068,11.430487661415311,26.493141377991268,41.55579509456722,45.321458523711215,31934.196769309674,124388.93387751316,216843.67098571666,239957.35526276752
1787420484868,2.0,275.8736121583959,275.8736121583959,275.8736121583959,275.8736121583959,38.7772492811544,38.7772492811544,38.7772492811544,38.7772492811544,8.7876690025368,22.034699477067996,35.281729951599196,38.59348757023199,31363.08482990123,121649.92089579755,211936.75696169387,234508.46597816795
1787420484932,2.0,275.07792587658906,275.07792587658906,275.07792587658906,275.07792587658906,12.464129697521438,12.464129697521438,12.464129697521438,12.464129697521438,3.127989205163969,7.4409009282499845,11.753812651336,12.832040582107505,31134.444288501516,120582.91213181801,210031.3799751345,232393.49693596363
1787420484998,2.0,275.7199712583466,275.7199712583466,275.7199712583466,275.7199712583466,11.128282103488171,11.128282103488171,11.128282103488171,11.128282103488171,3.506441720819746,5.564517882421817,7.622594044023889,8.137113084424406,30895.206719660015,119518.02251693234,208140.83831420468,230296.54226352274
1787420485064,2.0,275.77034057885004,275.77034057885004,275.77034057885004,275.77034057885004,7.422500886619333,7.422500886619333,7.422500886619333,7.422500886619333,3.4919867102078093,4.118014838330958,4.744042966454106,4.900549998484894,30903.80732290633,119322.25614474155,207740.70496657677,229845.31717203557
1787420485133,2.0,275.828784144464,275.828784144464,275.828784144464,275.828784144464,2.541146691879847,2.541146691879847,2.541146691879847,2.541146691879847,1.2719650442280372,1.5527108107477356,1.833456577267434,1.9036430188973585,30906.317312860396,119284.93324807612,207663.54918329185,229758.20316709578
1787420485198,2.0,275.0728299146055,275.0728299146055,275.0728299146055,275.0728299146055,27.059985919208973,27.059985919208973,27.059985919208973,27.059985919208973,11.02377126772993,13.571169925415468,16.118568583101005,16.75541824752239,30997.053866603226,120035.28324541077,209073.51262421833,231333.0699689202
1787420485264,2.0,275.0843750553079,275.0843750553079,275.0843750553079,275.0843750553079,1.1364950536667517,1.1364950536667517,1.1364950536667517,1.1364950536667517,1.730568922321822,2.086370041033848,2.4421711597458744,2.531121439423881,31082.986490732852,120490.2626204791,209897.53875022536,232249.35778266191
1787420485330,2.0,275.1456033897898,275.1456033897898,275.1456033897898,275.1456033897898,0.9362271721936041,0.9362271721936041,0.9362271721936041,0.9362271721936041,0.641939738393013,0.9962729265750575,1.350606114757102,1.4391894118026132,31106.308567830736,120623.98225749191,210141.65594715308,232521.07436956838
1787420485398,2.0,275.3283373280719,275.3283373280719,275.3283373280719,275.3283373280719,8.4683045262759,8.4683045262759,8.4683045262759,8.4683045262759,4.848175703535659,7.958511278845139,11.06884685415462,11.846430747981989,30957.27258453537,120111.054516376,209264.83644821664,231553.28193117678
1787420485462,2.0,275.41435874517674,275.41435874517674,275.41435874517674,275.41435874517674,8.037565311387603,8.037565311387603,8.037565311387603,8.037565311387603,4.504639175743574,5.382271158830231,6.259903141916888,6.479311137688551,30895.785136639886,119871.02936280426,208846.27358896864,231090.08464550972
1787420485524,2.0,275.45146864560866,275.45146864560866,275.45146864560866,275.45146864560866,3.1558940681134207,3.1558940681134207,3.1558940681134207,3.1558940681134207,1.7593241132186348,2.0831476705828957,2.4069712279471567,2.487927117288222,30876.542768322306,119804.4505095277,208732.3582507331,230964.33518603444
1787420485587,2.0,275.59211149460856,275.59211149460856,275.59211149460856,275.59211149460856,22.265932757262604,22.265932757262604,22.265932757262604,22.265932757262604,6.075219846062211,14.658719100904266,23.24221835574632,25.388093169456834,31270.520072007927,121403.68503159657,211536.8499911852,234070.14123108238
1787420485657,2.0,275.43077828698364,275.43077828698364,275.43077828698364,275.43077828698364,2.4314512683117804,2.4314512683117804,2.4314512683117804,2.4314512683117804,1.8041590316882676,2.696497276748808,3.588835521809348,3.811920083074483,31228.197766277008,121342.10996331181,211456.02216034662,233984.50020960532
1787420485719,2.0,275.3410509582814,275.3410509582814,275.3410509582814,275.3410509582814,1.4472216694365905,1.4472216694365905,1.4472216694365905,1.4472216694365905,0.9345258245023631,1.5058736003198008,2.0772213761372385,2.220058320091598,31206.779558361624,121298.739368335,211390.69917830836,233913.6891308017
1787420485781,2.0,275.6656640348589,275.6656640348589,275.6656640348589,275.6656640348589,20.461175398312974,20.461175398312974,20.461175398312974,20.461175398312974,7.573042490016352,10.367564616646582,13.162086743276815,13.860717274934371,31077.669817554764,120905.26794565376,210732.86607375275,233189.7656057775
1787420485843,2.0,275.41924212415023,275.41924212415023,275.41924212415023,275.41924212415023,5.641738061676012,5.641738061676012,5.641738061676012,5.641738061676012,2.9591360153109707,5.0890740320020225,7.219012048693074,7.751496552865836,31069.305244211762,120939.16893913923,210809.0326340667,233276.49855779856
1787420485910,2.0,275.30249305003275,275.30249305003275,275.30249305003275,275.30249305003275,2.1323762582676244,2.1323762582676244,2.1323762582676244,2.1323762582676244,1.0411066893075869,1.8203874614067803,2.5996682335059735,2.794488426530772,31065.808296463336,120941.47755074443,210817.14680502552,233286.0641185958
1787420485986,2.0,275.6119819368272,275.6119819368272,275.6119819368272,275.6119819368272,5.652100171325126,5.652100171325126,5.652100171325126,5.652100171325126,5.209012417097098,7.4654875010473525,9.721962584997607,10.286081355985171,31410.230032596133,121851.61983914184,212293.00964568756,234903.35709732398
1787420486052,2.0,275.2819322000901,275.2819322000901,275.2819322000901,275.2819322000901,29.428359001471055,29.428359001471055,29.428359001471055,29.428359001471055,11.714414785475965,22.90157700096409,34.08873921645222,36.88552977032425,31062.303776953115,119815.27342189627,208568.24306683944,230756.48547807522
1787420486117,2.0,275.45058916263025,275.45058916263025,275.45058916263025,275.45058916263025,9.603365335293933,9.603365335293933,9.603365335293933,9.603365335293933,4.401348611937427,8.229757446233403,12.058166280529377,13.015268489103372,30912.711183445343,118977.09405414853,207041.47692485174,229057.57264252752
1787420486183,2.0,275.84450577150324,275.84450577150324,275.84450577150324,275.84450577150324,7.4587537210767625,7.4587537210767625,7.4587537210767625,7.4587537210767625,6.587286998385142,6.648121761842257,6.70895652529937,6.724165216163648,30798.819472557865,119072.8728833003,207346.92629404273,229415.43964672834
1787420486247,2.0,276.02904531235333,276.02904531235333,276.02904531235333,276.02904531235333,7.057426002308242,7.057426002308242,7.057426002308242,7.057426002308242,8.536062801483647,10.232598660964456,11.929134520445265,12.353268485315468,30846.30409905843,119701.32887320349,208556.35364734856,230770.1098408848
1787420486314,2.0,276.0791500915234,276.0791500915234,276.0791500915234,276.0791500915234,2.394835627866468,2.394835627866468,2.394835627866468,2.394835627866468,2.9867708740668784,3.668040852211618,4.349310830356358,4.519628324892543,30864.57815239411,119955.28893981036,209045.99972722662,231318.67742408067
1787420486374,2.0,276.06855455749286,276.06855455749286,276.06855455749286,276.06855455749286,6.425811717656704,6.425811717656704,6.425811717656704,6.425811717656704,2.8532633112244583,3.3715984365657645,3.889933561907071,4.019517343242398,30908.250318043843,120037.34329832147,209166.4362785991,231448.7095236685
1787420486446,2.0,276.38821376075947,276.38821376075947,276.38821376075947,276.38821376075947,13.647226238671777,13.647226238671777,13.647226238671777,13.647226238671777,5.39780266018659,7.1293898239343605,8.86097698768213,9.293873778619073,30768.046008364927,119284.59162162,207801.1372348751,229930.27363818884
1787420486513,2.0,276.49525835719714,276.49525835719714,276.49525835719714,276.49525835719714,5.495168918399077,5.495168918399077,5.495168918399077,5.495168918399077,2.2533096545038354,2.9164427112488984,3.579575767993962,3.7453590321802275,30723.156554372425,119045.48330403771,207367.810053703,229448.39174111933
1787420486579,2.0,276.17094900638574,276.17094900638574,276.17094900638574,276.17094900638574,23.97359078350045,23.97359078350045,23.97359078350045,23.97359078350045,6.451756832365699,14.031219196988722,21.610681561611745,23.5055471527675,31084.512336461572,120951.71792804799,210818.9235196344,233285.724917531
1787420486644,2.0,275.97292087448784,275.97292087448784,275.97292087448784,275.97292087448784,3.7816323467652238,3.7816323467652238,3.7816323467652238,3.7816323467652238,1.7172060071778295,1.9611474714291848,2.20508893568054,2.266074301743379,31289.936504418543,120926.69920144859,210563.46189847865,232972.65257273614
1787420486709,2.0,275.8351418445683,275.8351418445683,275.8351418445683,275.8351418445683,2.470307647722021,2.470307647722021,2.470307647722021,2.470307647722021,0.7667407828529061,1.2413191111448494,1.7158974394367925,1.8345420215097783,31349.297618603523,120904.59774903115,210459.8978794588,232848.72291206568
1787420486777,1.0,7777777.0,7777777.0,7777777.0,7777777.0,0.0,0.0,0.0,0.0,2.4817279359259934,2.4817279359259934,2.4817279359259934,2.4817279359259934,233182.9633617662,233182.9633617662,233182.9633617662,233182.9633617662
1787420486846,2.0,275.61627863039917,275.61627863039917,275.61627863039917,275.61627863039917,3.601570529926967,3.601570529926967,3.601570529926967,3.601570529926967,10.4681539304054,11.90005395142585,13.331953972446298,13.68992897770141,31365.71900304621,120509.81691962434,209653.9148362025,231939.939315347
1787420486907,2.0,275.77886808185445,275.77886808185445,275.77886808185445,275.77886808185445,4.850187358440874,4.850187358440874,4.850187358440874,4.850187358440874,4.695046247803941,6.026575565224672,7.358104882645402,7.690987212000585,31311.580626180352,120254.23688660539,209196.89314703044,231432.5572121367
1787420486973,1.0,7777777.0,7777777.0,7777777.0,7777777.0,0.0,0.0,0.0,0.0,12.117210633347266,12.117210633347266,12.117210633347266,12.117210633347266,233249.61096167564,233249.61096167564,233249.61096167564,233249.61096167564
1787420487033,1.0,7777777.0,7777777.0,7777777.0,7777777.0,0.0,0.0,0.0,0.0,5.904955755296556,5.904955755296556,5.904955755296556,5.904955755296556,233788.79429101944,233788.79429101944,233788.79429101944,233788.79429101944
1787420487102,2.0,273.70144325741876,273.70144325741876,273.70144325741876,273.70144325741876,12.463546321142273,12.463546321142273,12.463546321142273,12.463546321142273,6.4816911082015185,11.343418198885216,16.20514528956891,17.420577062239836,32066.288130086847,120747.02619197313,209427.7642538594,231597.94876933098
1787420487176,2.0,275.6001086554504,275.6001086554504,275.6001086554504,275.6001086554504,25.9694446875394,25.9694446875394,25.9694446875394,25.9694446875394,11.412465848794866,13.716812026345359,16.02115820389585,16.597244748283476,31767.76338689255,120570.47349086695,209373.18359484136,231573.86112083495
1787420487238,2.0,276.4043017611339,276.4043017611339,276.4043017611339,276.4043017611339,13.023624529993825,13.023624529993825,13.023624529993825,13.023624529993825,5.185170445470585,6.723860433048742,8.262550420626898,8.647222917521438,31630.554046671863,120465.14725259237,209299.74045851288,231508.38875999302
1787420487308,2.0,275.82155398462135,275.82155398462135,275.82155398462135,275.82155398462135,17.165232691707413,17.165232691707413,17.165232691707413,17.165232691707413,16.878493910906833,18.31796848688711,19.757443062867388,20.117311706862456,31556.130615601713,121100.71997335099,210645.3093311003,233031.4566705376
1787420487373,2.0,277.16845315340083,277.16845315340083,277.16845315340083,277.16845315340083,34.45330521544455,34.45330521544455,34.45330521544455,34.45330521544455,17.003143876762255,17.966348307171614,18.929552737580973,19.170353845183314,31040.54895504164,119533.79022881249,208027.03150258336,230150.34182102606
1787420487439,2.0,277.31531378578603,277.31531378578603,277.31531378578603,277.31531378578603,5.010645519692751,5.010645519692751,5.010645519692751,5.010645519692751,8.431987398938876,10.416097395385211,12.400207391831545,12.896234890943129,31089.418158757457,120252.9740697823,209416.52998080716,231707.41895856336
1787420487499,2.0,277.38631768803515,277.38631768803515,277.38631768803515,277.38631768803515,2.0244423848128483,2.0244423848128483,2.0244423848128483,2.0244423848128483,3.527573131446406,4.33729427636549,5.147015421284572,5.349445707514343,31097.736901270997,120487.36286004365,209876.98881881632,232224.39530850947
1787420487561,2.0,278.1835883184006,278.1835883184006,278.1835883184006,278.1835883184006,14.218164431221462,14.218164431221462,14.218164431221462,14.218164431221462,2.8406350980280175,8.013533649560841,13.186432201093664,14.47965683897687,30942.038246547527,119719.86484181182,208497.69143707614,230692.1480858922
1787420487624,2.0,278.4957580600571,278.4957580600571,278.4957580600571,278.4957580600571,5.5080349861639295,5.5080349861639295,5.5080349861639295,5.5080349861639295,1.1246512938334245,3.0180662274333288,4.911481161033233,5.384834894433209,30878.308103569972,119414.50247374736,207950.69684392476,230084.7454364691
1787420487689,2.0,277.26044870416723,277.26044870416723,277.26044870416723,277.26044870416723,40.74054545967982,40.74054545967982,40.74054545967982,40.74054545967982,14.579701627518874,20.382357075968574,26.185012524418273,27.635676386530697,30899.406017652273,120675.3405709673,210451.2751242823,232895.25876261108
1787420487753,2.0,274.7925229855171,274.7925229855171,274.7925229855171,274.7925229855171,72.46855042208759,72.46855042208759,72.46855042208759,72.46855042208759,18.32692387697343,37.834554738935175,57.342185600896926,62.21909331638736,30174.9972212811,120762.58110100636,211350.16498073164,233997.06095066294
1787420487812,2.0,273.8784775795939,273.8784775795939,273.8784775795939,273.8784775795939,29.40576136381561,29.40576136381561,29.40576136381561,29.40576136381561,7.500472360909571,15.384321195427948,23.268170029946326,25.23913223857592,29952.013722081996,120806.04650555993,211660.07928903788,234373.58748490736
1787420487876,2.0,273.6218614963021,273.6218614963021,273.6218614963021,273.6218614963021,40.43300959995195,40.43300959995195,40.43300959995195,40.43300959995195,11.85669331072483,27.58656527944394,43.31643724816305,47.24890524034282,29255.592716774718,120317.20535615273,211378.81799553076,234144.22115537524
1787420487939,2.0,273.8024543092721,273.8024543092721,273.8024543092721,273.8024543092721,18.43084563687862,18.43084563687862,18.43084563687862,18.43084563687862,12.215131664370034,19.542533667066365,26.869935669762697,28.70178617043678,28898.299432440475,119763.56164300628,210628.8238535721,233345.13940621354
1787420488002,2.0,273.89956825418614,273.89956825418614,273.89956825418614,273.89956825418614,5.941827196616683,5.941827196616683,5.941827196616683,5.941827196616683,4.26137621166795,6.6377194580984265,9.014062704528904,9.608148516136522,28809.243799062355,119571.55281099444,210333.86182292653,233024.43907590955
1787420488072,2.0,274.2389421618797,274.2389421618797,274.2389421618797,274.2389421618797,30.273321473244682,30.273321473244682,30.273321473244682,30.273321473244682,12.507683228721024,15.771774163288711,19.035865097856398,19.85188783149832,28647.789167407995,117448.6983632003,206249.6075589926,228449.83485794067
1787420488141,2.0,275.1093355545737,275.1093355545737,275.1093355545737,275.1093355545737,13.082037330966994,13.082037330966994,13.082037330966994,13.082037330966994,6.437627396798598,9.043386856191852,11.649146315585103,12.300586180433417,28780.416626913473,117836.8978024926,206893.37897807173,229157.49927196652
1787420488203,2.0,275.4390403198368,275.4390403198368,275.4390403198368,275.4390403198368,5.416021274806995,5.416021274806995,5.416021274806995,5.416021274806995,2.2233993302323665,3.518306219380399,4.813213108528432,5.1369398308154395,28863.35396161657,118056.71423885878,207250.074516101,229548.41458541155
1787420488269,2.0,277.03825241397317,277.03825241397317,277.03825241397317,277.03825241397317,24.313843356350425,24.313843356350425,24.313843356350425,24.313843356350425,11.430528406376903,13.935984761461125,16.441441116545345,17.0678052053164,28935.100304681902,117696.15544286417,206457.21058104644,228647.474365592
1787420488335,1.0,7777777.0,7777777.0,7777777.0,7777777.0,0.0,0.0,0.0,0.0,24.39572341820246,24.39572341820246,24.39572341820246,24.39572341820246,229823.80965257995,229823.80965257995,229823.80965257995,229823.80965257995
1787420488402,1.0,7777777.0,7777777.0,7777777.0,7777777.0,0.0,0.0,0.0,0.0,9.005789473729926,9.005789473729926,9.005789473729926,9.005789473729926,230174.73406138644,230174.73406138644,230174.73406138644,230174.73406138644
1787420488465,2.0,277.7736753228178,277.7736753228178,277.7736753228178,277.7736753228178,31.48971487328522,31.48971487328522,31.48971487328522,31.48971487328522,19.989854462657124,24.42177365561443,28.853692848571736,29.961672646811063,30085.771943310276,119375.4168605525,208665.06177779473,230987.4730071053
1787420488530,1.0,7777777.0,7777777.0,7777777.0,7777777.0,0.0,0.0,0.0,0.0,16.450358532756137,16.450358532756137,16.450358532756137,16.450358532756137,230801.35741753504,230801.35741753504,230801.35741753504,230801.35741753504
1787420488595,1.0,7777777.0,7777777.0,7777777.0,7777777.0,0.0,0.0,0.0,0.0,6.19818213645139,6.19818213645139,6.19818213645139,6.19818213645139,230638.6526055336,230638.6526055336,230638.6526055336,230638.6526055336
1787420488664,2.0,280.9273653454039,280.9273653454039,280.9273653454039,280.9273653454039,10.841800636572238,10.841800636572238,10.841800636572238,10.841800636572238,4.6430920816005505,7.3241662053011325,10.005240329001714,10.67550885992686,29831.67294161972,119029.56392658781,208227.45491155592,230526.92765779793
1787420488729,2.0,280.2753285176266,280.2753285176266,280.2753285176266,280.2753285176266,15.929646240076531,15.929646240076531,15.929646240076531,15.929646240076531,10.117069181854562,14.828400583792183,19.539731985729805,20.71756483621421,29618.016834735055,118339.94855118415,207061.88026763324,229242.36319674551
1787420488796,2.0,280.5054386761601,280.5054386761601,280.5054386761601,280.5054386761601,6.630986173917843,6.630986173917843,6.630986173917843,6.630986173917843,4.92108457241946,5.349871702224503,5.778658832029546,5.885855614480807,29557.033166485653,118148.70378060453,206740.37439472342,228888.29204825312
1787420488859,2.0,281.63353239427096,281.63353239427096,281.63353239427096,281.63353239427096,28.679104641149976,28.679104641149976,28.679104641149976,28.679104641149976,8.520599974298616,14.344830576922242,20.169061179545867,21.625118830201775,29523.691861423107,118449.10162368044,207374.51138593777,229605.8638265021
1787420488936,2.0,282.1600461110334,282.1600461110334,282.1600461110334,282.1600461110334,11.416157835526196,11.416157835526196,11.416157835526196,11.416157835526196,6.402843617286848,7.2237506179205955,8.044657618554343,8.24988436871278,29415.39859098941,118466.0133542195,207516.62811744958,229779.2818082571
1787420489020,2.0,282.4255154346974,282.4255154346974,282.4255154346974,282.4255154346974,4.761324841917574,4.761324841917574,4.761324841917574,4.761324841917574,2.2310297155206764,2.7701692116507997,3.309308707780923,3.4440935818134535,29354.865433018284,118435.06611757912,207515.26680213996,229785.31697328016
1787420489101,1.0,7777777.0,7777777.0,7777777.0,7777777.0,0.0,0.0,0.0,0.0,14.935909542339937,14.935909542339937,14.935909542339937,14.935909542339937,228370.73379549384,228370.73379549384,228370.73379549384,228370.73379549384
1787420489178,2.0,280.76342971736307,280.76342971736307,280.76342971736307,280.76342971736307,14.8189244833344,14.8189244833344,14.8189244833344,14.8189244833344,7.617639026110678,7.836490104971286,8.055341183831896,8.110053953547048,29145.279681255506,117735.20467400004,206325.1296667446,228472.6109149307
1787420489256,2.0,281.1710606804409,281.1710606804409,281.1710606804409,281.1710606804409,25.397578186362555,25.397578186362555,25.397578186362555,25.397578186362555,11.88818226422784,12.869986420367702,13.851790576507565,14.09724161554253,29341.59439884704,117706.30361664947,206071.01283445192,228162.19013890252
1787420489332,1.0,7777777.0,7777777.0,7777777.0,7777777.0,0.0,0.0,0.0,0.0,7.640564294793198,7.640564294793198,7.640564294793198,7.640564294793198,227900.4469818659,227900.4469818659,227900.4469818659,227900.4469818659
1787420489407,2.0,284.39476227516224,284.39476227516224,284.39476227516224,284.39476227516224,40.804006701377176,40.804006701377176,40.804006701377176,40.804006701377176,14.648650031794233,21.75064903012502,28.852648028455814,30.62814777803851,29309.356274855047,116320.6592276427,203331.96218043036,225084.78791862726
1787420489479,2.0,285.1709089217824,285.1709089217824,285.1709089217824,285.1709089217824,31.08408692509142,31.08408692509142,31.08408692509142,31.08408692509142,11.447897098082995,15.837862632745782,20.227828167408568,21.325319551074266,29335.687322261558,116283.19619001262,203230.7050577637,224967.58227470145
1787420489544,2.0,285.56559675062795,285.56559675062795,285.56559675062795,285.56559675062795,12.466160764395338,12.466160764395338,12.466160764395338,12.466160764395338,4.683406061450584,6.5395749636631315,8.39574386587568,8.859786091428816,29307.07273767174,116192.36256620719,203077.65239474265,224798.9748518765
1787420489618,2.0,284.1015579040247,284.1015579040247,284.1015579040247,284.1015579040247,26.502419335734015,26.502419335734015,26.502419335734015,26.502419335734015,7.80121361256937,17.22107258179556,26.64093155102175,28.9958962933283,29376.058616801212,116697.76210127887,204019.46558575655,225849.89145687595
1787420489850,2.0,285.5732925938364,285.5732925938364,285.5732925938364,285.5732925938364,7.35446010788385,7.35446010788385,7.35446010788385,7.35446010788385,2.5532903717567637,5.466199206626866,8.379108041496968,9.107335250214494,29348.66982720364,116146.31296087895,202943.95609455425,224643.36687797308
1787420489921,2.0,286.1752356501568,286.1752356501568,286.1752356501568,286.1752356501568,10.008241010678605,10.008241010678605,10.008241010678605,10.008241010678605,2.4131617525042537,6.389887551265486,10.366613350026718,11.360794799717025,29307.444272757417,115836.33779522823,202365.23131769904,223997.45469831675
1787420489992,2.0,284.31019829047534,284.31019829047534,284.31019829047534,284.31019829047534,26.57507755995132,26.57507755995132,26.57507755995132,26.57507755995132,8.2045488292384,17.188494581543686,26.17244033384897,28.418426771925294,29342.45497623561,115874.79406787222,202407.13315950884,224040.217932418
1787420490064,2.0,283.64381486215973,283.64381486215973,283.64381486215973,283.64381486215973,9.30504428380102,9.30504428380102,9.30504428380102,9.30504428380102,2.931595290711133,6.355972900543266,9.7803505103754,10.636444912833431,29331.103815633618,115816.72052342724,202302.33723122088,223923.74140816927
1787420490136,2.0,283.205208152635,283.205208152635,283.205208152635,283.205208152635,7.876191753104626,7.876191753104626,7.876191753104626,7.876191753104626,10.93327322030055,12.237864598764613,13.542455977228675,13.86860382184469,28853.29296511426,114505.9789749484,200158.66498478255,221571.8364872411
1787420490211,2.0,287.111277203448,287.111277203448,287.111277203448,287.111277203448,54.101450494316715,54.101450494316715,54.101450494316715,54.101450494316715,20.618033599783068,27.065531576490045,33.513029553197015,35.12490404737376,28588.49909941163,114661.07100507151,200733.6429107314,222251.78588714637
1787420490285,2.0,288.0669109364455,288.0669109364455,288.0669109364455,288.0669109364455,27.03655341608682,27.03655341608682,27.03655341608682,27.03655341608682,15.27821318147377,15.514308490490784,15.750403799507797,15.809427626762051,28436.64294119503,115177.75528007594,201918.86761895687,223604.1457036771
1787420490356,2.0,288.5219237546805,288.5219237546805,288.5219237546805,288.5219237546805,11.919029336387931,11.919029336387931,11.919029336387931,11.919029336387931,6.127577877829934,6.849784742017082,7.571991606204231,7.752543322251019,28374.715090052017,115435.34204102017,202495.9689919883,224261.12572973035
1787420490418,1.0,7777777.0,7777777.0,7777777.0,7777777.0,0.0,0.0,0.0,0.0,22.82963782545431,22.82963782545431,22.82963782545431,22.82963782545431,226353.16711420007,226353.16711420007,226353.16711420007,226353.16711420007
1787420490489,1.0,7777777.0,7777777.0,7777777.0,7777777.0,0.0,0.0,0.0,0.0,7.412593304323339,7.412593304323339,7.412593304323339,7.412593304323339,227226.1642065458,227226.1642065458,227226.1642065458,227226.1642065458
1787420490555,2.0,289.29042976218295,289.29042976218295,289.29042976218295,289.29042976218295,19.761185965657845,19.761185965657845,19.761185965657845,19.761185965657845,11.704512404118706,18.576505617179738,25.448498830240773,27.16649713350603,28910.120548180807,118504.31742375734,208098.51429933388,230497.063518228
1787420490616,2.0,289.1321752887888,289.1321752887888,289.1321752887888,289.1321752887888,2.9241232086328472,2.9241232086328472,2.9241232086328472,2.9241232086328472,7.751524149028455,8.67212236915293,9.592720589277404,9.822870144308522,28703.702375148983,118259.25968440995,207814.81699367092,230203.70632098615
1787420490678,1.0,7777777.0,7777777.0,7777777.0,7777777.0,0.0,0.0,0.0,0.0,9.160784859647022,9.160784859647022,9.160784859647022,9.160784859647022,231679.7928315308,231679.7928315308,231679.7928315308,231679.7928315308
1787420490746,1.0,7777777.0,7777777.0,7777777.0,7777777.0,0.0,0.0,0.0,0.0,15.732153897494193,15.732153897494193,15.732153897494193,15.732153897494193,233917.41883702576,233917.41883702576,233917.41883702576,233917.41883702576
1787420490814,2.0,289.70871733471154,289.70871733471154,289.70871733471154,289.70871733471154,15.639679853451476,15.639679853451476,15.639679853451476,15.639679853451476,5.479124934658192,10.756194017462533,16.033263100266872,17.35253037096796,28271.530668952153,117341.03845873673,206410.5462485213,228677.92319596745
1787420490876,2.0,289.99206188522635,289.99206188522635,289.99206188522635,289.99206188522635,6.185462411679415,6.185462411679415,6.185462411679415,6.185462411679415,3.7767206376227755,5.420809119992963,7.064897602363152,7.475919722955698,28037.295029444693,116404.17450479732,204771.05398014997,226862.77384898812
1787420490946,2.0,290.31688067869516,290.31688067869516,290.31688067869516,290.31688067869516,8.621322393878176,8.621322393878176,8.621322393878176,8.621322393878176,8.47345961576532,8.50051098353588,8.527562351306441,8.534325193249082,28275.6764447385,117331.50453076395,206387.3326167894,228651.28963829577
1787420491016,2.0,289.66943655705364,289.66943655705364,289.66943655705364,289.66943655705364,28.615006398444574,28.615006398444574,28.615006398444574,28.615006398444574,6.834837238363583,14.30755992368627,21.780282609008957,23.648463280339627,28415.423412284315,117245.45316765626,206075.4829230282,228282.9903618712
1787420491086,1.0,7777777.0,7777777.0,7777777.0,7777777.0,0.0,0.0,0.0,0.0,8.207832161523593,8.207832161523593,8.207832161523593,8.207832161523593,228522.72175270133,228522.72175270133,228522.72175270133,228522.72175270133
1787420491155,1.0,7777777.0,7777777.0,7777777.0,7777777.0,0.0,0.0,0.0,0.0,30.366214264020105,30.366214264020105,30.366214264020105,30.366214264020105,229932.63402609155,229932.63402609155,229932.63402609155,229932.63402609155
1787420491222,1.0,7777777.0,7777777.0,7777777.0,7777777.0,0.0,0.0,0.0,0.0,12.988267935799646,12.988267935799646,12.988267935799646,12.988267935799646,227822.96020343527,227822.96020343527,227822.96020343527,227822.96020343527
1787420491292,1.0,7777777.0,7777777.0,7777777.0,7777777.0,0.0,0.0,0.0,0.0,4.608157209840636,4.608157209840636,4.608157209840636,4.608157209840636,227041.89611785486,227041.89611785486,227041.89611785486,227041.89611785486
1787420491365,2.0,290.990935001955,290.990935001955,290.990935001955,290.990935001955,8.882795390441384,8.882795390441384,8.882795390441384,8.882795390441384,4.329634894402559,4.909874537109646,5.490114179816734,5.635174090493506,28756.22847674042,117105.73634100705,205455.2442052737,227542.62117134035
1787420491428,1.0,7777777.0,7777777.0,7777777.0,7777777.0,0.0,0.0,0.0,0.0,20.88768140184623,20.88768140184623,20.88768140184623,20.88768140184623,227053.78441825882,227053.78441825882,227053.78441825882,227053.78441825882
1787420491486,1.0,7777777.0,7777777.0,7777777.0,7777777.0,0.0,0.0,0.0,0.0,25.78013806923122,25.78013806923122,25.78013806923122,25.78013806923122,227805.02700392157,227805.02700392157,227805.02700392157,227805.02700392157
1787420491551,1.0,7777777.0,7777777.0,7777777.0,7777777.0,0.0,0.0,0.0,0.0,26.79103509384855,26.79103509384855,26.79103509384855,26.79103509384855,227498.5250258539,227498.5250258539,227498.5250258539,227498.5250258539
1787420491615,2.0,289.61860283741805,289.61860283741805,289.61860283741805,289.61860283741805,7.408307646869959,7.408307646869959,7.408307646869959,7.408307646869959,7.745755083044674,9.643485106806924,11.541215130569174,12.015647636509737,29004.17471539609,118017.72019702324,207031.2656786504,229284.6520490572
1787420491676,2.0,289.733285163048,289.733285163048,289.733285163048,289.733285163048,2.521830599767101,2.521830599767101,2.521830599767101,2.521830599767101,3.7611667994439095,4.17604593981614,4.59092508018837,4.694644865281428,29091.946064136573,118323.73808772594,207555.5301113153,229863.47811721265
1787420491739,2.0,289.2307585529,289.2307585529,289.2307585529,289.2307585529,9.957795369733331,9.957795369733331,9.957795369733331,9.957795369733331,4.80224342336075,5.506745927110199,6.211248430859647,6.387374056797009,29100.248928911766,118508.18141523405,207916.11390155635,230268.0970231369
1787420491807,1.0,7777777.0,7777777.0,7777777.0,7777777.0,0.0,0.0,0.0,0.0,17.733239193038138,17.733239193038138,17.733239193038138,17.733239193038138,229702.74138397537,229702.74138397537,229702.74138397537,229702.74138397537
1787420491871,1.0,7777777.0,7777777.0,7777777.0,7777777.0,0.0,0.0,0.0,0.0,21.220077253544776,21.220077253544776,21.220077253544776,21.220077253544776,228030.43469640613,228030.43469640613,228030.43469640613,228030.43469640613
1787420491933,2.0,285.0567217040744,285.0567217040744,285.0567217040744,285.0567217040744,21.01716382321772,21.01716382321772,21.01716382321772,21.01716382321772,13.491536189748393,16.32708570753828,19.16263522532817,19.87152260477564,27989.162444732527,116749.21430723835,205509.26616974417,227699.27913537063
1787420491997,1.0,7777777.0,7777777.0,7777777.0,7777777.0,0.0,0.0,0.0,0.0,7.847024445134799,7.847024445134799,7.847024445134799,7.847024445134799,227308.31087210588,227308.31087210588,227308.31087210588,227308.31087210588
1787420492057,1.0,7777777.0,7777777.0,7777777.0,7777777.0,0.0,0.0,0.0,0.0,3.301429238581589,3.301429238581589,3.301429238581589,3.301429238581589,227083.7026373148,227083.7026373148,227083.7026373148,227083.7026373148
1787420492121,1.0,7777777.0,7777777.0,7777777.0,7777777.0,0.0,0.0,0.0,0.0,28.3871005957841,28.3871005957841,28.3871005957841,28.3871005957841,227235.08694857731,227235.08694857731,227235.08694857731,227235.08694857731
1787420492186,1.0,7777777.0,7777777.0,7777777.0,7777777.0,0.0,0.0,0.0,0.0,18.18792406002499,18.18792406002499,18.18792406002499,18.18792406002499,227350.1887392588,227350.1887392588,227350.1887392588,227350.1887392588
1787420492255,1.0,7777777.0,7777777.0,7777777.0,7777777.0,0.0,0.0,0.0,0.0,10.392786537368709,10.392786537368709,10.392786537368709,10.392786537368709,225844.10824114457,225844.10824114457,225844.10824114457,225844.10824114457
1787420492323,1.0,7777777.0,7777777.0,7777777.0,7777777.0,0.0,0.0,0.0,0.0,7.7776586768348,7.7776586768348,7.7776586768348,7.7776586768348,226106.38612996042,226106.38612996042,226106.38612996042,226106.38612996042
1787420492398,1.0,7777777.0,7777777.0,7777777.0,7777777.0,0.0,0.0,0.0,0.0,11.240641106652998,11.240641106652998,11.240641106652998,11.240641106652998,226312.84130560234,226312.84130560234,226312.84130560234,226312.84130560234
1787420492471,1.0,7777777.0,7777777.0,7777777.0,7777777.0,0.0,0.0,0.0,0.0,4.37306184693997,4.37306184693997,4.37306184693997,4.37306184693997,226292.33037866652,226292.33037866652,226292.33037866652,226292.33037866652
1787420492540,2.0,278.78822413234764,278.78822413234764,278.78822413234764,278.78822413234764,20.392971961319347,20.392971961319347,20.392971961319347,20.392971961319347,12.083422150288053,13.167710383114997,14.25199861594194,14.523070674148675,28401.64477857342,116094.94556172518,203788.24634487694,225711.57154066488
1787420492606,2.0,276.43013007458455,276.43013007458455,276.43013007458455,276.43013007458455,38.2352509621081,38.2352509621081,38.2352509621081,38.2352509621081,11.931880328025043,26.380691734509565,40.82950314099409,44.44170599261522,28671.044444043422,116021.59726259415,203372.15008114488,225209.78828578256
1787420492675,2.0,272.83017953730973,272.83017953730973,272.83017953730973,272.83017953730973,66.97519559409919,66.97519559409919,66.97519559409919,66.97519559409919,14.98755585810683,34.56864756866066,54.14973927921449,59.04501220685294,29751.05929530496,117152.78134374367,204554.50339218238,226404.93390429206
1787420492738,2.0,272.8517450629186,272.8517450629186,272.8517450629186,272.8517450629186,31.13038981085963,31.13038981085963,31.13038981085963,31.13038981085963,12.807344185485167,18.989950606118555,25.17255702675194,26.718208631910286,30444.9493474019,117676.78015316429,204908.6109589267,226716.56866036728
1787420492801,2.0,275.07303829526546,275.07303829526546,275.07303829526546,275.07303829526546,35.458908089728965,35.458908089728965,35.458908089728965,35.458908089728965,8.373555421625369,17.91637857899265,27.459201736359926,29.844907525701746,30294.363745889208,117432.28261635709,204570.20148682498,226354.68120444193
1787420492869,2.0,275.9955332360388,275.9955332360388,275.9955332360388,275.9955332360388,13.71352820335872,13.71352820335872,13.71352820335872,13.71352820335872,3.083230077651426,6.938108282192031,10.792986486732635,11.756706037867787,30234.24224640394,117345.7428693521,204457.24349230027,226235.1186480373
1787420492935,2.0,280.1425912673051,280.1425912673051,280.1425912673051,280.1425912673051,65.77197211837803,65.77197211837803,65.77197211837803,65.77197211837803,28.57081426574881,34.74676717766706,40.92272008958531,42.46670831756487,29716.83119927044,117110.31097012921,204503.79074098798,226352.16068370268
1787420493001,2.0,281.03825020813304,281.03825020813304,281.03825020813304,281.03825020813304,37.73778262200371,37.73778262200371,37.73778262200371,37.73778262200371,23.63297967981714,28.514045244410674,33.39511080900421,34.615377200152594,28760.89322097185,115926.29087319574,203091.68852541965,224883.0379384756
1787420493062,1.0,7777777.0,7777777.0,7777777.0,7777777.0,0.0,0.0,0.0,0.0,11.770998792800038,11.770998792800038,11.770998792800038,11.770998792800038,226039.3620604761,226039.3620604761,226039.3620604761,226039.3620604761
1787420493126,1.0,7777777.0,7777777.0,7777777.0,7777777.0,0.0,0.0,0.0,0.0,4.064387663981422,4.064387663981422,4.064387663981422,4.064387663981422,225590.74072714336,225590.74072714336,225590.74072714336,225590.74072714336
1787420493188,2.0,280.7191200616856,280.7191200616856,280.7191200616856,280.7191200616856,8.841803297581137,8.841803297581137,8.841803297581137,8.841803297581137,10.15352313297521,13.449232649544655,16.7449421661141,17.56886954525646,28266.71241422624,116810.59910806699,205354.48580190775,227490.45747536793
1787420493257,2.0,280.56273118846394,280.56273118846394,280.56273118846394,280.56273118846394,2.356967626915707,2.356967626915707,2.356967626915707,2.356967626915707,4.710920903212886,5.252400402731476,5.793879902250068,5.929249777129716,28284.01515336726,117172.06178685743,206060.10842034762,228282.12007872015
1787420493328,2.0,285.4755766205396,285.4755766205396,285.4755766205396,285.4755766205396,107.254066502387,107.254066502387,107.254066502387,107.254066502387,51.27380883773203,67.90222871485494,84.53064859197785,88.68775356125857,29557.54752772446,117906.42003991618,206255.29255210792,228342.51068015583
1787420493396,2.0,283.28798214596316,283.28798214596316,283.28798214596316,283.28798214596316,60.46230085757565,60.46230085757565,60.46230085757565,60.46230085757565,19.767781927048276,33.40730048237796,47.04681903770765,50.45669867654007,28820.035290915916,118079.50816720456,207338.98104349323,229653.84926256537
1787420493465,1.0,7777777.0,7777777.0,7777777.0,7777777.0,0.0,0.0,0.0,0.0,16.90017955616364,16.90017955616364,16.90017955616364,16.90017955616364,226924.79363059625,226924.79363059625,226924.79363059625,226924.79363059625
1787420493537,2.0,282.43985899783695,282.43985899783695,282.43985899783695,282.43985899783695,20.90607373954926,20.90607373954926,20.90607373954926,20.90607373954926,13.022653750750777,13.368551343350557,13.714448935950339,13.800923334100283,28605.815385482856,116998.00617305667,205390.19696063048,227488.24465752393
1787420493606,2.0,283.9674506325161,283.9674506325161,283.9674506325161,283.9674506325161,28.449192437396505,28.449192437396505,28.449192437396505,28.449192437396505,7.27356040256346,16.69454011870903,26.115519834854595,28.470764763890987,28865.94391194291,117223.17002761865,205580.39614329438,227669.70267221332
1787420493675,2.0,284.50235021366973,284.50235021366973,284.50235021366973,284.50235021366973,10.16237605389615,10.16237605389615,10.16237605389615,10.16237605389615,2.5053186960488008,6.150053817116094,9.794788938183386,10.705972718450209,28943.0059031602,117275.51837126724,205608.0308393743,227691.15895640105
1787420493744,2.0,284.1807926137477,284.1807926137477,284.1807926137477,284.1807926137477,7.620521711194146,7.620521711194146,7.620521711194146,7.620521711194146,4.0315552059034605,5.880197654169008,7.728840102434556,8.191000714500943,29101.459799306445,117066.60889394104,205031.75798857564,227023.0452622343
1787420493811,2.0,284.6462335684139,284.6462335684139,284.6462335684139,284.6462335684139,27.973084255875225,27.973084255875225,27.973084255875225,27.973084255875225,12.603289448044455,14.014207381244901,15.425125314445346,15.777854797745457,29349.80516555971,117399.04312534584,205448.28108513198,227460.5905750785
1787420493875,2.0,283.4499270464015,283.4499270464015,283.4499270464015,283.4499270464015,19.02440914398193,19.02440914398193,19.02440914398193,19.02440914398193,4.648243072607399,11.463501795112455,18.278760517617513,19.982575198243776,29356.61646039931,117334.11993193708,205311.62340347486,227305.9992713593
1787420493940,2.0,283.153901619896,283.153901619896,283.153901619896,283.153901619896,32.1399894764823,32.1399894764823,32.1399894764823,32.1399894764823,17.345636497315493,17.767828005791635,18.190019514267778,18.295567391386815,29429.298715103607,117141.51326875109,204853.7278223986,226781.78146081045
1787420494005,2.0,281.8393704168137,281.8393704168137,281.8393704168137,281.8393704168137,26.264650989219746,26.264650989219746,26.264650989219746,26.264650989219746,10.93119973306002,17.758338570114944,24.58547740716987,26.292262116433598,29373.119134756504,116771.50864301599,204169.89815127547,226019.49552834034
1787420494068,2.0,281.4234381353828,281.4234381353828,281.4234381353828,281.4234381353828,8.857302231876806,8.857302231876806,8.857302231876806,8.857302231876806,4.514880586028594,7.017664663408208,9.520448740787822,10.146144760132726,29345.092095957327,116677.26650579832,204009.44091563934,225842.48451809958
1787420494131,2.0,280.77778832517697,280.77778832517697,280.77778832517697,280.77778832517697,19.977749354237698,19.977749354237698,19.977749354237698,19.977749354237698,9.80364185495326,11.261306256199466,12.718970657445674,13.083386757757225,29492.3383558441,118043.03210116364,206593.7258464832,228731.39928281307
1787420494195,2.0,281.7622316551664,281.7622316551664,281.7622316551664,281.7622316551664,20.055326739394097,20.055326739394097,20.055326739394097,20.055326739394097,16.197034382998165,16.704772277792305,17.212510172586445,17.339444646284978,29216.859100198468,117599.348630453,205981.83816070753,228077.46054327115
1787420494258,2.0,282.6549433526375,282.6549433526375,282.6549433526375,282.6549433526375,19.730154879595478,19.730154879595478,19.730154879595478,19.730154879595478,19.59136683179264,24.076050483396045,28.560734134999453,29.681905047900305,29592.749959934503,118106.53878221288,206620.32760449126,228748.77481006086
1787420494322,2.0,283.2417121301253,283.2417121301253,283.2417121301253,283.2417121301253,22.198080440134916,22.198080440134916,22.198080440134916,22.198080440134916,11.039664670963756,12.596009176625813,14.15235368228787,14.541439808703384,29680.04488932558,117675.23396108916,205670.42303285276,227669.22030079365
1787420494384,2.0,282.76229403085256,282.76229403085256,282.76229403085256,282.76229403085256,7.733971609714274,7.733971609714274,7.733971609714274,7.733971609714274,3.189000585271775,5.590117829615627,7.991235073959478,8.591514385045441,29779.668191525947,117752.63700496522,205725.6058184045,227718.8480217643
1787420494450,2.0,282.64137464566187,282.64137464566187,282.64137464566187,282.64137464566187,1.9318029522324272,1.9318029522324272,1.9318029522324272,1.9318029522324272,1.2956749467073283,2.068395224859362,2.8411155030113955,3.034295572549404,29806.42499994701,117793.1831140737,205779.94122820042,227776.63075673208
1787420494512,2.0,284.4560455291326,284.4560455291326,284.4560455291326,284.4560455291326,51.81902264393356,51.81902264393356,51.81902264393356,51.81902264393356,16.12377976774462,27.196834230099252,38.26988869245389,41.03815230804255,29718.37545370609,118297.38111136854,206876.386769031,229021.1381834466
1787420494581,1.0,7777777.0,7777777.0,7777777.0,7777777.0,0.0,0.0,0.0,0.0,25.260486115261525,25.260486115261525,25.260486115261525,25.260486115261525,227457.48942053318,227457.48942053318,227457.48942053318,227457.48942053318
1787420494651,1.0,7777777.0,7777777.0,7777777.0,7777777.0,0.0,0.0,0.0,0.0,18.516064626332795,18.516064626332795,18.516064626332795,18.516064626332795,227572.15093767084,227572.15093767084,227572.15093767084,227572.15093767084
1787420494720,1.0,7777777.0,7777777.0,7777777.0,7777777.0,0.0,0.0,0.0,0.0,26.329753356583097,26.329753356583097,26.329753356583097,26.329753356583097,227423.73114319146,227423.73114319146,227423.73114319146,227423.73114319146
1787420494791,1.0,7777777.0,7777777.0,7777777.0,7777777.0,0.0,0.0,0.0,0.0,15.137780252237684,15.137780252237684,15.137780252237684,15.137780252237684,226185.73465802707,226185.73465802707,226185.73465802707,226185.73465802707
1787420494863,1.0,7777777.0,7777777.0,7777777.0,7777777.0,0.0,0.0,0.0,0.0,5.665498307363801,5.665498307363801,5.665498307363801,5.665498307363801,225826.2335497141,225826.2335497141,225826.2335497141,225826.2335497141
1787420494932,1.0,7777777.0,7777777.0,7777777.0,7777777.0,0.0,0.0,0.0,0.0,14.691776508369523,14.691776508369523,14.691776508369523,14.691776508369523,227793.28030108474,227793.28030108474,227793.28030108474,227793.28030108474
1787420495003,1.0,7777777.0,7777777.0,7777777.0,7777777.0,0.0,0.0,0.0,0.0,21.805665632276366,21.805665632276366,21.805665632276366,21.805665632276366,225750.5461061597,225750.5461061597,225750.5461061597,225750.5461061597
1787420495072,1.0,7777777.0,7777777.0,7777777.0,7777777.0,0.0,0.0,0.0,0.0,8.52596315521013,8.52596315521013,8.52596315521013,8.52596315521013,224932.40426503122,224932.40426503122,224932.40426503122,224932.40426503122
1787420495147,2.0,285.81403779736024,285.81403779736024,285.81403779736024,285.81403779736024,14.818550183485666,14.818550183485666,14.818550183485666,14.818550183485666,7.278749170079887,7.683544011126291,8.088338852172695,8.189537562434296,29516.802496851098,117336.30105935899,205155.79962186687,227110.67426249385
1787420495213,2.0,285.53362869322166,285.53362869322166,285.53362869322166,285.53362869322166,8.304439454500287,8.304439454500287,8.304439454500287,8.304439454500287,9.527922238673195,12.697312040101519,15.866701841529842,16.659049291886923,29856.437240134834,118899.83556190087,207943.2338836669,230204.0834641084
1787420495279,2.0,285.3776875369748,285.3776875369748,285.3776875369748,285.3776875369748,3.5916448985892075,3.5916448985892075,3.5916448985892075,3.5916448985892075,3.0818908545584334,4.514398923174026,5.94690699178962,6.305034008943518,29962.74447336821,119450.03286386048,208937.32125435278,231309.14335197583
1787420495349,2.0,284.59904177957657,284.59904177957657,284.59904177957657,284.59904177957657,30.19612835873301,30.19612835873301,30.19612835873301,30.19612835873301,4.098318945973765,16.166365560320735,28.2344121746677,31.251423828254442,29650.511516610557,117873.33315477811,206096.1547929457,228151.86020248756
1787420495418,2.0,285.8772533209541,285.8772533209541,285.8772533209541,285.8772533209541,18.612364469828403,18.612364469828403,18.612364469828403,18.612364469828403,6.7966415665811155,9.326068902740628,11.855496238900141,12.48785307294002,29451.184109776703,117371.7717907459,205292.3594717151,227272.5063919574
1787420495479,2.0,286.37972887833655,286.37972887833655,286.37972887833655,286.37972887833655,8.244851468578624,8.244851468578624,8.244851468578624,8.244851468578624,3.2060132273153843,4.154104595899843,5.102195964484301,5.339218806630416,29370.691455450306,117178.29350950301,204985.89556355574,226937.7960770689
1787420495545,2.0,286.1122117991499,286.1122117991499,286.1122117991499,286.1122117991499,21.997290347100503,21.997290347100503,21.997290347100503,21.997290347100503,8.613472909024383,14.527428413352101,20.441383917679822,21.91987279376175,29722.911828601733,118193.17540586181,206663.4389831219,228781.0048774369
1787420495607,2.0,284.55834428894565,284.55834428894565,284.55834428894565,284.55834428894565,25.353800514637342,25.353800514637342,25.353800514637342,25.353800514637342,6.0934743490298935,13.182958588387697,20.2724428277455,22.04481388758495,29997.913214421576,119384.01564138813,208770.1180683547,231116.64367509633
1787420495672,2.0,283.9790696927999,283.9790696927999,283.9790696927999,283.9790696927999,9.045947321657795,9.045947321657795,9.045947321657795,9.045947321657795,2.26479907816704,4.8027447695742485,7.340690460981456,7.975176883833258,30092.691801131565,119801.7671239546,209510.84244677765,231938.1112774834
1787420495737,2.0,286.11077551512574,286.11077551512574,286.11077551512574,286.11077551512574,33.94310847019461,33.94310847019461,33.94310847019461,33.94310847019461,4.73236784489539,18.2949302157325,31.85749258656961,35.24813317927889,29960.046850252806,119373.49972567661,208786.9526011004,231140.31581995636
1787420495797,2.0,285.1833741385074,285.1833741385074,285.1833741385074,285.1833741385074,24.790565327201236,24.790565327201236,24.790565327201236,24.790565327201236,6.650888680725483,14.472639425134908,22.294390169544332,24.24982785564669,29796.93646608065,117955.2230444008,206113.50962272097,228153.081267301
1787420495859,2.0,284.8134910009741,284.8134910009741,284.8134910009741,284.8134910009741,9.37888923115173,9.37888923115173,9.37888923115173,9.37888923115173,2.6385920114218266,5.4537439118775115,8.268895812333199,8.972683787447119,29726.830713226533,117410.54612859373,205094.26154396095,227015.19039780274
1787420495917,2.0,284.2231689396654,284.2231689396654,284.2231689396654,284.2231689396654,14.345834288525289,14.345834288525289,14.345834288525289,14.345834288525289,6.070244517972576,11.794032982543271,17.51782144711397,18.948768563256642,29579.854182663934,117588.48984689452,205597.1255111251,227599.28442718275
1787420495979,2.0,283.99625215437004,283.99625215437004,283.99625215437004,283.99625215437004,5.1284174000423475,5.1284174000423475,5.1284174000423475,5.1284174000423475,2.071843849766778,4.120713573484431,6.1695832972020845,6.681800728131497,29527.975958524366,117664.82194850082,205801.66793847727,227835.87943597138
1787420496043,2.0,284.83349955158235,284.83349955158235,284.83349955158235,284.83349955158235,14.772633264928368,14.772633264928368,14.772633264928368,14.772633264928368,4.7347723811077875,8.116206058637157,11.497639736166528,12.342998155548871,29488.102007848443,117552.61377248191,205617.12553711538,227633.25347827375
1787420496107,2.0,285.5461698845853,285.5461698845853,285.5461698845853,285.5461698845853,15.890126844773024,15.890126844773024,15.890126844773024,15.890126844773024,4.270558293888989,10.598904607770118,16.927250921651247,18.50933750012153,29329.725699400762,116527.65726493788,203725.588830475,225525.07172185928
1787420496166,2.0,285.55625474166516,285.55625474166516,285.55625474166516,285.55625474166516,0.17540892788392912,0.17540892788392912,0.17540892788392912,0.17540892788392912,3.6112510161058275,3.6417064754779744,3.672161934850121,3.6797757996931577,29372.10971420738,116886.833373565,204401.5570329226,226280.237947762
1787420496228,2.0,286.8258869553561,286.8258869553561,286.8258869553561,286.8258869553561,29.138917394943455,29.138917394943455,29.138917394943455,29.138917394943455,4.91419368183474,14.880047381268088,24.845901080701438,27.337364505559773,29770.77993635838,118514.93536102609,207259.0907856938,229445.12964186072
1787420496293,2.0,287.1731849277229,287.1731849277229,287.1731849277229,287.1731849277229,5.883694793652944,5.883694793652944,5.883694793652944,5.883694793652944,2.3456654854544,4.667980513337664,6.990295541220927,7.570874298191743,29864.330353184745,118337.42480474501,206810.51925630527,228928.79286919534
1787420496355,2.0,287.2834536382175,287.2834536382175,287.2834536382175,287.2834536382175,2.0847354114028684,2.0847354114028684,2.0847354114028684,2.0847354114028684,1.113293761199453,1.9112538691845644,2.709213977169676,2.9087040041659535,29885.37378848046,118224.71021712571,206564.04664577098,228648.88075293228
1787420496417,2.0,285.27487404204237,285.27487404204237,285.27487404204237,285.27487404204237,36.623588906046415,36.623588906046415,36.623588906046415,36.623588906046415,5.779374783815519,20.385404889342357,34.991434994869195,38.6429425212509,29790.943659743854,118238.9450433338,206686.94642692377,228798.94677282125
1787420496486,2.0,284.78096987622536,284.78096987622536,284.78096987622536,284.78096987622536,17.32983842772648,17.32983842772648,17.32983842772648,17.32983842772648,3.974940065371834,8.672651396425891,13.370362727479947,14.544790560243461,29709.17022004349,118120.29930784262,206531.42839564176,228634.21066759154
1787420496555,2.0,286.02745369071647,286.02745369071647,286.02745369071647,286.02745369071647,24.093232451733225,24.093232451733225,24.093232451733225,24.093232451733225,7.043166350609967,12.290603679421078,17.53804100823219,18.849900340434967,29314.968323916408,116270.04906848085,203225.1298130453,224963.8999991864
1787420496624,2.0,284.53166579964994,284.53166579964994,284.53166579964994,284.53166579964994,28.218674607895228,28.218674607895228,28.218674607895228,28.218674607895228,7.487765277938809,18.707458812438652,29.9271523469385,32.73207573056346,29111.22104913185,115484.36335454241,201857.50565995296,223450.7912363056
1787420496684,1.0,7777777.0,7777777.0,7777777.0,7777777.0,0.0,0.0,0.0,0.0,51.18256459330863,51.18256459330863,51.18256459330863,51.18256459330863,232258.015594095,232258.015594095,232258.015594095,232258.015594095
1787420496746,1.0,7777777.0,7777777.0,7777777.0,7777777.0,0.0,0.0,0.0,0.0,10.676393615595064,10.676393615595064,10.676393615595064,10.676393615595064,234692.8288090974,234692.8288090974,234692.8288090974,234692.8288090974
1787420496814,1.0,7777777.0,7777777.0,7777777.0,7777777.0,0.0,0.0,0.0,0.0,44.49168386273648,44.49168386273648,44.49168386273648,44.49168386273648,222760.34011767805,222760.34011767805,222760.34011767805,222760.34011767805
1787420496879,1.0,7777777.0,7777777.0,7777777.0,7777777.0,0.0,0.0,0.0,0.0,97.03788429375548,97.03788429375548,97.03788429375548,97.03788429375548,215270.12784191966,215270.12784191966,215270.12784191966,215270.12784191966
1787420496942,1.0,7777777.0,7777777.0,7777777.0,7777777.0,0.0,0.0,0.0,0.0,99.40800536731017,99.40800536731017,99.40800536731017,99.40800536731017,215058.47725559026,215058.47725559026,215058.47725559026,215058.47725559026
1787420497009,1.0,7777777.0,7777777.0,7777777.0,7777777.0,0.0,0.0,0.0,0.0,195.12680836301533,195.12680836301533,195.12680836301533,195.12680836301533,220238.00499908254,220238.00499908254,220238.00499908254,220238.00499908254
1787420497073,1.0,7777777.0,7777777.0,7777777.0,7777777.0,0.0,0.0,0.0,0.0,53.95688477837188,53.95688477837188,53.95688477837188,53.95688477837188,216085.7752645947,216085.7752645947,216085.7752645947,216085.7752645947
1787420497136,1.0,7777777.0,7777777.0,7777777.0,7777777.0,0.0,0.0,0.0,0.0,20.75524602880246,20.75524602880246,20.75524602880246,20.75524602880246,215193.4045196958,215193.4045196958,215193.4045196958,215193.4045196958
1787420497200,1.0,7777777.0,7777777.0,7777777.0,7777777.0,0.0,0.0,0.0,0.0,97.52352962705957,97.52352962705957,97.52352962705957,97.52352962705957,225769.086400792,225769.086400792,225769.086400792,225769.086400792
1787420497268,1.0,7777777.0,7777777.0,7777777.0,7777777.0,0.0,0.0,0.0,0.0,101.21826154185942,101.21826154185942,101.21826154185942,101.21826154185942,226585.11884402484,226585.11884402484,226585.11884402484,226585.11884402484
1787420497336,1.0,7777777.0,7777777.0,7777777.0,7777777.0,0.0,0.0,0.0,0.0,9.059718474484697,9.059718474484697,9.059718474484697,9.059718474484697,230326.31026109308,230326.31026109308,230326.31026109308,230326.31026109308
1787420497394,1.0,7777777.0,7777777.0,7777777.0,7777777.0,0.0,0.0,0.0,0.0,77.49971555606395,77.49971555606395,77.49971555606395,77.49971555606395,231191.73640713096,231191.73640713096,231191.73640713096,231191.73640713096
1787420497457,1.0,7777777.0,7777777.0,7777777.0,7777777.0,0.0,0.0,0.0,0.0,25.750081100228847,25.750081100228847,25.750081100228847,25.750081100228847,232679.34755170718,232679.34755170718,232679.34755170718,232679.34755170718
1787420497544,1.0,7777777.0,7777777.0,7777777.0,7777777.0,0.0,0.0,0.0,0.0,7.4315612815006915,7.4315612815006915,7.4315612815006915,7.4315612815006915,233448.20004687645,233448.20004687645,233448.20004687645,233448.20004687645
1787420497642,1.0,7777777.0,7777777.0,7777777.0,7777777.0,0.0,0.0,0.0,0.0,43.443904232485345,43.443904232485345,43.443904232485345,43.443904232485345,234039.54957797006,234039.54957797006,234039.54957797006,234039.54957797006
1787420497758,1.0,7777777.0,7777777.0,7777777.0,7777777.0,0.0,0.0,0.0,0.0,37.283656518290194,37.283656518290194,37.283656518290194,37.283656518290194,236039.39305026457,236039.39305026457,236039.39305026457,236039.39305026457
1787420497846,1.0,7777777.0,7777777.0,7777777.0,7777777.0,0.0,0.0,0.0,0.0,9.56786538335738,9.56786538335738,9.56786538335738,9.56786538335738,236681.92973931693,236681.92973931693,236681.92973931693,236681.92973931693
1787420497932,1.0,7777777.0,7777777.0,7777777.0,7777777.0,0.0,0.0,0.0,0.0,27.861160985206837,27.861160985206837,27.861160985206837,27.861160985206837,237633.0709878169,237633.0709878169,237633.0709878169,237633.0709878169
1787420498024,1.0,7777777.0,7777777.0,7777777.0,7777777.0,0.0,0.0,0.0,0.0,9.323557148538724,9.323557148538724,9.323557148538724,9.323557148538724,238456.7357572168,238456.7357572168,238456.7357572168,238456.7357572168
1787420498106,1.0,7777777.0,7777777.0,7777777.0,7777777.0,0.0,0.0,0.0,0.0,20.73727938355567,20.73727938355567,20.73727938355567,20.73727938355567,239826.38282252476,239826.38282252476,239826.38282252476,239826.38282252476
1787420498181,1.0,7777777.0,7777777.0,7777777.0,7777777.0,0.0,0.0,0.0,0.0,9.845915973204589,9.845915973204589,9.845915973204589,9.845915973204589,241727.46293326467,241727.46293326467,241727.46293326467,241727.46293326467
1787420498244,1.0,7777777.0,7777777.0,7777777.0,7777777.0,0.0,0.0,0.0,0.0,3.9225875143740385,3.9225875143740385,3.9225875143740385,3.9225875143740385,242719.0863742903,242719.0863742903,242719.0863742903,242719.0863742903
1787420498310,1.0,7777777.0,7777777.0,7777777.0,7777777.0,0.0,0.0,0.0,0.0,8.949589531313375,8.949589531313375,8.949589531313375,8.949589531313375,248341.89927419648,248341.89927419648,248341.89927419648,248341.89927419648
1787420498379,1.0,7777777.0,7777777.0,7777777.0,7777777.0,0.0,0.0,0.0,0.0,12.439161649997232,12.439161649997232,12.439161649997232,12.439161649997232,249214.5601786282,249214.5601786282,249214.5601786282,249214.5601786282
1787420498451,1.0,7777777.0,7777777.0,7777777.0,7777777.0,0.0,0.0,0.0,0.0,4.274240238697036,4.274240238697036,4.274240238697036,4.274240238697036,249617.3363980502,249617.3363980502,249617.3363980502,249617.3363980502
1787420498518,1.0,7777777.0,7777777.0,7777777.0,7777777.0,0.0,0.0,0.0,0.0,36.82838384245878,36.82838384245878,36.82838384245878,36.82838384245878,242524.53384920955,242524.53384920955,242524.53384920955,242524.53384920955
1787420498586,1.0,7777777.0,7777777.0,7777777.0,7777777.0,0.0,0.0,0.0,0.0,10.391252885656987,10.391252885656987,10.391252885656987,10.391252885656987,247226.41945611686,247226.41945611686,247226.41945611686,247226.41945611686
1787420498650,1.0,7777777.0,7777777.0,7777777.0,7777777.0,0.0,0.0,0.0,0.0,3.949437233391262,3.949437233391262,3.949437233391262,3.949437233391262,248984.25730874576,248984.25730874576,248984.25730874576,248984.25730874576
1787420498713,1.0,7777777.0,7777777.0,7777777.0,7777777.0,0.0,0.0,0.0,0.0,16.805738950912524,16.805738950912524,16.805738950912524,16.805738950912524,246945.75956988148,246945.75956988148,246945.75956988148,246945.75956988148
1787420498810,1.0,7777777.0,7777777.0,7777777.0,7777777.0,0.0,0.0,0.0,0.0,8.768854961054668,8.768854961054668,8.768854961054668,8.768854961054668,240533.6026813276,240533.6026813276,240533.6026813276,240533.6026813276
1787420498928,1.0,7777777.0,7777777.0,7777777.0,7777777.0,0.0,0.0,0.0,0.0,16.832712438102536,16.832712438102536,16.832712438102536,16.832712438102536,238453.16736018285,238453.16736018285,238453.16736018285,238453.16736018285
1787420499041,1.0,7777777.0,7777777.0,7777777.0,7777777.0,0.0,0.0,0.0,0.0,25.02117824964604,25.02117824964604,25.02117824964604,25.02117824964604,241538.95072882622,241538.95072882622,241538.95072882622,241538.95072882622
1787420499127,1.0,7777777.0,7777777.0,7777777.0,7777777.0,0.0,0.0,0.0,0.0,12.364824248382593,12.364824248382593,12.364824248382593,12.364824248382593,242905.28277370334,242905.28277370334,242905.28277370334,242905.28277370334
1787420499207,1.0,7777777.0,7777777.0,7777777.0,7777777.0,0.0,0.0,0.0,0.0,10.418497698765805,10.418497698765805,10.418497698765805,10.418497698765805,243502.06236213446,243502.06236213446,243502.06236213446,243502.06236213446
1787420499323,1.0,7777777.0,7777777.0,7777777.0,7777777.0,0.0,0.0,0.0,0.0,11.063538939984424,11.063538939984424,11.063538939984424,11.063538939984424,245983.26690176316,245983.26690176316,245983.26690176316,245983.26690176316
1787420499438,1.0,7777777.0,7777777.0,7777777.0,7777777.0,0.0,0.0,0.0,0.0,5.254693108870875,5.254693108870875,5.254693108870875,5.254693108870875,244679.28150884807,244679.28150884807,244679.28150884807,244679.28150884807
1787420499540,1.0,7777777.0,7777777.0,7777777.0,7777777.0,0.0,0.0,0.0,0.0,14.342391565079819,14.342391565079819,14.342391565079819,14.342391565079819,246869.859797962,246869.859797962,246869.859797962,246869.859797962
1787420499644,1.0,7777777.0,7777777.0,7777777.0,7777777.0,0.0,0.0,0.0,0.0,2.6206224082188116,2.6206224082188116,2.6206224082188116,2.6206224082188116,245484.7240257077,245484.7240257077,245484.7240257077,245484.7240257077
1787420499742,1.0,7777777.0,7777777.0,7777777.0,7777777.0,0.0,0.0,0.0,0.0,1.086704434473332,1.086704434473332,1.086704434473332,1.086704434473332,245069.02272176743,245069.02272176743,245069.02272176743,245069.02272176743
1787420499842,1.0,7777777.0,7777777.0,7777777.0,7777777.0,0.0,0.0,0.0,0.0,4.550749398496598,4.550749398496598,4.550749398496598,4.550749398496598,245147.524122281,245147.524122281,245147.524122281,245147.524122281
1787420499956,1.0,7777777.0,7777777.0,7777777.0,7777777.0,0.0,0.0,0.0,0.0,5.726435034561832,5.726435034561832,5.726435034561832,5.726435034561832,245069.6182230115,245069.6182230115,245069.6182230115,245069.6182230115
